date,open,high,low,close,volume
2008-03-03,28.489999771118164,41.540000915527344,28.489999771118164,35.7599983215332,0
2008-03-04,38.08000183105469,51.06999969482422,30.59000015258789,38.08000183105469,0
2008-03-05,38.08000183105469,38.7599983215332,27.950000762939453,35.5099983215332,0
2008-03-07,36.95000076293945,39.34000015258789,27.049999237060547,35.20000076293945,0
2008-03-10,25.329999923706055,47.95000076293945,25.329999923706055,32.58000183105469,0
2008-03-11,30.719999313354492,37.540000915527344,29.75,32.689998626708984,0
2008-03-12,31.190000534057617,34.060001373291016,24.059999465942383,32.36000061035156,0
2008-03-13,37.83000183105469,37.83000183105469,25.280000686645508,34.150001525878906,0
2008-03-14,36.31999969482422,37.81999969482422,29.06999969482422,31.110000610351562,0
2008-03-17,33.45000076293945,38.54999923706055,28.229999542236328,33.43000030517578,0
2008-03-18,31.780000686645508,49.029998779296875,31.780000686645508,37.84000015258789,0
2008-03-19,37.84000015258789,41.84000015258789,30.040000915527344,35.4900016784668,0
2008-03-24,35.4900016784668,39.040000915527344,29.6299991607666,35.209999084472656,0
2008-03-25,35.209999084472656,36.02000045776367,30.459999084472656,33.29999923706055,0
2008-03-26,33.29999923706055,45.810001373291016,28.079999923706055,37.18000030517578,0
2008-03-27,37.18000030517578,39.40999984741211,27.399999618530273,37.279998779296875,0
2008-03-28,46.150001525878906,46.150001525878906,28.43000030517578,33.06999969482422,0
2008-03-31,33.06999969482422,37.91999816894531,28.56999969482422,35.13999938964844,0
2008-04-01,31.239999771118164,38.380001068115234,28.59000015258789,35.099998474121094,0
2008-04-02,35.099998474121094,38.40999984741211,27.6299991607666,33.619998931884766,0
2008-04-03,33.619998931884766,37.22999954223633,30.280000686645508,36.68000030517578,0
2008-04-04,36.68000030517578,37.22999954223633,30.329999923706055,36.93000030517578,0
2008-04-07,36.93000030517578,36.93000030517578,22.489999771118164,30.989999771118164,0
2008-04-08,30.989999771118164,33.709999084472656,26.770000457763672,31.399999618530273,0
2008-04-09,31.399999618530273,39.36000061035156,28.3700008392334,38.2400016784668,0
2008-04-10,38.2400016784668,38.2400016784668,28.450000762939453,30.520000457763672,0
2008-04-11,30.520000457763672,34.7599983215332,21.34000015258789,33.83000183105469,0
2008-04-15,23.969999313354492,42.41999816894531,23.969999313354492,30.229999542236328,0
2008-04-16,30.229999542236328,31.8700008392334,24.010000228881836,27.940000534057617,0
2008-04-17,27.100000381469727,27.100000381469727,27.100000381469727,27.100000381469727,0
2008-04-21,27.100000381469727,27.100000381469727,27.100000381469727,27.100000381469727,0
2008-04-22,39.619998931884766,39.619998931884766,39.619998931884766,39.619998931884766,0
2008-04-23,32.369998931884766,32.369998931884766,32.369998931884766,32.369998931884766,0
2008-04-24,28.729999542236328,28.729999542236328,28.729999542236328,28.729999542236328,0
2008-04-25,27.399999618530273,27.399999618530273,27.399999618530273,27.399999618530273,0
2008-04-28,27.6200008392334,27.6200008392334,27.6200008392334,27.6200008392334,0
2008-04-29,27.6200008392334,27.6200008392334,25.56999969482422,26.15999984741211,0
2008-04-30,26.15999984741211,26.15999984741211,22.489999771118164,26.15999984741211,0
2008-05-02,25.15999984741211,26.020000457763672,22.43000030517578,24.209999084472656,0
2008-05-05,24.209999084472656,26.90999984741211,19.950000762939453,25.06999969482422,0
2008-05-06,25.06999969482422,28.5,23.059999465942383,24.90999984741211,0
2008-05-07,24.90999984741211,30.18000030517578,22.200000762939453,25.059999465942383,0
2008-05-08,25.059999465942383,27.25,23.639999389648438,25.940000534057617,0
2008-05-09,25.940000534057617,30.809999465942383,23.3799991607666,27.530000686645508,0
2008-05-12,27.530000686645508,32.11000061035156,19.059999465942383,31.5,0
2008-05-13,31.5,33.529998779296875,26.09000015258789,33.43000030517578,0
2008-05-14,33.43000030517578,33.43000030517578,24.790000915527344,29.219999313354492,0
2008-05-15,29.219999313354492,30.079999923706055,15.850000381469727,29.020000457763672,0
2008-05-16,29.020000457763672,30.75,22.3799991607666,23.25,0
2008-05-20,28.670000076293945,28.670000076293945,11.739999771118164,24.989999771118164,0
2008-05-21,30.530000686645508,30.530000686645508,8.739999771118164,27.860000610351562,0
2008-05-22,27.860000610351562,35.790000915527344,24.1299991607666,34.86000061035156,0
2008-05-23,34.86000061035156,40.0099983215332,24.729999542236328,34.029998779296875,0
2008-05-26,34.029998779296875,34.029998779296875,25.06999969482422,33.0099983215332,0
2008-05-27,33.0099983215332,34.150001525878906,25.600000381469727,28.59000015258789,0
2008-05-28,28.59000015258789,41.619998931884766,23.559999465942383,32.630001068115234,0
2008-05-29,32.630001068115234,38.439998626708984,25.670000076293945,28.079999923706055,0
2008-05-30,28.079999923706055,35.470001220703125,26.59000015258789,26.68000030517578,0
2008-06-02,26.68000030517578,29.489999771118164,25.020000457763672,29.489999771118164,0
2008-06-03,42.68000030517578,42.68000030517578,27.100000381469727,28.489999771118164,0
2008-06-04,28.489999771118164,32.66999816894531,26.170000076293945,29.81999969482422,0
2008-06-05,29.81999969482422,38.790000915527344,25.309999465942383,30.31999969482422,0
2008-06-09,32.869998931884766,35.290000915527344,19.360000610351562,32.43000030517578,0
2008-06-10,25.989999771118164,33.22999954223633,25.290000915527344,30.229999542236328,0
2008-06-11,19.530000686645508,39.11000061035156,19.530000686645508,29.639999389648438,0
2008-06-12,29.639999389648438,37.36000061035156,27.8700008392334,29.229999542236328,0
2008-06-13,31.40999984741211,41.18000030517578,16.719999313354492,30.700000762939453,0
2008-06-16,14.470000267028809,38.63999938964844,14.470000267028809,29.020000457763672,0
2008-06-17,30.700000762939453,37.79999923706055,13.770000457763672,28.959999084472656,0
2008-06-18,24.760000228881836,34.439998626708984,22.280000686645508,31.81999969482422,0
2008-06-19,31.81999969482422,44.29999923706055,31.610000610351562,32.31999969482422,0
2008-06-20,32.31999969482422,57.849998474121094,22.459999084472656,28.190000534057617,0
2008-06-23,28.190000534057617,48.20000076293945,28.190000534057617,31.1200008392334,0
2008-06-24,31.1200008392334,67.5199966430664,29.950000762939453,34.04999923706055,0
2008-06-25,34.04999923706055,53.15999984741211,33.130001068115234,36.459999084472656,0
2008-06-26,36.459999084472656,47.709999084472656,31.709999084472656,32.849998474121094,0
2008-06-27,32.849998474121094,62.029998779296875,31.649999618530273,32.20000076293945,0
2008-06-30,32.20000076293945,64.38999938964844,30.81999969482422,30.959999084472656,0
2008-07-01,30.959999084472656,56.63999938964844,30.959999084472656,31.420000076293945,0
2008-07-02,31.420000076293945,56.209999084472656,31.420000076293945,35.380001068115234,0
2008-07-03,35.380001068115234,59.810001373291016,33.81999969482422,36.2599983215332,0
2008-07-04,36.2599983215332,57.7599983215332,35.040000915527344,35.66999816894531,0
2008-07-07,35.66999816894531,37.310001373291016,32.09000015258789,37.290000915527344,0
2008-07-08,37.290000915527344,49.15999984741211,32.77000045776367,36.040000915527344,0
2008-07-09,36.040000915527344,77.68000030517578,30.270000457763672,34.27000045776367,0
2008-07-10,34.27000045776367,40.4900016784668,28.690000534057617,32.16999816894531,0
2008-07-11,32.16999816894531,36.61000061035156,29.829999923706055,33.0099983215332,0
2008-07-14,38.47999954223633,55.709999084472656,30.610000610351562,31.510000228881836,0
2008-07-15,31.510000228881836,49.79999923706055,24.350000381469727,49.77000045776367,0
2008-07-16,40.0099983215332,54.880001068115234,30.65999984741211,31.100000381469727,0
2008-07-17,34.93000030517578,53.59000015258789,25.420000076293945,35.34000015258789,0
2008-07-18,35.34000015258789,45.5099983215332,25.34000015258789,36.25,0
2008-07-21,36.619998931884766,49.810001373291016,31.989999771118164,40.47999954223633,0
2008-07-22,35.77000045776367,48.84000015258789,34.04999923706055,35.54999923706055,0
2008-07-23,35.54999923706055,37.81999969482422,10.15999984741211,37.77000045776367,0
2008-07-24,39.83000183105469,51.650001525878906,29.34000015258789,40.290000915527344,0
2008-07-25,40.290000915527344,52.0099983215332,29.190000534057617,42.290000915527344,0
2008-07-28,42.290000915527344,55.20000076293945,33.540000915527344,54.060001373291016,0
2008-07-29,54.060001373291016,63.220001220703125,32.290000915527344,61.72999954223633,0
2008-07-30,61.72999954223633,61.72999954223633,34.689998626708984,51.720001220703125,0
2008-07-31,41.689998626708984,53.9900016784668,37.900001525878906,39.060001373291016,0
2008-08-01,40.2599983215332,41.93000030517578,35.099998474121094,38.4900016784668,0
2008-08-04,38.4900016784668,44.93000030517578,31.729999542236328,40.2400016784668,0
2008-08-05,40.2400016784668,40.619998931884766,33.15999984741211,35.65999984741211,0
2008-08-06,35.65999984741211,42.06999969482422,31.670000076293945,34.91999816894531,0
2008-08-07,34.91999816894531,45.529998779296875,27.280000686645508,35.66999816894531,0
2008-08-08,29.829999923706055,41.599998474121094,29.829999923706055,35.13999938964844,0
2008-08-11,21.6200008392334,37.650001525878906,21.6200008392334,31.3700008392334,0
2008-08-12,27.18000030517578,42.5099983215332,27.18000030517578,33.88999938964844,0
2008-08-13,19.510000228881836,48.02000045776367,18.959999084472656,34.7599983215332,0
2008-08-14,31.920000076293945,47.65999984741211,27.56999969482422,35.2400016784668,0
2008-08-19,29.549999237060547,61.9900016784668,27.049999237060547,34.91999816894531,0
2008-08-20,36.11000061035156,37.029998779296875,11.100000381469727,33.95000076293945,0
2008-08-21,33.95000076293945,73.22000122070312,32.439998626708984,36.54999923706055,0
2008-08-22,36.54999923706055,79.7699966430664,32.560001373291016,35.7599983215332,0
2008-08-25,35.7599983215332,45.56999969482422,33.349998474121094,45.11000061035156,0
2008-08-26,45.11000061035156,45.2599983215332,28.559999465942383,33.900001525878906,0
2008-08-27,33.900001525878906,76.5199966430664,31.760000228881836,32.79999923706055,0
2008-08-28,32.79999923706055,73.29000091552734,28.389999389648438,33.310001373291016,0
2008-08-29,28.200000762939453,33.310001373291016,28.200000762939453,31.670000076293945,0
2008-09-01,49.70000076293945,49.70000076293945,29.469999313354492,31.280000686645508,0
2008-09-02,42.5099983215332,42.5099983215332,24.700000762939453,30.450000762939453,0
2008-09-04,23.59000015258789,32.7599983215332,23.59000015258789,31.229999542236328,0
2008-09-05,30.709999084472656,57.88999938964844,28.639999389648438,32.650001525878906,0
2008-09-08,38.27000045776367,56.189998626708984,28.860000610351562,30.770000457763672,0
2008-09-09,40.439998626708984,40.439998626708984,27.43000030517578,30.360000610351562,0
2008-09-10,30.09000015258789,33.790000915527344,26.34000015258789,32.119998931884766,0
2008-09-11,30.299999237060547,37.560001373291016,28.399999618530273,32.72999954223633,0
2008-09-12,32.72999954223633,58.11000061035156,27.510000228881836,30.43000030517578,0
2008-09-15,39.7599983215332,63.31999969482422,32.20000076293945,33.119998931884766,0
2008-09-16,53.619998931884766,53.619998931884766,33.119998931884766,34.900001525878906,0
2008-09-17,33.27000045776367,66.08999633789062,30.610000610351562,33.9900016784668,0
2008-09-18,54.290000915527344,68.33000183105469,29.8799991607666,39.560001373291016,0
2008-09-19,39.560001373291016,50.08000183105469,38.08000183105469,39.119998931884766,0
2008-09-22,39.119998931884766,49.68000030517578,36.08000183105469,37.970001220703125,0
2008-09-23,42.439998626708984,53.83000183105469,36.58000183105469,38.7400016784668,0
2008-09-24,41.380001068115234,49.970001220703125,34.43000030517578,35.61000061035156,0
2008-09-25,36.130001068115234,40.68000030517578,32.209999084472656,34.09000015258789,0
2008-09-26,33.97999954223633,35.27000045776367,33.599998474121094,33.959999084472656,0
2008-09-29,37.84000015258789,37.84000015258789,32.2599983215332,34.900001525878906,0
2008-09-30,51.4900016784668,51.4900016784668,34.900001525878906,37.189998626708984,0
2008-10-01,37.189998626708984,37.189998626708984,34.97999954223633,35.540000915527344,0
2008-10-03,40.220001220703125,40.220001220703125,33.7599983215332,35.099998474121094,0
2008-10-06,44.11000061035156,44.790000915527344,32.380001068115234,33.75,0
2008-10-07,48.08000183105469,48.08000183105469,33.75,39.29999923706055,0
2008-10-08,30.229999542236328,52.689998626708984,30.229999542236328,39.33000183105469,0
2008-10-10,39.33000183105469,39.33000183105469,39.33000183105469,39.33000183105469,0
2008-10-13,40.81999969482422,57.779998779296875,40.81999969482422,46.4900016784668,0
2008-10-14,46.4900016784668,46.4900016784668,46.4900016784668,46.4900016784668,0
2008-10-15,36.68000030517578,46.47999954223633,36.68000030517578,46.06999969482422,0
2008-10-16,32.029998779296875,54.779998779296875,32.029998779296875,47.810001373291016,0
2008-10-17,30.389999389648438,50.09000015258789,30.389999389648438,46.720001220703125,0
2008-10-20,46.720001220703125,74.80000305175781,39.04999923706055,57.130001068115234,0
2008-10-21,47.2400016784668,57.790000915527344,47.2400016784668,56.0,0
2008-10-22,56.0,74.12999725341797,30.690000534057617,54.75,0
2008-10-23,54.75,66.70999908447266,31.469999313354492,54.970001220703125,0
2008-10-24,54.970001220703125,82.58999633789062,45.5,45.5,0
2008-10-27,87.05000305175781,90.0199966430664,56.119998931884766,67.5,0
2008-10-29,63.06999969482422,79.94999694824219,63.06999969482422,68.3499984741211,0
2008-10-31,68.3499984741211,68.3499984741211,68.3499984741211,68.3499984741211,0
2008-11-03,88.68000030517578,88.68000030517578,60.150001525878906,67.83999633789062,0
2008-11-04,58.650001525878906,84.51000213623047,58.650001525878906,62.150001525878906,0
2008-11-05,47.15999984741211,68.80000305175781,47.15999984741211,66.75,0
2008-11-06,62.150001525878906,62.150001525878906,62.150001525878906,62.150001525878906,0
2008-11-07,69.26000213623047,72.37000274658203,62.75,67.22000122070312,0
2008-11-10,59.08000183105469,67.05000305175781,57.900001525878906,63.7599983215332,0
2008-11-11,62.400001525878906,66.98999786376953,62.400001525878906,66.98999786376953,0
2008-11-12,62.970001220703125,74.36000061035156,57.70000076293945,70.62000274658203,0
2008-11-14,65.54000091552734,92.52999877929688,55.22999954223633,70.08000183105469,0
2008-11-17,61.43000030517578,91.77999877929688,58.869998931884766,85.12999725341797,0
2008-11-18,63.56999969482422,77.33000183105469,63.45000076293945,64.66000366210938,0
2008-11-19,59.310001373291016,79.4000015258789,54.279998779296875,60.84000015258789,0
2008-11-20,60.84000015258789,70.81999969482422,60.84000015258789,65.55000305175781,0
2008-11-21,65.55000305175781,90.12000274658203,61.31999969482422,64.45999908447266,0
2008-11-24,62.810001373291016,62.810001373291016,62.810001373291016,62.810001373291016,0
2008-11-25,59.150001525878906,62.59000015258789,59.150001525878906,59.560001373291016,0
2008-11-26,59.560001373291016,78.5999984741211,55.47999954223633,56.209999084472656,0
2008-11-28,56.209999084472656,62.54999923706055,52.9900016784668,57.439998626708984,0
2008-12-01,57.439998626708984,57.439998626708984,50.529998779296875,55.2599983215332,0
2008-12-02,55.2599983215332,55.2599983215332,51.869998931884766,54.29999923706055,0
2008-12-03,54.29999923706055,57.029998779296875,51.15999984741211,54.65999984741211,0
2008-12-04,48.459999084472656,55.220001220703125,48.459999084472656,51.84000015258789,0
2008-12-05,51.84000015258789,56.11000061035156,47.439998626708984,52.04999923706055,0
2008-12-08,52.04999923706055,56.09000015258789,44.90999984741211,50.279998779296875,0
2008-12-10,47.2400016784668,53.560001373291016,47.2400016784668,50.36000061035156,0
2008-12-11,45.630001068115234,51.959999084472656,44.43000030517578,51.75,0
2008-12-12,51.75,65.16000366210938,48.13999938964844,49.43000030517578,0
2008-12-15,47.849998474121094,52.65999984741211,47.849998474121094,48.099998474121094,0
2008-12-16,48.099998474121094,49.220001220703125,44.90999984741211,44.90999984741211,0
2008-12-17,44.90999984741211,63.02000045776367,44.90999984741211,44.90999984741211,0
2008-12-18,49.970001220703125,62.91999816894531,41.439998626708984,45.4900016784668,0
2008-12-19,48.099998474121094,49.220001220703125,44.90999984741211,44.90999984741211,0
2008-12-22,38.4900016784668,51.9900016784668,36.97999954223633,41.459999084472656,0
2008-12-23,41.459999084472656,60.599998474121094,41.459999084472656,45.70000076293945,0
2008-12-24,45.70000076293945,53.5099983215332,41.75,41.790000915527344,0
2008-12-26,41.790000915527344,46.52000045776367,41.4900016784668,45.15999984741211,0
2008-12-29,45.15999984741211,46.400001525878906,43.79999923706055,43.88999938964844,0
2008-12-30,42.86000061035156,44.95000076293945,42.369998931884766,42.5099983215332,0
2008-12-31,42.5099983215332,44.119998931884766,42.5099983215332,43.09000015258789,0
2009-01-02,39.439998626708984,42.0099983215332,39.439998626708984,40.66999816894531,0
2009-01-05,37.349998474121094,41.75,37.09000015258789,38.599998474121094,0
2009-01-06,39.18000030517578,40.790000915527344,35.61000061035156,38.72999954223633,0
2009-01-07,39.279998779296875,46.65999984741211,32.709999084472656,44.36000061035156,0
2009-01-09,40.84000015258789,49.68000030517578,40.84000015258789,47.81999969482422,0
2009-01-12,47.81999969482422,47.81999969482422,47.81999969482422,47.81999969482422,0
2009-01-13,44.70000076293945,54.0099983215332,42.68000030517578,53.470001220703125,0
2009-01-14,53.470001220703125,53.470001220703125,53.470001220703125,53.470001220703125,0
2009-01-15,44.41999816894531,48.2599983215332,44.41999816894531,45.16999816894531,0
2009-01-16,42.61000061035156,45.029998779296875,42.61000061035156,44.29999923706055,0
2009-01-19,45.709999084472656,45.709999084472656,44.290000915527344,44.459999084472656,0
2009-01-20,45.52000045776367,45.810001373291016,44.880001068115234,45.0,0
2009-01-21,45.0,46.20000076293945,43.34000015258789,45.40999984741211,0
2009-01-22,46.540000915527344,53.09000015258789,38.13999938964844,45.54999923706055,0
2009-01-23,45.54999923706055,47.47999954223633,30.950000762939453,34.0099983215332,0
2009-01-27,44.95000076293945,44.95000076293945,41.810001373291016,42.86000061035156,0
2009-01-28,42.86000061035156,42.86000061035156,40.650001525878906,40.7599983215332,0
2009-01-29,40.7599983215332,45.61000061035156,40.33000183105469,43.11000061035156,0
2009-01-30,43.11000061035156,47.2400016784668,41.66999816894531,42.099998474121094,0
2009-02-02,41.83000183105469,59.540000915527344,41.83000183105469,43.689998626708984,0
2009-02-03,43.79999923706055,49.869998931884766,39.4900016784668,49.2400016784668,0
2009-02-04,38.9900016784668,46.279998779296875,38.9900016784668,44.38999938964844,0
2009-02-05,40.20000076293945,57.779998779296875,40.20000076293945,43.91999816894531,0
2009-02-06,38.400001525878906,51.02000045776367,38.400001525878906,50.650001525878906,0
2009-02-09,37.11000061035156,52.939998626708984,37.11000061035156,44.58000183105469,0
2009-02-10,41.619998931884766,45.650001525878906,40.93000030517578,44.29999923706055,0
2009-02-11,45.66999816894531,53.040000915527344,41.95000076293945,46.650001525878906,0
2009-02-12,39.52000045776367,49.689998626708984,38.52000045776367,45.650001525878906,0
2009-02-13,45.650001525878906,50.33000183105469,40.5,43.310001373291016,0
2009-02-16,43.310001373291016,50.41999816894531,36.38999938964844,42.560001373291016,0
2009-02-17,35.060001373291016,51.970001220703125,35.060001373291016,44.0,0
2009-02-18,37.11000061035156,58.61000061035156,37.11000061035156,43.040000915527344,0
2009-02-19,43.040000915527344,48.20000076293945,42.90999984741211,43.040000915527344,0
2009-02-20,42.90999984741211,47.029998779296875,41.130001068115234,45.209999084472656,0
2009-02-24,44.70000076293945,46.47999954223633,43.86000061035156,45.20000076293945,0
2009-02-25,45.20000076293945,45.20000076293945,41.279998779296875,41.939998626708984,0
2009-02-26,39.130001068115234,41.869998931884766,39.130001068115234,39.869998931884766,0
2009-02-27,39.869998931884766,42.77000045776367,39.369998931884766,40.61000061035156,0
2009-03-02,40.61000061035156,44.779998779296875,40.61000061035156,43.36000061035156,0
2009-03-03,43.36000061035156,44.54999923706055,41.84000015258789,44.439998626708984,0
2009-03-04,44.439998626708984,44.439998626708984,42.45000076293945,42.77000045776367,0
2009-03-05,42.77000045776367,49.72999954223633,41.400001525878906,41.560001373291016,0
2009-03-06,41.560001373291016,41.58000183105469,37.5,37.970001220703125,0
2009-03-09,39.970001220703125,41.290000915527344,37.970001220703125,41.029998779296875,0
2009-03-12,41.029998779296875,41.029998779296875,38.47999954223633,38.47999954223633,0
2009-03-13,39.380001068115234,39.380001068115234,34.959999084472656,35.56999969482422,0
2009-03-16,35.56999969482422,38.04999923706055,35.56999969482422,36.63999938964844,0
2009-03-17,36.63999938964844,42.189998626708984,36.63999938964844,38.470001220703125,0
2009-03-18,38.470001220703125,38.709999084472656,37.279998779296875,38.189998626708984,0
2009-03-19,38.189998626708984,41.25,34.310001373291016,35.97999954223633,0
2009-03-20,38.189998626708984,41.25,34.310001373291016,35.97999954223633,0
2009-03-23,34.86000061035156,39.52000045776367,30.260000228881836,37.630001068115234,0
2009-03-24,37.630001068115234,43.68000030517578,30.139999389648438,36.849998474121094,0
2009-03-25,36.849998474121094,47.279998779296875,26.65999984741211,28.18000030517578,0
2009-03-26,28.18000030517578,38.18000030517578,28.18000030517578,36.93000030517578,0
2009-03-27,36.93000030517578,39.75,36.560001373291016,37.13999938964844,0
2009-03-30,37.13999938964844,41.7599983215332,37.13999938964844,40.25,0
2009-03-31,40.25,40.93000030517578,39.15999984741211,39.47999954223633,0
2009-04-01,39.47999954223633,39.83000183105469,36.529998779296875,36.529998779296875,0
2009-04-02,36.529998779296875,37.84000015258789,34.650001525878906,37.400001525878906,0
2009-04-06,37.400001525878906,46.130001068115234,37.400001525878906,41.720001220703125,0
2009-04-08,41.720001220703125,50.33000183105469,41.720001220703125,43.54999923706055,0
2009-04-09,43.54999923706055,47.9900016784668,42.22999954223633,43.540000915527344,0
2009-04-13,43.540000915527344,47.34000015258789,43.540000915527344,46.560001373291016,0
2009-04-15,46.560001373291016,49.41999816894531,46.560001373291016,48.02000045776367,0
2009-04-16,48.02000045776367,51.22999954223633,47.5099983215332,50.5099983215332,0
2009-04-17,50.5099983215332,51.189998626708984,50.0099983215332,50.79999923706055,0
2009-04-20,50.79999923706055,55.20000076293945,50.79999923706055,54.220001220703125,0
2009-04-21,54.220001220703125,55.279998779296875,53.349998474121094,53.63999938964844,0
2009-04-22,53.63999938964844,63.400001525878906,53.63999938964844,57.880001068115234,0
2009-04-23,57.880001068115234,57.880001068115234,57.880001068115234,57.880001068115234,0
2009-04-24,51.29999923706055,56.2599983215332,47.68000030517578,47.779998779296875,0
2009-04-27,47.779998779296875,52.40999984741211,47.779998779296875,49.43000030517578,0
2009-04-28,49.43000030517578,50.540000915527344,47.95000076293945,48.79999923706055,0
2009-04-29,48.79999923706055,48.79999923706055,45.900001525878906,46.630001068115234,0
2009-05-04,46.630001068115234,53.20000076293945,43.70000076293945,49.540000915527344,0
2009-05-05,49.540000915527344,50.7599983215332,49.33000183105469,50.529998779296875,0
2009-05-06,48.130001068115234,59.209999084472656,48.130001068115234,51.209999084472656,0
2009-05-07,51.209999084472656,61.47999954223633,38.459999084472656,54.7599983215332,0
2009-05-08,54.7599983215332,60.41999816894531,44.31999969482422,57.02000045776367,0
2009-05-11,51.93000030517578,62.529998779296875,43.970001220703125,61.029998779296875,0
2009-05-12,50.7400016784668,61.70000076293945,50.279998779296875,50.310001373291016,0
2009-05-13,50.310001373291016,63.38999938964844,46.72999954223633,50.72999954223633,0
2009-05-14,50.72999954223633,62.47999954223633,49.810001373291016,51.25,0
2009-05-15,51.25,52.810001373291016,47.29999923706055,49.63999938964844,0
2009-05-18,51.25,52.810001373291016,47.29999923706055,49.63999938964844,0
2009-05-19,65.47000122070312,69.01000213623047,41.27000045776367,58.099998474121094,0
2009-05-20,57.47999954223633,63.970001220703125,45.65999984741211,50.790000915527344,0
2009-05-21,50.790000915527344,50.790000915527344,50.790000915527344,50.790000915527344,0
2009-05-22,49.63999938964844,49.63999938964844,49.63999938964844,49.63999938964844,0
2009-05-25,83.70999908447266,83.70999908447266,43.689998626708984,43.709999084472656,0
2009-05-26,43.709999084472656,84.93000030517578,39.58000183105469,52.369998931884766,0
2009-05-27,52.369998931884766,77.7699966430664,37.93000030517578,41.56999969482422,0
2009-05-28,36.31999969482422,76.30999755859375,36.31999969482422,44.58000183105469,0
2009-05-29,39.09000015258789,48.290000915527344,35.34000015258789,40.29999923706055,0
2009-06-01,41.189998626708984,47.09000015258789,39.59000015258789,41.83000183105469,0
2009-06-02,39.040000915527344,58.560001373291016,39.040000915527344,41.040000915527344,0
2009-06-03,41.040000915527344,58.91999816894531,38.02000045776367,40.66999816894531,0
2009-06-04,37.45000076293945,59.41999816894531,37.45000076293945,41.310001373291016,0
2009-06-05,38.47999954223633,41.540000915527344,38.47999954223633,40.54999923706055,0
2009-06-08,40.54999923706055,69.19000244140625,40.54999923706055,42.27000045776367,0
2009-06-09,40.189998626708984,52.61000061035156,40.189998626708984,40.7599983215332,0
2009-06-10,42.040000915527344,86.91999816894531,37.0,40.470001220703125,0
2009-06-11,40.470001220703125,67.55000305175781,39.709999084472656,41.02000045776367,0
2009-06-12,49.20000076293945,74.54000091552734,39.5099983215332,40.83000183105469,0
2009-06-15,40.34000015258789,80.41999816894531,40.34000015258789,52.709999084472656,0
2009-06-16,42.189998626708984,71.20999908447266,41.310001373291016,41.689998626708984,0
2009-06-17,40.84000015258789,64.52999877929688,40.369998931884766,62.04999923706055,0
2009-06-18,62.04999923706055,70.27999877929688,50.130001068115234,54.4900016784668,0
2009-06-19,55.68000030517578,57.099998474121094,47.83000183105469,48.95000076293945,0
2009-06-22,48.95000076293945,64.61000061035156,44.2599983215332,47.529998779296875,0
2009-06-23,56.560001373291016,56.560001373291016,44.79999923706055,48.22999954223633,0
2009-06-24,53.720001220703125,53.720001220703125,42.220001220703125,42.220001220703125,0
2009-06-25,44.900001525878906,47.650001525878906,37.130001068115234,38.59000015258789,0
2009-06-26,38.59000015258789,44.33000183105469,31.1200008392334,37.9900016784668,0
2009-06-29,37.9900016784668,40.68000030517578,36.9900016784668,40.310001373291016,0
2009-06-30,40.79999923706055,43.27000045776367,40.5,42.540000915527344,0
2009-07-01,42.20000076293945,44.54999923706055,42.20000076293945,43.150001525878906,0
2009-07-02,42.90999984741211,44.88999938964844,42.90999984741211,43.880001068115234,0
2009-07-03,43.880001068115234,45.900001525878906,43.880001068115234,45.86000061035156,0
2009-07-06,46.22999954223633,47.47999954223633,39.540000915527344,39.88999938964844,0
2009-07-07,38.81999969482422,40.380001068115234,36.130001068115234,36.16999816894531,0
2009-07-08,33.9900016784668,38.93000030517578,33.9900016784668,37.380001068115234,0
2009-07-09,36.66999816894531,38.38999938964844,36.63999938964844,36.63999938964844,0
2009-07-10,35.59000015258789,36.81999969482422,34.95000076293945,35.83000183105469,0
2009-07-13,35.83000183105469,38.380001068115234,35.83000183105469,36.58000183105469,0
2009-07-14,36.349998474121094,36.349998474121094,34.65999984741211,35.04999923706055,0
2009-07-15,35.810001373291016,36.349998474121094,34.349998474121094,36.150001525878906,0
2009-07-16,35.63999938964844,38.2599983215332,35.63999938964844,37.59000015258789,0
2009-07-17,37.61000061035156,37.61000061035156,35.59000015258789,35.88999938964844,0
2009-07-20,35.88999938964844,37.95000076293945,35.88999938964844,36.970001220703125,0
2009-07-21,36.97999954223633,38.650001525878906,36.45000076293945,36.59000015258789,0
2009-07-22,36.38999938964844,37.279998779296875,35.810001373291016,37.13999938964844,0
2009-07-23,43.27000045776367,43.27000045776367,32.56999969482422,34.04999923706055,0
2009-07-24,34.04999923706055,40.209999084472656,34.04999923706055,36.470001220703125,0
2009-07-27,36.470001220703125,38.9900016784668,36.470001220703125,37.38999938964844,0
2009-07-28,37.38999938964844,37.689998626708984,35.97999954223633,36.06999969482422,0
2009-07-29,36.06999969482422,42.41999816894531,35.86000061035156,37.33000183105469,0
2009-07-30,37.33000183105469,37.83000183105469,35.130001068115234,37.59000015258789,0
2009-07-31,34.86000061035156,39.209999084472656,34.4900016784668,39.209999084472656,0
2009-08-03,39.209999084472656,54.130001068115234,36.58000183105469,40.650001525878906,0
2009-08-04,36.13999938964844,62.540000915527344,35.970001220703125,36.79999923706055,0
2009-08-05,27.3700008392334,60.5099983215332,27.3700008392334,36.70000076293945,0
2009-08-06,34.470001220703125,63.06999969482422,32.130001068115234,37.650001525878906,0
2009-08-07,37.650001525878906,64.5,36.66999816894531,40.849998474121094,0
2009-08-10,40.849998474121094,69.48999786376953,35.029998779296875,38.189998626708984,0
2009-08-11,42.290000915527344,70.80999755859375,36.779998779296875,38.20000076293945,0
2009-08-12,38.20000076293945,72.12000274658203,37.06999969482422,42.52000045776367,0
2009-08-13,38.65999984741211,59.33000183105469,37.849998474121094,42.79999923706055,0
2009-08-14,36.45000076293945,59.9900016784668,35.970001220703125,44.2400016784668,0
2009-08-17,34.93000030517578,55.220001220703125,34.93000030517578,46.4900016784668,0
2009-08-18,37.52000045776367,52.31999969482422,37.029998779296875,45.040000915527344,0
2009-08-19,45.040000915527344,57.27000045776367,37.2599983215332,40.209999084472656,0
2009-08-20,40.209999084472656,71.06999969482422,36.279998779296875,36.83000183105469,0
2009-08-21,62.720001220703125,66.98999786376953,35.29999923706055,38.5099983215332,0
2009-08-24,62.720001220703125,66.98999786376953,35.29999923706055,38.5099983215332,0
2009-08-25,63.58000183105469,83.37000274658203,37.060001373291016,48.29999923706055,0
2009-08-26,48.29999923706055,72.91000366210938,35.29999923706055,36.27000045776367,0
2009-08-27,73.75,73.75,23.31999969482422,34.84000015258789,0
2009-08-28,32.61000061035156,86.87999725341797,32.61000061035156,33.27000045776367,0
2009-08-31,34.63999938964844,68.95999908447266,33.900001525878906,34.5099983215332,0
2009-09-01,78.91000366210938,81.93000030517578,33.58000183105469,34.97999954223633,0
2009-09-02,61.029998779296875,74.5,34.869998931884766,34.959999084472656,0
2009-09-03,34.959999084472656,58.7599983215332,34.11000061035156,34.11000061035156,0
2009-09-04,33.7400016784668,57.11000061035156,32.349998474121094,32.5099983215332,0
2009-09-07,63.209999084472656,68.12999725341797,32.0099983215332,32.209999084472656,0
2009-09-08,52.040000915527344,52.040000915527344,31.93000030517578,31.969999313354492,0
2009-09-09,31.969999313354492,32.34000015258789,31.65999984741211,31.65999984741211,0
2009-09-10,31.280000686645508,32.959999084472656,30.959999084472656,32.58000183105469,0
2009-09-11,32.58000183105469,32.58000183105469,31.049999237060547,31.170000076293945,0
2009-09-14,31.770000457763672,34.93000030517578,31.670000076293945,31.670000076293945,0
2009-09-15,31.670000076293945,32.79999923706055,29.799999237060547,30.200000762939453,0
2009-09-16,29.90999984741211,30.0,28.309999465942383,28.31999969482422,0
2009-09-17,28.31999969482422,32.290000915527344,23.139999389648438,27.270000457763672,0
2009-09-18,27.270000457763672,28.049999237060547,25.399999618530273,25.860000610351562,0
2009-09-22,25.860000610351562,27.860000610351562,25.860000610351562,26.799999237060547,0
2009-09-23,26.799999237060547,27.5,25.8799991607666,26.510000228881836,0
2009-09-24,26.510000228881836,28.760000228881836,24.290000915527344,24.360000610351562,0
2009-09-25,26.43000030517578,26.43000030517578,23.43000030517578,26.110000610351562,0
2009-09-29,26.530000686645508,27.170000076293945,26.0,26.059999465942383,0
2009-09-30,27.09000015258789,27.549999237060547,24.969999313354492,25.270000457763672,0
2009-10-01,25.25,29.059999465942383,25.0,25.3700008392334,0
2009-10-05,31.079999923706055,32.06999969482422,27.790000915527344,28.719999313354492,0
2009-10-06,27.860000610351562,32.38999938964844,27.440000534057617,27.75,0
2009-10-07,27.8799991607666,35.900001525878906,27.200000762939453,30.479999542236328,0
2009-10-08,29.90999984741211,30.219999313354492,29.1200008392334,29.8700008392334,0
2009-10-09,29.81999969482422,30.639999389648438,29.579999923706055,30.25,0
2009-10-12,30.799999237060547,31.149999618530273,27.969999313354492,28.200000762939453,0
2009-10-14,26.3799991607666,28.079999923706055,26.3799991607666,26.3799991607666,0
2009-10-15,26.219999313354492,27.579999923706055,26.219999313354492,26.639999389648438,0
2009-10-16,26.8799991607666,27.25,25.84000015258789,26.020000457763672,0
2009-10-20,25.959999084472656,26.93000030517578,25.959999084472656,26.690000534057617,0
2009-10-21,26.56999969482422,27.110000610351562,26.309999465942383,26.780000686645508,0
2009-10-22,27.780000686645508,27.780000686645508,24.75,25.489999771118164,0
2009-10-23,26.739999771118164,26.739999771118164,23.889999389648438,24.489999771118164,0
2009-10-26,24.489999771118164,24.489999771118164,24.489999771118164,24.489999771118164,0
2009-10-27,25.989999771118164,28.350000381469727,25.850000381469727,28.18000030517578,0
2009-10-28,27.450000762939453,28.690000534057617,27.450000762939453,28.479999542236328,0
2009-10-29,29.709999084472656,30.030000686645508,27.75,28.219999313354492,0
2009-10-30,28.219999313354492,63.83000183105469,24.809999465942383,25.389999389648438,0
2009-11-03,28.760000228881836,67.87999725341797,22.469999313354492,24.43000030517578,0
2009-11-04,28.65999984741211,30.84000015258789,28.65999984741211,29.889999389648438,0
2009-11-05,29.860000610351562,31.530000686645508,29.530000686645508,29.56999969482422,0
2009-11-06,28.389999389648438,30.780000686645508,28.299999237060547,29.040000915527344,0
2009-11-09,29.040000915527344,30.579999923706055,28.780000686645508,28.920000076293945,0
2009-11-10,28.920000076293945,30.59000015258789,28.1200008392334,30.059999465942383,0
2009-11-11,30.059999465942383,30.100000381469727,28.65999984741211,28.959999084472656,0
2009-11-12,28.959999084472656,30.399999618530273,28.559999465942383,29.639999389648438,0
2009-11-13,29.639999389648438,29.899999618530273,28.770000457763672,29.09000015258789,0
2009-11-16,29.09000015258789,29.09000015258789,27.860000610351562,27.950000762939453,0
2009-11-17,27.950000762939453,28.43000030517578,26.780000686645508,26.780000686645508,0
2009-11-18,25.790000915527344,26.8700008392334,25.790000915527344,26.389999389648438,0
2009-11-19,30.440000534057617,30.440000534057617,26.200000762939453,28.549999237060547,0
2009-11-20,28.549999237060547,28.950000762939453,26.3799991607666,26.639999389648438,0
2009-11-23,26.639999389648438,27.030000686645508,24.899999618530273,26.690000534057617,0
2009-11-24,24.110000610351562,27.670000076293945,24.110000610351562,26.09000015258789,0
2009-11-25,26.09000015258789,26.56999969482422,23.56999969482422,24.850000381469727,0
2009-11-26,20.959999084472656,28.739999771118164,20.959999084472656,28.309999465942383,0
2009-11-27,29.329999923706055,35.47999954223633,29.239999771118164,30.059999465942383,0
2009-11-30,26.84000015258789,28.770000457763672,26.790000915527344,27.559999465942383,0
2009-12-01,25.729999542236328,27.34000015258789,25.360000610351562,25.450000762939453,0
2009-12-02,24.360000610351562,26.360000610351562,24.360000610351562,26.030000686645508,0
2009-12-03,25.030000686645508,26.030000686645508,25.030000686645508,25.989999771118164,0
2009-12-04,25.360000610351562,26.760000228881836,25.360000610351562,26.139999389648438,0
2009-12-07,25.75,27.780000686645508,25.75,27.670000076293945,0
2009-12-08,26.709999084472656,27.6200008392334,26.420000076293945,26.459999084472656,0
2009-12-09,26.079999923706055,27.459999084472656,26.079999923706055,26.989999771118164,0
2009-12-10,26.75,27.649999618530273,26.75,27.200000762939453,0
2009-12-11,24.969999313354492,27.81999969482422,24.969999313354492,27.149999618530273,0
2009-12-14,27.420000076293945,28.3799991607666,26.81999969482422,27.889999389648438,0
2009-12-15,26.860000610351562,28.549999237060547,26.860000610351562,28.31999969482422,0
2009-12-16,28.360000610351562,28.479999542236328,27.309999465942383,27.360000610351562,0
2009-12-17,26.399999618530273,27.709999084472656,26.399999618530273,27.25,0
2009-12-18,27.610000610351562,27.610000610351562,26.469999313354492,26.65999984741211,0
2009-12-21,26.59000015258789,27.200000762939453,25.93000030517578,26.190000534057617,0
2009-12-22,26.209999084472656,26.209999084472656,23.40999984741211,24.520000457763672,0
2009-12-23,24.790000915527344,25.260000228881836,23.3700008392334,23.84000015258789,0
2009-12-24,24.829999923706055,24.829999923706055,22.299999237060547,22.690000534057617,0
2009-12-29,24.34000015258789,24.68000030517578,23.540000915527344,24.40999984741211,0
2009-12-30,24.049999237060547,25.040000915527344,24.049999237060547,24.6200008392334,0
2009-12-31,23.729999542236328,24.440000534057617,23.200000762939453,23.34000015258789,0
2010-01-04,23.790000915527344,24.969999313354492,23.600000381469727,23.639999389648438,0
2010-01-05,22.979999542236328,23.219999313354492,22.1200008392334,22.270000457763672,0
2010-01-06,21.770000457763672,22.549999237060547,21.770000457763672,22.1200008392334,0
2010-01-07,22.219999313354492,22.93000030517578,22.219999313354492,22.5,0
2010-01-08,22.3700008392334,22.709999084472656,22.190000534057617,22.56999969482422,0
2010-01-11,22.6299991607666,23.049999237060547,22.389999389648438,22.68000030517578,0
2010-01-12,22.68000030517578,23.219999313354492,22.3700008392334,23.079999923706055,0
2010-01-13,22.75,23.149999618530273,21.940000534057617,21.989999771118164,0
2010-01-14,21.309999465942383,21.530000686645508,20.920000076293945,20.979999542236328,0
2010-01-15,20.40999984741211,21.329999923706055,20.34000015258789,21.079999923706055,0
2010-01-18,21.600000381469727,21.969999313354492,21.489999771118164,21.549999237060547,0
2010-01-19,20.68000030517578,22.479999542236328,20.649999618530273,22.34000015258789,0
2010-01-20,21.059999465942383,22.829999923706055,20.920000076293945,22.290000915527344,0
2010-01-21,22.670000076293945,24.350000381469727,21.459999084472656,23.5,0
2010-01-22,24.260000228881836,26.270000457763672,23.81999969482422,24.850000381469727,0
2010-01-25,26.309999465942383,26.450000762939453,25.059999465942383,25.81999969482422,0
2010-01-27,26.5,28.920000076293945,26.5,28.920000076293945,0
2010-01-28,27.56999969482422,28.81999969482422,26.790000915527344,26.959999084472656,0
2010-01-29,28.59000015258789,28.59000015258789,26.0,26.1299991607666,0
2010-02-01,26.799999237060547,27.309999465942383,25.510000228881836,25.610000610351562,0
2010-02-02,24.780000686645508,26.989999771118164,24.780000686645508,26.690000534057617,0
2010-02-03,26.059999465942383,26.079999923706055,25.40999984741211,25.540000915527344,0
2010-02-04,25.479999542236328,27.229999542236328,25.479999542236328,27.06999969482422,0
2010-02-05,28.239999771118164,31.229999542236328,28.239999771118164,30.06999969482422,0
2010-02-08,29.75,31.899999618530273,29.56999969482422,30.360000610351562,0
2010-02-09,30.360000610351562,30.420000076293945,29.65999984741211,29.90999984741211,0
2010-02-10,28.239999771118164,30.760000228881836,28.239999771118164,30.549999237060547,0
2010-02-11,28.6200008392334,29.739999771118164,28.540000915527344,28.809999465942383,0
2010-02-15,28.299999237060547,30.56999969482422,28.299999237060547,29.68000030517578,0
2010-02-16,28.1200008392334,29.93000030517578,28.1200008392334,28.729999542236328,0
2010-02-17,28.3799991607666,29.760000228881836,28.290000915527344,29.040000915527344,0
2010-02-18,27.600000381469727,29.959999084472656,27.600000381469727,29.760000228881836,0
2010-02-19,29.760000228881836,31.969999313354492,29.520000457763672,31.899999618530273,0
2010-02-22,30.139999389648438,32.13999938964844,28.770000457763672,32.130001068115234,0
2010-02-23,30.229999542236328,32.099998474121094,30.229999542236328,30.989999771118164,0
2010-02-24,28.790000915527344,31.31999969482422,28.790000915527344,30.399999618530273,0
2010-02-25,28.93000030517578,30.489999771118164,28.90999984741211,29.549999237060547,0
2010-02-26,29.65999984741211,29.799999237060547,23.790000915527344,24.020000457763672,0
2010-03-02,23.75,23.809999465942383,21.6299991607666,21.6299991607666,0
2010-03-03,21.6299991607666,21.709999084472656,20.56999969482422,20.75,0
2010-03-04,20.450000762939453,21.469999313354492,20.450000762939453,20.979999542236328,0
2010-03-05,20.690000534057617,21.15999984741211,20.200000762939453,20.739999771118164,0
2010-03-08,20.809999465942383,21.049999237060547,20.6200008392334,20.729999542236328,0
2010-03-09,20.479999542236328,21.0,20.479999542236328,20.799999237060547,0
2010-03-10,20.770000457763672,20.770000457763672,19.889999389648438,20.09000015258789,0
2010-03-11,20.09000015258789,20.489999771118164,20.010000228881836,20.139999389648438,0
2010-03-12,20.0,20.260000228881836,19.6200008392334,19.729999542236328,0
2010-03-15,20.139999389648438,20.799999237060547,20.139999389648438,20.260000228881836,0
2010-03-16,19.639999389648438,20.15999984741211,19.200000762939453,19.59000015258789,0
2010-03-17,19.219999313354492,20.6299991607666,17.100000381469727,17.729999542236328,0
2010-03-18,18.25,18.850000381469727,17.31999969482422,17.969999313354492,0
2010-03-19,17.459999084472656,18.670000076293945,16.709999084472656,17.75,0
2010-03-22,20.15999984741211,20.270000457763672,18.979999542236328,19.959999084472656,0
2010-03-23,18.100000381469727,19.530000686645508,17.469999313354492,18.1299991607666,0
2010-03-25,18.1299991607666,19.56999969482422,17.049999237060547,17.049999237060547,0
2010-03-26,17.450000762939453,18.030000686645508,16.979999542236328,17.889999389648438,0
2010-03-29,18.389999389648438,19.040000915527344,18.270000457763672,18.729999542236328,0
2010-03-30,18.68000030517578,19.799999237060547,18.68000030517578,19.799999237060547,0
2010-03-31,19.549999237060547,20.229999542236328,19.06999969482422,19.8700008392334,0
2010-04-01,19.15999984741211,19.5,17.530000686645508,17.6200008392334,0
2010-04-05,17.139999389648438,18.299999237060547,16.979999542236328,17.170000076293945,0
2010-04-06,17.030000686645508,17.56999969482422,17.030000686645508,17.200000762939453,0
2010-04-07,12.600000381469727,17.799999237060547,12.600000381469727,17.31999969482422,0
2010-04-08,17.040000915527344,19.920000076293945,17.020000457763672,19.920000076293945,0
2010-04-09,18.520000457763672,18.850000381469727,18.049999237060547,18.440000534057617,0
2010-04-12,18.600000381469727,20.729999542236328,18.540000915527344,20.049999237060547,0
2010-04-13,19.56999969482422,20.40999984741211,19.56999969482422,20.139999389648438,0
2010-04-15,18.75,21.690000534057617,18.670000076293945,21.579999923706055,0
2010-04-16,21.540000915527344,22.06999969482422,21.229999542236328,21.780000686645508,0
2010-04-19,21.780000686645508,23.31999969482422,21.780000686645508,22.65999984741211,0
2010-04-20,18.75,22.5,18.75,20.8700008392334,0
2010-04-21,19.93000030517578,20.290000915527344,19.1299991607666,19.229999542236328,0
2010-04-22,19.229999542236328,20.790000915527344,18.75,20.530000686645508,0
2010-04-23,20.530000686645508,20.790000915527344,18.639999389648438,20.209999084472656,0
2010-04-26,18.850000381469727,20.8700008392334,18.850000381469727,19.790000915527344,0
2010-04-27,19.790000915527344,20.1200008392334,19.639999389648438,19.81999969482422,0
2010-04-28,20.15999984741211,23.139999389648438,20.15999984741211,22.729999542236328,0
2010-04-29,20.56999969482422,21.850000381469727,20.290000915527344,21.190000534057617,0
2010-04-30,19.280000686645508,20.709999084472656,19.280000686645508,20.350000381469727,0
2010-05-03,21.299999237060547,22.530000686645508,20.979999542236328,22.139999389648438,0
2010-05-04,21.360000610351562,23.3799991607666,21.360000610351562,23.299999237060547,0
2010-05-05,23.299999237060547,25.15999984741211,23.299999237060547,23.690000534057617,0
2010-05-06,23.1299991607666,26.06999969482422,23.1299991607666,24.360000610351562,0
2010-05-07,24.360000610351562,28.100000381469727,24.360000610351562,27.399999618530273,0
2010-05-10,20.639999389648438,26.200000762939453,20.639999389648438,24.139999389648438,0
2010-05-11,23.3799991607666,25.940000534057617,23.3799991607666,25.809999465942383,0
2010-05-12,24.3700008392334,27.049999237060547,24.3700008392334,25.81999969482422,0
2010-05-13,24.18000030517578,25.209999084472656,24.149999618530273,24.860000610351562,0
2010-05-14,23.420000076293945,26.65999984741211,23.420000076293945,26.530000686645508,0
2010-05-17,27.709999084472656,29.360000610351562,27.010000228881836,27.170000076293945,0
2010-05-18,26.65999984741211,27.600000381469727,26.18000030517578,26.540000915527344,0
2010-05-19,27.940000534057617,32.470001220703125,27.940000534057617,32.040000915527344,0
2010-05-20,29.520000457763672,32.349998474121094,28.690000534057617,31.040000915527344,0
2010-05-21,32.95000076293945,33.5099983215332,31.059999465942383,32.2599983215332,0
2010-05-24,28.3700008392334,31.299999237060547,28.3700008392334,31.299999237060547,0
2010-05-25,31.06999969482422,35.86000061035156,31.06999969482422,34.52000045776367,0
2010-05-26,32.040000915527344,33.650001525878906,31.459999084472656,32.150001525878906,0
2010-05-27,30.860000610351562,31.920000076293945,28.950000762939453,29.010000228881836,0
2010-05-28,26.56999969482422,28.59000015258789,26.43000030517578,26.43000030517578,0
2010-05-31,26.56999969482422,27.600000381469727,26.399999618530273,26.43000030517578,0
2010-06-01,26.670000076293945,29.34000015258789,26.670000076293945,29.079999923706055,0
2010-06-02,28.030000686645508,29.270000457763672,27.760000228881836,27.760000228881836,0
2010-06-03,26.020000457763672,26.510000228881836,25.290000915527344,25.290000915527344,0
2010-06-04,25.170000076293945,25.780000686645508,24.34000015258789,24.719999313354492,0
2010-06-07,25.209999084472656,28.479999542236328,25.209999084472656,27.989999771118164,0
2010-06-08,27.739999771118164,29.3799991607666,27.209999084472656,28.770000457763672,0
2010-06-09,28.059999465942383,28.739999771118164,27.56999969482422,28.15999984741211,0
2010-06-10,27.860000610351562,28.049999237060547,26.489999771118164,26.5,0
2010-06-11,25.420000076293945,25.68000030517578,24.790000915527344,25.100000381469727,0
2010-06-14,24.93000030517578,24.93000030517578,22.889999389648438,22.950000762939453,0
2010-06-15,22.739999771118164,23.309999465942383,21.68000030517578,21.979999542236328,0
2010-06-16,21.31999969482422,22.90999984741211,20.719999313354492,22.670000076293945,0
2010-06-17,22.6200008392334,22.770000457763672,20.600000381469727,20.850000381469727,0
2010-06-18,21.360000610351562,21.360000610351562,19.40999984741211,19.959999084472656,0
2010-06-21,21.190000534057617,21.190000534057617,18.31999969482422,19.40999984741211,0
2010-06-22,20.559999465942383,21.440000534057617,19.8799991607666,20.639999389648438,0
2010-06-23,20.860000610351562,21.860000610351562,20.280000686645508,20.34000015258789,0
2010-06-24,19.969999313354492,21.610000610351562,19.34000015258789,20.06999969482422,0
2010-06-25,20.649999618530273,20.68000030517578,19.450000762939453,20.0,0
2010-06-28,19.940000534057617,20.84000015258789,19.549999237060547,19.549999237060547,0
2010-06-29,20.110000610351562,21.299999237060547,19.959999084472656,20.639999389648438,0
2010-06-30,21.459999084472656,21.780000686645508,20.030000686645508,20.06999969482422,0
2010-07-01,21.040000915527344,22.100000381469727,20.93000030517578,21.440000534057617,0
2010-07-02,21.3700008392334,21.90999984741211,20.780000686645508,21.899999618530273,0
2010-07-05,22.889999389648438,22.889999389648438,21.860000610351562,21.989999771118164,0
2010-07-06,21.90999984741211,22.3700008392334,20.760000228881836,20.899999618530273,0
2010-07-07,21.219999313354492,22.440000534057617,21.219999313354492,22.110000610351562,0
2010-07-08,20.84000015258789,21.31999969482422,20.780000686645508,21.1200008392334,0
2010-07-09,20.420000076293945,20.770000457763672,20.139999389648438,20.209999084472656,0
2010-07-12,19.959999084472656,20.420000076293945,19.75,19.90999984741211,0
2010-07-13,20.020000457763672,20.290000915527344,19.06999969482422,19.110000610351562,0
2010-07-14,18.15999984741211,20.200000762939453,18.06999969482422,20.06999969482422,0
2010-07-15,19.1200008392334,20.5,19.1200008392334,20.18000030517578,0
2010-07-16,19.3700008392334,20.479999542236328,19.3700008392334,19.700000762939453,0
2010-07-19,19.700000762939453,20.8700008392334,19.360000610351562,20.709999084472656,0
2010-07-20,20.709999084472656,20.709999084472656,19.610000610351562,20.3799991607666,0
2010-07-21,20.3799991607666,20.3799991607666,18.81999969482422,20.0,0
2010-07-22,20.0,20.3700008392334,18.68000030517578,18.899999618530273,0
2010-07-23,18.899999618530273,19.719999313354492,17.139999389648438,19.239999771118164,0
2010-07-26,19.239999771118164,20.049999237060547,18.6200008392334,19.969999313354492,0
2010-07-27,19.969999313354492,20.15999984741211,18.959999084472656,19.219999313354492,0
2010-07-28,19.219999313354492,19.809999465942383,17.959999084472656,19.520000457763672,0
2010-07-29,19.520000457763672,19.649999618530273,18.329999923706055,18.329999923706055,0
2010-07-30,18.329999923706055,19.229999542236328,16.25,18.940000534057617,0
2010-08-02,18.940000534057617,19.260000228881836,17.920000076293945,17.989999771118164,0
2010-08-03,17.989999771118164,18.260000228881836,16.780000686645508,17.549999237060547,0
2010-08-04,17.549999237060547,17.639999389648438,16.739999771118164,17.040000915527344,0
2010-08-05,17.040000915527344,17.719999313354492,15.829999923706055,17.709999084472656,0
2010-08-06,17.709999084472656,17.709999084472656,16.6299991607666,17.3700008392334,0
2010-08-09,17.3700008392334,17.920000076293945,16.8700008392334,17.0,0
2010-08-10,17.0,17.75,16.3700008392334,17.329999923706055,0
2010-08-11,17.329999923706055,18.110000610351562,16.389999389648438,18.110000610351562,0
2010-08-12,18.110000610351562,18.709999084472656,16.739999771118164,18.0,0
2010-08-13,18.0,18.0,15.869999885559082,16.739999771118164,0
2010-08-16,16.739999771118164,18.31999969482422,15.800000190734863,18.110000610351562,0
2010-08-17,18.110000610351562,18.110000610351562,16.25,17.6299991607666,0
2010-08-18,17.6299991607666,17.760000228881836,15.420000076293945,16.399999618530273,0
2010-08-19,16.399999618530273,17.020000457763672,15.470000267028809,16.530000686645508,0
2010-08-20,16.530000686645508,16.8700008392334,15.289999961853027,16.700000762939453,0
2010-08-23,16.700000762939453,17.299999237060547,15.4399995803833,17.139999389648438,0
2010-08-24,17.139999389648438,17.799999237060547,15.579999923706055,16.989999771118164,0
2010-08-25,16.989999771118164,19.350000381469727,15.399999618530273,18.920000076293945,0
2010-08-26,18.920000076293945,18.920000076293945,16.899999618530273,17.09000015258789,0
2010-08-27,17.09000015258789,19.6299991607666,15.279999732971191,19.6299991607666,0
2010-08-30,19.6299991607666,19.6299991607666,16.600000381469727,18.360000610351562,0
2010-08-31,18.360000610351562,19.420000076293945,17.59000015258789,18.469999313354492,0
2010-09-01,18.469999313354492,18.469999313354492,16.65999984741211,16.700000762939453,0
2010-09-02,16.700000762939453,16.700000762939453,15.130000114440918,16.149999618530273,0
2010-09-03,16.149999618530273,16.440000534057617,15.229999542236328,15.859999656677246,0
2010-09-06,15.859999656677246,16.110000610351562,15.09000015258789,15.220000267028809,0
2010-09-07,15.220000267028809,16.0,14.350000381469727,15.829999923706055,0
2010-09-08,15.829999923706055,16.31999969482422,15.15999984741211,15.970000267028809,0
2010-09-09,15.970000267028809,16.200000762939453,14.9399995803833,15.920000076293945,0
2010-09-13,15.920000076293945,18.229999542236328,14.880000114440918,18.139999389648438,0
2010-09-14,18.139999389648438,20.6299991607666,16.8799991607666,18.600000381469727,0
2010-09-15,18.600000381469727,20.079999923706055,17.540000915527344,19.43000030517578,0
2010-09-16,19.43000030517578,20.09000015258789,17.969999313354492,18.850000381469727,0
2010-09-17,18.850000381469727,19.489999771118164,16.510000228881836,19.489999771118164,0
2010-09-20,19.489999771118164,21.969999313354492,17.850000381469727,21.950000762939453,0
2010-09-21,21.950000762939453,24.299999237060547,20.940000534057617,22.6299991607666,0
2010-09-22,22.6299991607666,24.350000381469727,20.610000610351562,24.290000915527344,0
2010-09-23,24.290000915527344,24.459999084472656,20.709999084472656,23.899999618530273,0
2010-09-24,23.899999618530273,23.899999618530273,21.579999923706055,21.709999084472656,0
2010-09-27,21.709999084472656,22.81999969482422,20.469999313354492,22.360000610351562,0
2010-09-28,22.360000610351562,22.420000076293945,20.850000381469727,21.209999084472656,0
2010-09-29,21.209999084472656,22.56999969482422,18.799999237060547,22.15999984741211,0
2010-09-30,22.15999984741211,22.950000762939453,19.049999237060547,22.25,0
2010-10-01,22.25,22.25,20.209999084472656,21.43000030517578,0
2010-10-04,21.43000030517578,22.8799991607666,21.43000030517578,22.799999237060547,0
2010-10-05,22.799999237060547,23.010000228881836,21.809999465942383,22.170000076293945,0
2010-10-06,22.170000076293945,22.170000076293945,20.59000015258789,21.729999542236328,0
2010-10-07,21.729999542236328,22.780000686645508,19.329999923706055,22.450000762939453,0
2010-10-08,22.450000762939453,22.450000762939453,21.030000686645508,21.399999618530273,0
2010-10-11,21.399999618530273,21.760000228881836,19.670000076293945,21.200000762939453,0
2010-10-12,21.200000762939453,22.219999313354492,20.5,20.510000228881836,0
2010-10-13,20.510000228881836,20.510000228881836,19.010000228881836,20.020000457763672,0
2010-10-14,20.020000457763672,20.989999771118164,18.139999389648438,20.600000381469727,0
2010-10-15,20.600000381469727,22.670000076293945,17.799999237060547,22.649999618530273,0
2010-10-18,22.649999618530273,23.989999771118164,21.969999313354492,22.350000381469727,0
2010-10-19,22.350000381469727,23.229999542236328,20.579999923706055,23.229999542236328,0
2010-10-20,23.229999542236328,23.860000610351562,21.920000076293945,23.799999237060547,0
2010-10-21,23.799999237060547,23.799999237060547,21.920000076293945,22.190000534057617,0
2010-10-22,22.190000534057617,22.440000534057617,20.420000076293945,21.610000610351562,0
2010-10-25,21.610000610351562,22.040000915527344,20.670000076293945,21.360000610351562,0
2010-10-26,21.360000610351562,21.600000381469727,18.469999313354492,20.549999237060547,0
2010-10-27,20.549999237060547,21.760000228881836,20.09000015258789,21.020000457763672,0
2010-10-28,21.020000457763672,21.219999313354492,20.280000686645508,20.520000457763672,0
2010-10-29,20.520000457763672,22.0,20.030000686645508,20.760000228881836,0
2010-11-01,20.760000228881836,21.190000534057617,20.309999465942383,20.920000076293945,0
2010-11-02,20.920000076293945,21.860000610351562,19.43000030517578,21.25,0
2010-11-03,21.25,21.65999984741211,19.229999542236328,21.530000686645508,0
2010-11-04,21.530000686645508,21.530000686645508,19.260000228881836,19.360000610351562,0
2010-11-08,19.219999313354492,20.1200008392334,17.489999771118164,19.610000610351562,0
2010-11-09,19.610000610351562,19.780000686645508,17.170000076293945,18.75,0
2010-11-10,18.75,19.260000228881836,16.450000762939453,19.079999923706055,0
2010-11-11,19.079999923706055,19.90999984741211,16.3799991607666,19.360000610351562,0
2010-11-12,19.360000610351562,22.40999984741211,17.6299991607666,21.6299991607666,0
2010-11-15,21.6299991607666,22.479999542236328,19.260000228881836,20.25,0
2010-11-16,20.25,22.420000076293945,17.520000457763672,21.1299991607666,0
2010-11-18,21.1299991607666,22.81999969482422,17.59000015258789,20.6200008392334,0
2010-11-19,20.6200008392334,21.90999984741211,18.40999984741211,21.600000381469727,0
2010-11-22,21.600000381469727,21.850000381469727,19.440000534057617,19.93000030517578,0
2010-11-23,19.93000030517578,24.950000762939453,19.399999618530273,23.260000228881836,0
2010-11-24,23.260000228881836,24.950000762939453,20.950000762939453,24.68000030517578,0
2010-11-25,24.68000030517578,24.68000030517578,21.1200008392334,21.6299991607666,0
2010-11-26,21.6299991607666,23.84000015258789,20.100000381469727,22.579999923706055,0
2010-11-29,22.579999923706055,22.889999389648438,21.309999465942383,21.309999465942383,0
2010-11-30,21.309999465942383,22.219999313354492,20.639999389648438,20.709999084472656,0
2010-12-01,20.709999084472656,20.709999084472656,19.079999923706055,19.200000762939453,0
2010-12-02,19.200000762939453,19.510000228881836,17.559999465942383,18.799999237060547,0
2010-12-03,18.799999237060547,19.280000686645508,17.139999389648438,18.600000381469727,0
2010-12-06,18.600000381469727,19.3700008392334,17.459999084472656,19.3700008392334,0
2010-12-07,19.3700008392334,19.790000915527344,17.75,19.239999771118164,0
2010-12-08,19.239999771118164,20.950000762939453,18.209999084472656,20.43000030517578,0
2010-12-09,20.43000030517578,23.010000228881836,18.219999313354492,22.600000381469727,0
2010-12-10,22.600000381469727,22.860000610351562,21.43000030517578,21.6299991607666,0
2010-12-13,21.6299991607666,23.719999313354492,20.139999389648438,22.56999969482422,0
2010-12-14,22.56999969482422,22.829999923706055,21.290000915527344,21.459999084472656,0
2010-12-15,21.459999084472656,22.09000015258789,20.670000076293945,21.420000076293945,0
2010-12-16,21.420000076293945,21.600000381469727,19.940000534057617,20.239999771118164,0
2010-12-20,20.239999771118164,21.8799991607666,20.239999771118164,20.780000686645508,0
2010-12-21,20.780000686645508,20.780000686645508,18.75,19.770000457763672,0
2010-12-22,19.770000457763672,20.059999465942383,18.670000076293945,19.559999465942383,0
2010-12-23,19.559999465942383,19.780000686645508,18.809999465942383,19.030000686645508,0
2010-12-24,19.030000686645508,19.309999465942383,17.6200008392334,17.649999618530273,0
2010-12-27,17.649999618530273,18.690000534057617,17.049999237060547,18.450000762939453,0
2010-12-28,18.450000762939453,18.829999923706055,17.889999389648438,18.1299991607666,0
2010-12-29,18.1299991607666,18.31999969482422,17.1299991607666,17.1299991607666,0
2010-12-30,17.1299991607666,17.979999542236328,16.479999542236328,17.020000457763672,0
2010-12-31,17.020000457763672,17.049999237060547,16.34000015258789,16.559999465942383,0
2011-01-03,16.559999465942383,17.100000381469727,15.279999732971191,16.989999771118164,0
2011-01-04,16.989999771118164,17.520000457763672,15.760000228881836,17.030000686645508,0
2011-01-05,17.030000686645508,18.43000030517578,16.799999237060547,17.8799991607666,0
2011-01-06,17.8799991607666,18.8700008392334,16.690000534057617,18.200000762939453,0
2011-01-07,18.200000762939453,20.8700008392334,17.639999389648438,20.81999969482422,0
2011-01-10,20.81999969482422,23.239999771118164,19.610000610351562,23.15999984741211,0
2011-01-11,23.15999984741211,24.110000610351562,21.729999542236328,22.329999923706055,0
2011-01-12,22.329999923706055,23.760000228881836,20.440000534057617,21.40999984741211,0
2011-01-13,21.40999984741211,23.489999771118164,21.149999618530273,23.149999618530273,0
2011-01-14,23.149999618530273,24.059999465942383,20.989999771118164,23.809999465942383,0
2011-01-17,23.809999465942383,25.520000457763672,23.56999969482422,23.56999969482422,0
2011-01-18,23.56999969482422,23.639999389648438,21.440000534057617,21.459999084472656,0
2011-01-19,21.459999084472656,21.84000015258789,20.600000381469727,21.09000015258789,0
2011-01-20,21.09000015258789,21.770000457763672,20.059999465942383,21.010000228881836,0
2011-01-21,21.010000228881836,21.489999771118164,19.059999465942383,21.030000686645508,0
2011-01-24,21.030000686645508,21.139999389648438,20.100000381469727,20.170000076293945,0
2011-01-25,20.170000076293945,21.100000381469727,18.93000030517578,20.780000686645508,0
2011-01-27,20.780000686645508,22.270000457763672,19.079999923706055,22.09000015258789,0
2011-01-28,22.09000015258789,23.790000915527344,21.739999771118164,22.579999923706055,0
2011-01-31,22.579999923706055,24.670000076293945,22.579999923706055,23.40999984741211,0
2011-02-01,23.40999984741211,24.690000534057617,21.670000076293945,23.729999542236328,0
2011-02-02,23.729999542236328,23.729999542236328,21.649999618530273,23.520000457763672,0
2011-02-03,23.520000457763672,23.540000915527344,22.459999084472656,22.690000534057617,0
2011-02-04,22.690000534057617,24.770000457763672,21.959999084472656,24.40999984741211,0
2011-02-07,24.40999984741211,25.440000534057617,23.59000015258789,24.690000534057617,0
2011-02-08,24.690000534057617,25.31999969482422,23.170000076293945,24.739999771118164,0
2011-02-09,24.739999771118164,26.030000686645508,24.530000686645508,25.239999771118164,0
2011-02-10,25.239999771118164,26.110000610351562,23.920000076293945,24.81999969482422,0
2011-02-11,24.81999969482422,24.84000015258789,21.860000610351562,23.469999313354492,0
2011-02-14,23.469999313354492,23.690000534057617,21.559999465942383,22.579999923706055,0
2011-02-15,22.579999923706055,23.43000030517578,20.760000228881836,22.850000381469727,0
2011-02-16,22.850000381469727,23.59000015258789,21.700000762939453,23.049999237060547,0
2011-02-17,23.049999237060547,23.40999984741211,22.040000915527344,22.56999969482422,0
2011-02-18,22.56999969482422,24.520000457763672,20.3799991607666,24.18000030517578,0
2011-02-21,24.18000030517578,26.270000457763672,23.649999618530273,24.90999984741211,0
2011-02-22,24.90999984741211,28.1299991607666,24.90999984741211,26.850000381469727,0
2011-02-23,26.850000381469727,27.239999771118164,26.170000076293945,26.549999237060547,0
2011-02-24,26.549999237060547,28.899999618530273,26.389999389648438,28.200000762939453,0
2011-02-25,28.200000762939453,29.049999237060547,27.190000534057617,27.270000457763672,0
2011-02-28,27.270000457763672,27.8799991607666,22.3700008392334,24.399999618530273,0
2011-03-01,24.399999618530273,24.399999618530273,22.219999313354492,22.219999313354492,0
2011-03-03,22.219999313354492,23.84000015258789,22.06999969482422,22.959999084472656,0
2011-03-04,22.959999084472656,23.510000228881836,21.829999923706055,22.90999984741211,0
2011-03-07,22.90999984741211,26.1200008392334,22.90999984741211,25.219999313354492,0
2011-03-08,25.219999313354492,25.219999313354492,23.6299991607666,23.670000076293945,0
2011-03-09,23.670000076293945,24.229999542236328,22.459999084472656,23.280000686645508,0
2011-03-10,23.280000686645508,24.170000076293945,22.6299991607666,23.530000686645508,0
2011-03-11,23.530000686645508,25.219999313354492,22.8700008392334,24.1299991607666,0
2011-03-14,24.1299991607666,24.639999389648438,23.06999969482422,23.299999237060547,0
2011-03-15,23.299999237060547,27.520000457763672,23.299999237060547,26.6299991607666,0
2011-03-16,26.6299991607666,26.6299991607666,24.139999389648438,24.889999389648438,0
2011-03-17,24.889999389648438,26.110000610351562,23.469999313354492,25.260000228881836,0
2011-03-18,25.260000228881836,26.600000381469727,23.270000457763672,25.889999389648438,0
2011-03-21,25.889999389648438,26.59000015258789,23.690000534057617,25.209999084472656,0
2011-03-22,25.209999084472656,25.209999084472656,22.18000030517578,22.260000228881836,0
2011-03-23,22.260000228881836,22.3700008392334,20.969999313354492,20.969999313354492,0
2011-03-24,20.969999313354492,20.969999313354492,18.829999923706055,19.84000015258789,0
2011-03-25,19.84000015258789,20.68000030517578,19.0,20.469999313354492,0
2011-03-28,20.469999313354492,21.8700008392334,20.239999771118164,21.020000457763672,0
2011-03-29,21.020000457763672,22.190000534057617,20.3700008392334,21.219999313354492,0
2011-03-30,21.219999313354492,22.139999389648438,19.950000762939453,22.040000915527344,0
2011-03-31,22.040000915527344,22.979999542236328,21.1299991607666,22.18000030517578,0
2011-04-01,22.18000030517578,22.18000030517578,20.100000381469727,20.110000610351562,0
2011-04-04,20.110000610351562,21.059999465942383,19.899999618530273,20.059999465942383,0
2011-04-05,20.059999465942383,20.719999313354492,18.84000015258789,19.899999618530273,0
2011-04-06,19.899999618530273,20.540000915527344,19.420000076293945,20.360000610351562,0
2011-04-07,20.360000610351562,20.790000915527344,19.969999313354492,20.31999969482422,0
2011-04-08,20.31999969482422,21.059999465942383,19.239999771118164,20.540000915527344,0
2011-04-11,20.540000915527344,21.6299991607666,20.360000610351562,21.239999771118164,0
2011-04-13,21.239999771118164,21.290000915527344,20.280000686645508,20.40999984741211,0
2011-04-15,20.40999984741211,22.399999618530273,19.540000915527344,21.59000015258789,0
2011-04-18,21.59000015258789,22.989999771118164,21.139999389648438,22.450000762939453,0
2011-04-19,22.450000762939453,23.040000915527344,21.5,22.06999969482422,0
2011-04-20,22.06999969482422,22.06999969482422,20.790000915527344,20.989999771118164,0
2011-04-21,20.989999771118164,20.989999771118164,19.860000610351562,20.510000228881836,0
2011-04-25,20.510000228881836,21.6200008392334,20.40999984741211,20.90999984741211,0
2011-04-26,20.90999984741211,22.420000076293945,20.8799991607666,21.709999084472656,0
2011-04-27,21.709999084472656,21.889999389648438,20.719999313354492,21.350000381469727,0
2011-04-28,21.350000381469727,21.649999618530273,20.25,20.920000076293945,0
2011-04-29,20.920000076293945,20.920000076293945,18.450000762939453,19.579999923706055,0
2011-05-02,19.579999923706055,21.1299991607666,19.579999923706055,20.8799991607666,0
2011-05-03,20.8799991607666,21.940000534057617,20.350000381469727,21.579999923706055,0
2011-05-04,21.579999923706055,21.809999465942383,20.579999923706055,21.18000030517578,0
2011-05-05,21.18000030517578,21.700000762939453,19.8799991607666,21.600000381469727,0
2011-05-06,21.600000381469727,21.600000381469727,19.360000610351562,20.969999313354492,0
2011-05-09,20.969999313354492,21.950000762939453,19.920000076293945,21.5,0
2011-05-10,21.5,21.90999984741211,20.190000534057617,21.739999771118164,0
2011-05-11,21.739999771118164,21.739999771118164,19.889999389648438,21.239999771118164,0
2011-05-12,21.239999771118164,21.450000762939453,19.829999923706055,21.229999542236328,0
2011-05-13,21.229999542236328,21.229999542236328,19.399999618530273,20.6299991607666,0
2011-05-16,20.6299991607666,21.969999313354492,19.899999618530273,21.459999084472656,0
2011-05-17,21.459999084472656,21.459999084472656,19.760000228881836,21.030000686645508,0
2011-05-18,21.030000686645508,21.420000076293945,19.420000076293945,20.709999084472656,0
2011-05-19,20.709999084472656,20.719999313354492,19.1299991607666,20.40999984741211,0
2011-05-20,20.40999984741211,20.40999984741211,18.420000076293945,19.450000762939453,0
2011-05-23,19.450000762939453,23.450000762939453,18.520000457763672,21.040000915527344,0
2011-05-24,21.040000915527344,21.360000610351562,19.549999237060547,19.93000030517578,0
2011-05-25,19.93000030517578,24.309999465942383,19.350000381469727,20.65999984741211,0
2011-05-26,20.65999984741211,20.850000381469727,18.530000686645508,19.18000030517578,0
2011-05-27,19.18000030517578,19.18000030517578,17.139999389648438,17.25,0
2011-05-30,17.25,18.8700008392334,17.25,17.8700008392334,0
2011-05-31,17.8700008392334,17.8700008392334,16.670000076293945,16.81999969482422,0
2011-06-01,16.81999969482422,17.43000030517578,16.360000610351562,16.729999542236328,0
2011-06-02,16.729999542236328,18.040000915527344,16.729999542236328,17.979999542236328,0
2011-06-03,17.979999542236328,18.170000076293945,16.989999771118164,17.610000610351562,0
2011-06-06,17.610000610351562,18.84000015258789,17.59000015258789,18.209999084472656,0
2011-06-07,18.209999084472656,18.579999923706055,17.84000015258789,18.030000686645508,0
2011-06-08,18.030000686645508,18.719999313354492,17.709999084472656,18.579999923706055,0
2011-06-09,18.579999923706055,19.0,17.799999237060547,18.579999923706055,0
2011-06-10,18.579999923706055,19.75,17.549999237060547,18.540000915527344,0
2011-06-13,18.540000915527344,19.40999984741211,18.229999542236328,18.90999984741211,0
2011-06-14,18.90999984741211,18.90999984741211,17.530000686645508,18.510000228881836,0
2011-06-15,18.510000228881836,19.219999313354492,17.899999618530273,19.139999389648438,0
2011-06-16,19.139999389648438,19.860000610351562,18.34000015258789,19.65999984741211,0
2011-06-17,19.65999984741211,20.280000686645508,18.600000381469727,20.270000457763672,0
2011-06-20,20.270000457763672,24.3799991607666,19.780000686645508,22.18000030517578,0
2011-06-21,22.18000030517578,22.18000030517578,20.93000030517578,21.309999465942383,0
2011-06-22,21.309999465942383,21.309999465942383,20.239999771118164,20.889999389648438,0
2011-06-23,20.889999389648438,20.950000762939453,19.469999313354492,19.5,0
2011-06-24,19.5,19.5,18.25,19.31999969482422,0
2011-06-27,19.31999969482422,20.3700008392334,19.209999084472656,19.989999771118164,0
2011-06-28,19.989999771118164,19.989999771118164,19.31999969482422,19.489999771118164,0
2011-06-29,19.489999771118164,19.540000915527344,18.760000228881836,19.459999084472656,0
2011-06-30,19.459999084472656,19.459999084472656,18.40999984741211,18.40999984741211,0
2011-07-01,18.40999984741211,18.43000030517578,17.790000915527344,18.209999084472656,0
2011-07-04,18.209999084472656,18.709999084472656,17.84000015258789,18.170000076293945,0
2011-07-05,18.170000076293945,18.520000457763672,17.780000686645508,18.25,0
2011-07-06,18.25,18.489999771118164,18.1200008392334,18.34000015258789,0
2011-07-07,18.34000015258789,18.6200008392334,17.350000381469727,18.6200008392334,0
2011-07-08,18.6200008392334,18.790000915527344,18.020000457763672,18.670000076293945,0
2011-07-11,18.670000076293945,19.709999084472656,18.600000381469727,19.690000534057617,0
2011-07-12,19.690000534057617,21.219999313354492,19.40999984741211,20.829999923706055,0
2011-07-13,20.829999923706055,20.829999923706055,19.5,19.520000457763672,0
2011-07-14,19.520000457763672,20.290000915527344,17.850000381469727,19.969999313354492,0
2011-07-15,19.969999313354492,20.260000228881836,19.079999923706055,19.950000762939453,0
2011-07-18,19.950000762939453,20.399999618530273,19.290000915527344,20.200000762939453,0
2011-07-19,20.200000762939453,20.200000762939453,19.079999923706055,19.25,0
2011-07-20,19.25,19.459999084472656,18.479999542236328,19.110000610351562,0
2011-07-21,19.110000610351562,19.15999984741211,18.639999389648438,18.75,0
2011-07-22,18.75,18.75,17.270000457763672,17.90999984741211,0
2011-07-25,17.90999984741211,19.229999542236328,16.549999237060547,19.200000762939453,0
2011-07-26,19.200000762939453,19.59000015258789,18.40999984741211,19.299999237060547,0
2011-07-27,19.299999237060547,19.360000610351562,18.1299991607666,18.25,0
2011-07-28,18.25,19.040000915527344,18.25,18.510000228881836,0
2011-07-29,18.510000228881836,19.8799991607666,18.389999389648438,19.770000457763672,0
2011-08-01,19.770000457763672,19.770000457763672,18.579999923706055,18.780000686645508,0
2011-08-02,18.780000686645508,19.510000228881836,18.3799991607666,19.149999618530273,0
2011-08-03,19.149999618530273,19.989999771118164,18.979999542236328,19.479999542236328,0
2011-08-04,19.43000030517578,20.280000686645508,19.260000228881836,20.219999313354492,0
2011-08-05,20.219999313354492,26.399999618530273,19.84000015258789,24.899999618530273,0
2011-08-08,24.899999618530273,29.649999618530273,24.899999618530273,28.780000686645508,0
2011-08-09,28.780000686645508,37.0,28.780000686645508,34.880001068115234,0
2011-08-10,34.880001068115234,34.880001068115234,26.09000015258789,28.950000762939453,0
2011-08-11,28.950000762939453,29.489999771118164,27.399999618530273,29.09000015258789,0
2011-08-12,29.09000015258789,29.09000015258789,25.649999618530273,27.020000457763672,0
2011-08-16,27.020000457763672,27.1299991607666,24.989999771118164,26.459999084472656,0
2011-08-17,26.459999084472656,26.459999084472656,24.530000686645508,25.479999542236328,0
2011-08-18,25.479999542236328,27.8700008392334,22.350000381469727,27.450000762939453,0
2011-08-19,27.450000762939453,31.1299991607666,25.899999618530273,29.190000534057617,0
2011-08-22,29.190000534057617,30.350000381469727,27.030000686645508,27.079999923706055,0
2011-08-23,27.079999923706055,29.059999465942383,25.229999542236328,25.920000076293945,0
2011-08-24,25.920000076293945,29.219999313354492,24.93000030517578,28.600000381469727,0
2011-08-25,28.600000381469727,30.34000015258789,26.40999984741211,27.940000534057617,0
2011-08-26,27.940000534057617,33.2599983215332,27.75,33.2599983215332,0
2011-08-29,33.2599983215332,33.2599983215332,25.65999984741211,26.06999969482422,0
2011-08-30,26.06999969482422,26.399999618530273,24.399999618530273,24.8799991607666,0
2011-09-02,24.8799991607666,26.3700008392334,24.010000228881836,26.09000015258789,0
2011-09-05,26.09000015258789,28.31999969482422,26.09000015258789,27.829999923706055,0
2011-09-06,27.829999923706055,30.5,26.809999465942383,28.65999984741211,0
2011-09-07,28.65999984741211,28.770000457763672,27.399999618530273,27.860000610351562,0
2011-09-08,27.860000610351562,28.670000076293945,26.979999542236328,27.639999389648438,0
2011-09-09,27.639999389648438,28.280000686645508,26.149999618530273,28.149999618530273,0
2011-09-12,28.149999618530273,32.91999816894531,27.309999465942383,32.75,0
2011-09-13,32.75,33.709999084472656,29.420000076293945,32.77000045776367,0
2011-09-14,32.77000045776367,34.7400016784668,31.239999771118164,32.45000076293945,0
2011-09-15,32.45000076293945,33.720001220703125,29.90999984741211,30.790000915527344,0
2011-09-16,30.790000915527344,30.790000915527344,28.3700008392334,28.450000762939453,0
2011-09-19,28.450000762939453,30.75,27.559999465942383,29.600000381469727,0
2011-09-20,29.600000381469727,29.600000381469727,27.010000228881836,27.25,0
2011-09-21,27.25,28.170000076293945,25.989999771118164,27.670000076293945,0
2011-09-22,27.670000076293945,34.91999816894531,27.670000076293945,33.880001068115234,0
2011-09-23,33.880001068115234,37.54999923706055,33.52000045776367,35.15999984741211,0
2011-09-26,35.15999984741211,38.189998626708984,34.470001220703125,35.43000030517578,0
2011-09-27,35.43000030517578,35.43000030517578,31.239999771118164,32.0099983215332,0
2011-09-28,32.0099983215332,34.11000061035156,31.030000686645508,32.0,0
2011-09-29,32.0,32.810001373291016,30.5,31.06999969482422,0
2011-09-30,31.06999969482422,32.52000045776367,30.280000686645508,31.940000534057617,0
2011-10-03,31.940000534057617,36.04999923706055,31.940000534057617,35.06999969482422,0
2011-10-04,35.06999969482422,39.02000045776367,34.790000915527344,37.189998626708984,0
2011-10-05,37.189998626708984,37.189998626708984,34.7599983215332,35.369998931884766,0
2011-10-07,35.369998931884766,35.369998931884766,29.899999618530273,33.02000045776367,0
2011-10-10,33.02000045776367,33.709999084472656,30.030000686645508,30.030000686645508,0
2011-10-11,30.030000686645508,30.950000762939453,28.149999618530273,30.299999237060547,0
2011-10-12,30.299999237060547,30.299999237060547,28.010000228881836,28.40999984741211,0
2011-10-13,28.40999984741211,28.540000915527344,27.420000076293945,28.239999771118164,0
2011-10-14,28.239999771118164,28.309999465942383,25.729999542236328,25.979999542236328,0
2011-10-17,25.979999542236328,26.530000686645508,25.0,25.43000030517578,0
2011-10-18,25.43000030517578,26.59000015258789,25.329999923706055,25.899999618530273,0
2011-10-19,25.899999618530273,25.899999618530273,23.530000686645508,24.049999237060547,0
2011-10-20,24.049999237060547,26.540000915527344,19.600000381469727,25.600000381469727,0
2011-10-21,25.600000381469727,26.700000762939453,24.389999389648438,26.299999237060547,0
2011-10-24,26.299999237060547,26.299999237060547,24.579999923706055,25.219999313354492,0
2011-10-25,25.219999313354492,25.219999313354492,22.0,22.309999465942383,0
2011-10-28,22.690000534057617,22.690000534057617,20.56999969482422,20.889999389648438,0
2011-10-31,20.270000457763672,22.790000915527344,20.270000457763672,22.65999984741211,0
2011-11-01,20.729999542236328,24.600000381469727,20.729999542236328,24.020000457763672,0
2011-11-02,24.020000457763672,24.920000076293945,23.56999969482422,24.889999389648438,0
2011-11-03,24.889999389648438,26.18000030517578,24.420000076293945,24.65999984741211,0
2011-11-04,21.1299991607666,23.8799991607666,21.1299991607666,23.43000030517578,0
2011-11-08,20.75,24.739999771118164,20.75,23.709999084472656,0
2011-11-09,23.709999084472656,24.81999969482422,20.15999984741211,24.299999237060547,0
2011-11-11,24.299999237060547,25.93000030517578,24.270000457763672,24.739999771118164,0
2011-11-14,24.739999771118164,25.469999313354492,24.0,25.290000915527344,0
2011-11-15,25.290000915527344,26.030000686645508,24.43000030517578,25.969999313354492,0
2011-11-16,25.969999313354492,27.219999313354492,24.93000030517578,25.040000915527344,0
2011-11-17,25.040000915527344,27.270000457763672,24.729999542236328,26.920000076293945,0
2011-11-18,26.920000076293945,28.229999542236328,26.280000686645508,26.579999923706055,0
2011-11-21,23.06999969482422,28.690000534057617,23.06999969482422,28.610000610351562,0
2011-11-22,22.639999389648438,28.899999618530273,22.639999389648438,27.350000381469727,0
2011-11-23,27.350000381469727,32.709999084472656,26.979999542236328,30.68000030517578,0
2011-11-24,24.84000015258789,32.52000045776367,24.84000015258789,27.950000762939453,0
2011-11-25,27.950000762939453,30.1299991607666,27.950000762939453,29.1200008392334,0
2011-11-28,28.6299991607666,28.770000457763672,26.639999389648438,26.639999389648438,0
2011-11-29,26.639999389648438,28.149999618530273,26.200000762939453,26.8700008392334,0
2011-11-30,26.459999084472656,27.850000381469727,26.149999618530273,26.549999237060547,0
2011-12-01,26.549999237060547,26.549999237060547,23.3700008392334,25.020000457763672,0
2011-12-02,24.09000015258789,24.899999618530273,23.3799991607666,23.989999771118164,0
2011-12-05,23.399999618530273,25.75,23.399999618530273,25.020000457763672,0
2011-12-07,24.520000457763672,26.579999923706055,24.520000457763672,26.459999084472656,0
2011-12-08,25.0,29.0,25.0,28.579999923706055,0
2011-12-09,28.030000686645508,29.979999542236328,28.030000686645508,29.530000686645508,0
2011-12-12,27.209999084472656,30.0,27.209999084472656,29.270000457763672,0
2011-12-13,28.469999313354492,29.610000610351562,28.110000610351562,28.110000610351562,0
2011-12-14,28.079999923706055,29.350000381469727,28.079999923706055,28.790000915527344,0
2011-12-15,28.790000915527344,30.260000228881836,27.979999542236328,28.809999465942383,0
2011-12-16,27.479999542236328,29.690000534057617,27.479999542236328,29.690000534057617,0
2011-12-19,29.690000534057617,31.270000457763672,29.690000534057617,30.579999923706055,0
2011-12-20,30.579999923706055,31.020000457763672,29.540000915527344,30.530000686645508,0
2011-12-21,28.809999465942383,29.8799991607666,27.530000686645508,27.530000686645508,0
2011-12-22,27.309999465942383,28.229999542236328,26.579999923706055,26.84000015258789,0
2011-12-23,26.84000015258789,27.90999984741211,25.809999465942383,27.389999389648438,0
2011-12-26,26.989999771118164,27.969999313354492,26.309999465942383,26.600000381469727,0
2011-12-27,26.600000381469727,27.010000228881836,26.030000686645508,26.290000915527344,0
2011-12-28,26.290000915527344,27.239999771118164,25.940000534057617,26.739999771118164,0
2011-12-29,26.739999771118164,27.549999237060547,26.43000030517578,26.6200008392334,0
2011-12-30,26.6200008392334,27.790000915527344,26.25,27.110000610351562,0
2012-01-02,27.110000610351562,28.68000030517578,27.110000610351562,27.530000686645508,0
2012-01-03,27.530000686645508,27.530000686645508,25.989999771118164,26.15999984741211,0
2012-01-04,26.15999984741211,26.84000015258789,25.600000381469727,26.40999984741211,0
2012-01-05,26.40999984741211,26.600000381469727,25.719999313354492,25.90999984741211,0
2012-01-06,25.90999984741211,26.440000534057617,25.09000015258789,25.459999084472656,0
2012-01-09,25.649999618530273,26.540000915527344,24.90999984741211,25.68000030517578,0
2012-01-10,25.68000030517578,25.68000030517578,23.959999084472656,24.0,0
2012-01-11,24.0,24.639999389648438,23.31999969482422,24.540000915527344,0
2012-01-12,24.540000915527344,24.850000381469727,23.770000457763672,24.030000686645508,0
2012-01-13,24.030000686645508,24.149999618530273,23.229999542236328,23.479999542236328,0
2012-01-16,23.479999542236328,24.959999084472656,23.219999313354492,24.06999969482422,0
2012-01-17,24.06999969482422,24.06999969482422,22.479999542236328,22.610000610351562,0
2012-01-18,22.610000610351562,22.75,21.969999313354492,22.68000030517578,0
2012-01-19,22.68000030517578,22.68000030517578,20.8799991607666,21.68000030517578,0
2012-01-20,21.68000030517578,22.329999923706055,18.010000228881836,21.959999084472656,0
2012-01-23,21.959999084472656,22.90999984741211,21.959999084472656,22.139999389648438,0
2012-01-24,22.139999389648438,22.510000228881836,20.770000457763672,21.420000076293945,0
2012-01-25,21.420000076293945,21.420000076293945,18.6299991607666,21.020000457763672,0
2012-01-27,21.020000457763672,22.200000762939453,20.68000030517578,21.700000762939453,0
2012-01-30,21.700000762939453,23.479999542236328,21.700000762939453,23.459999084472656,0
2012-01-31,23.459999084472656,23.459999084472656,22.329999923706055,22.65999984741211,0
2012-02-01,22.65999984741211,23.489999771118164,22.170000076293945,22.889999389648438,0
2012-02-02,22.889999389648438,24.260000228881836,21.8799991607666,23.690000534057617,0
2012-02-03,23.690000534057617,24.489999771118164,23.350000381469727,24.09000015258789,0
2012-02-06,24.09000015258789,25.020000457763672,23.579999923706055,24.6200008392334,0
2012-02-07,24.65999984741211,25.149999618530273,23.690000534057617,24.90999984741211,0
2012-02-08,24.90999984741211,25.010000228881836,24.170000076293945,24.270000457763672,0
2012-02-09,24.270000457763672,24.610000610351562,23.25,23.299999237060547,0
2012-02-10,23.299999237060547,24.469999313354492,22.979999542236328,23.829999923706055,0
2012-02-13,23.829999923706055,24.760000228881836,23.1200008392334,23.709999084472656,0
2012-02-14,23.709999084472656,23.920000076293945,22.709999084472656,22.709999084472656,0
2012-02-15,22.709999084472656,22.709999084472656,21.709999084472656,22.100000381469727,0
2012-02-16,22.100000381469727,23.8799991607666,20.299999237060547,23.329999923706055,0
2012-02-17,23.329999923706055,24.90999984741211,21.809999465942383,24.18000030517578,0
2012-02-21,24.18000030517578,27.18000030517578,24.18000030517578,26.25,0
2012-02-22,26.25,27.299999237060547,25.690000534057617,26.799999237060547,0
2012-02-23,26.799999237060547,26.799999237060547,24.1299991607666,24.329999923706055,0
2012-02-24,24.329999923706055,25.790000915527344,23.59000015258789,24.81999969482422,0
2012-02-27,24.81999969482422,27.8700008392334,24.81999969482422,27.3799991607666,0
2012-02-28,27.3799991607666,27.3799991607666,25.700000762939453,25.850000381469727,0
2012-02-29,25.850000381469727,27.09000015258789,24.690000534057617,26.93000030517578,0
2012-03-01,26.93000030517578,28.020000457763672,26.520000457763672,27.670000076293945,0
2012-03-02,27.670000076293945,28.3700008392334,26.6200008392334,27.84000015258789,0
2012-03-05,28.200000762939453,29.549999237060547,28.200000762939453,28.920000076293945,0
2012-03-06,28.920000076293945,28.920000076293945,26.049999237060547,27.34000015258789,0
2012-03-07,27.34000015258789,27.34000015258789,25.969999313354492,26.329999923706055,0
2012-03-09,26.329999923706055,26.329999923706055,24.600000381469727,25.469999313354492,0
2012-03-12,25.469999313354492,26.93000030517578,24.920000076293945,26.270000457763672,0
2012-03-13,26.270000457763672,26.270000457763672,24.639999389648438,24.75,0
2012-03-14,24.75,25.09000015258789,23.030000686645508,24.719999313354492,0
2012-03-15,24.719999313354492,25.639999389648438,24.040000915527344,25.420000076293945,0
2012-03-16,25.420000076293945,25.420000076293945,22.579999923706055,23.1299991607666,0
2012-03-19,23.1299991607666,23.81999969482422,22.790000915527344,22.969999313354492,0
2012-03-20,22.969999313354492,22.969999313354492,21.360000610351562,21.940000534057617,0
2012-03-21,21.940000534057617,21.989999771118164,21.0,21.0,0
2012-03-22,21.0,24.770000457763672,20.59000015258789,24.770000457763672,0
2012-03-23,24.770000457763672,24.770000457763672,22.889999389648438,23.34000015258789,0
2012-03-26,23.34000015258789,27.450000762939453,22.399999618530273,26.739999771118164,0
2012-03-27,26.739999771118164,27.1299991607666,24.31999969482422,25.049999237060547,0
2012-03-28,25.049999237060547,25.829999923706055,24.81999969482422,24.8700008392334,0
2012-03-29,24.8700008392334,25.860000610351562,24.190000534057617,24.329999923706055,0
2012-03-30,24.329999923706055,24.329999923706055,22.06999969482422,22.3799991607666,0
2012-04-02,22.860000610351562,22.940000534057617,20.8799991607666,20.8799991607666,0
2012-04-03,20.8799991607666,20.8799991607666,19.93000030517578,20.010000228881836,0
2012-04-04,20.010000228881836,20.850000381469727,20.010000228881836,20.6299991607666,0
2012-04-09,20.6299991607666,22.440000534057617,20.6299991607666,22.329999923706055,0
2012-04-10,22.329999923706055,22.809999465942383,21.729999542236328,21.920000076293945,0
2012-04-11,21.920000076293945,22.75,21.649999618530273,22.290000915527344,0
2012-04-12,22.290000915527344,22.290000915527344,21.719999313354492,21.780000686645508,0
2012-04-13,19.860000610351562,23.15999984741211,19.860000610351562,22.75,0
2012-04-16,22.75,23.290000915527344,22.229999542236328,22.229999542236328,0
2012-04-17,22.229999542236328,22.75,20.290000915527344,20.309999465942383,0
2012-04-18,18.93000030517578,20.200000762939453,18.93000030517578,20.030000686645508,0
2012-04-19,20.030000686645508,20.030000686645508,18.989999771118164,19.350000381469727,0
2012-04-20,19.350000381469727,20.75,19.020000457763672,20.09000015258789,0
2012-04-23,20.09000015258789,21.56999969482422,19.709999084472656,21.56999969482422,0
2012-04-24,21.56999969482422,21.56999969482422,19.1299991607666,19.25,0
2012-04-25,17.760000228881836,20.399999618530273,17.760000228881836,18.940000534057617,0
2012-04-26,19.329999923706055,19.450000762939453,18.309999465942383,18.739999771118164,0
2012-04-27,18.739999771118164,19.18000030517578,17.850000381469727,17.889999389648438,0
2012-04-30,17.610000610351562,18.520000457763672,17.610000610351562,17.81999969482422,0
2012-05-02,17.81999969482422,18.610000610351562,17.81999969482422,18.540000915527344,0
2012-05-03,18.540000915527344,19.81999969482422,18.540000915527344,19.25,0
2012-05-04,19.25,21.450000762939453,19.25,21.1200008392334,0
2012-05-07,21.1200008392334,23.229999542236328,20.18000030517578,20.219999313354492,0
2012-05-08,20.219999313354492,22.299999237060547,19.649999618530273,22.15999984741211,0
2012-05-09,22.15999984741211,23.8700008392334,22.059999465942383,23.040000915527344,0
2012-05-10,23.040000915527344,23.639999389648438,22.06999969482422,22.719999313354492,0
2012-05-11,22.719999313354492,23.93000030517578,22.350000381469727,22.479999542236328,0
2012-05-14,22.479999542236328,23.520000457763672,22.479999542236328,23.260000228881836,0
2012-05-15,23.260000228881836,23.260000228881836,22.200000762939453,22.280000686645508,0
2012-05-16,22.280000686645508,24.540000915527344,22.280000686645508,23.709999084472656,0
2012-05-17,23.709999084472656,24.270000457763672,22.209999084472656,23.59000015258789,0
2012-05-18,23.59000015258789,25.450000762939453,22.56999969482422,23.549999237060547,0
2012-05-21,23.549999237060547,24.350000381469727,23.200000762939453,23.920000076293945,0
2012-05-22,23.920000076293945,24.6299991607666,22.600000381469727,24.389999389648438,0
2012-05-23,24.389999389648438,27.200000762939453,23.209999084472656,27.1299991607666,0
2012-05-24,27.1299991607666,27.1299991607666,24.0,25.489999771118164,0
2012-05-25,25.489999771118164,26.600000381469727,24.059999465942383,25.139999389648438,0
2012-05-28,25.139999389648438,25.399999618530273,23.59000015258789,23.68000030517578,0
2012-05-29,23.68000030517578,24.329999923706055,22.700000762939453,24.030000686645508,0
2012-05-30,24.030000686645508,25.540000915527344,23.290000915527344,25.299999237060547,0
2012-05-31,25.299999237060547,25.969999313354492,24.989999771118164,25.25,0
2012-06-01,25.25,26.770000457763672,24.8799991607666,26.770000457763672,0
2012-06-04,26.770000457763672,28.649999618530273,25.600000381469727,25.600000381469727,0
2012-06-05,25.600000381469727,26.690000534057617,24.270000457763672,26.260000228881836,0
2012-06-06,26.260000228881836,26.260000228881836,24.260000228881836,24.899999618530273,0
2012-06-07,24.899999618530273,25.059999465942383,23.34000015258789,23.639999389648438,0
2012-06-08,23.639999389648438,24.75,23.450000762939453,23.469999313354492,0
2012-06-11,23.469999313354492,25.020000457763672,23.469999313354492,25.020000457763672,0
2012-06-12,25.020000457763672,25.43000030517578,23.940000534057617,24.200000762939453,0
2012-06-13,24.200000762939453,25.31999969482422,23.530000686645508,24.360000610351562,0
2012-06-14,24.360000610351562,25.81999969482422,23.399999618530273,25.709999084472656,0
2012-06-15,25.709999084472656,25.920000076293945,24.489999771118164,25.540000915527344,0
2012-06-18,25.540000915527344,25.540000915527344,22.25,22.600000381469727,0
2012-06-19,22.600000381469727,22.600000381469727,21.040000915527344,21.43000030517578,0
2012-06-20,21.43000030517578,21.719999313354492,20.110000610351562,21.030000686645508,0
2012-06-21,21.030000686645508,21.219999313354492,19.43000030517578,19.940000534057617,0
2012-06-22,19.940000534057617,21.520000457763672,19.610000610351562,20.579999923706055,0
2012-06-25,20.579999923706055,21.6299991607666,20.040000915527344,21.56999969482422,0
2012-06-26,21.56999969482422,21.760000228881836,20.040000915527344,20.229999542236328,0
2012-06-27,20.229999542236328,20.809999465942383,19.389999389648438,20.3700008392334,0
2012-06-28,20.3700008392334,20.729999542236328,19.530000686645508,20.6200008392334,0
2012-06-29,20.6200008392334,20.6200008392334,18.799999237060547,19.079999923706055,0
2012-07-02,19.079999923706055,19.700000762939453,18.790000915527344,19.010000228881836,0
2012-07-03,19.010000228881836,19.010000228881836,18.139999389648438,18.559999465942383,0
2012-07-04,18.559999465942383,18.829999923706055,17.479999542236328,18.270000457763672,0
2012-07-05,18.270000457763672,18.700000762939453,18.09000015258789,18.350000381469727,0
2012-07-06,18.350000381469727,18.6299991607666,18.040000915527344,18.040000915527344,0
2012-07-09,18.040000915527344,19.09000015258789,18.040000915527344,18.719999313354492,0
2012-07-10,18.719999313354492,18.8700008392334,17.799999237060547,17.829999923706055,0
2012-07-11,17.829999923706055,18.56999969482422,17.799999237060547,18.389999389648438,0
2012-07-12,18.389999389648438,19.309999465942383,18.020000457763672,18.709999084472656,0
2012-07-13,18.709999084472656,18.709999084472656,17.6200008392334,18.260000228881836,0
2012-07-16,18.260000228881836,19.010000228881836,18.079999923706055,18.770000457763672,0
2012-07-17,18.770000457763672,18.770000457763672,17.719999313354492,17.780000686645508,0
2012-07-18,17.780000686645508,17.829999923706055,17.059999465942383,17.440000534057617,0
2012-07-19,17.440000534057617,17.440000534057617,16.329999923706055,16.3799991607666,0
2012-07-20,16.3799991607666,17.309999465942383,15.84000015258789,16.889999389648438,0
2012-07-23,16.889999389648438,18.670000076293945,16.889999389648438,18.65999984741211,0
2012-07-24,18.65999984741211,18.65999984741211,16.559999465942383,16.969999313354492,0
2012-07-25,16.969999313354492,18.139999389648438,16.479999542236328,16.75,0
2012-07-26,16.75,17.579999923706055,15.920000076293945,16.3700008392334,0
2012-07-27,16.3700008392334,16.75,15.420000076293945,16.440000534057617,0
2012-07-30,16.440000534057617,17.31999969482422,16.43000030517578,16.600000381469727,0
2012-07-31,16.600000381469727,17.1299991607666,15.930000305175781,16.010000228881836,0
2012-08-01,16.010000228881836,16.479999542236328,15.859999656677246,16.450000762939453,0
2012-08-02,16.450000762939453,16.90999984741211,16.450000762939453,16.770000457763672,0
2012-08-03,16.770000457763672,16.959999084472656,16.1200008392334,16.1200008392334,0
2012-08-06,16.1200008392334,16.510000228881836,15.680000305175781,16.219999313354492,0
2012-08-07,16.219999313354492,16.329999923706055,15.739999771118164,16.209999084472656,0
2012-08-08,16.209999084472656,16.739999771118164,15.510000228881836,16.3700008392334,0
2012-08-09,16.3700008392334,16.770000457763672,16.040000915527344,16.329999923706055,0
2012-08-10,16.329999923706055,16.510000228881836,16.030000686645508,16.06999969482422,0
2012-08-13,16.06999969482422,16.649999618530273,16.0,16.010000228881836,0
2012-08-14,16.010000228881836,16.149999618530273,15.569999694824219,15.640000343322754,0
2012-08-16,15.640000343322754,16.1299991607666,15.069999694824219,15.6899995803833,0
2012-08-17,15.6899995803833,16.020000457763672,15.210000038146973,15.729999542236328,0
2012-08-21,15.729999542236328,16.489999771118164,15.710000038146973,16.299999237060547,0
2012-08-22,16.299999237060547,16.530000686645508,15.789999961853027,16.0,0
2012-08-23,16.0,16.360000610351562,15.4399995803833,16.1200008392334,0
2012-08-24,16.1200008392334,16.799999237060547,15.65999984741211,16.15999984741211,0
2012-08-27,16.15999984741211,17.030000686645508,14.680000305175781,16.469999313354492,0
2012-08-28,16.469999313354492,16.760000228881836,15.800000190734863,16.350000381469727,0
2012-08-29,16.350000381469727,16.899999618530273,15.640000343322754,16.739999771118164,0
2012-08-30,16.739999771118164,17.040000915527344,16.549999237060547,16.670000076293945,0
2012-08-31,16.670000076293945,17.350000381469727,16.59000015258789,17.299999237060547,0
2012-09-03,17.299999237060547,17.5,16.860000610351562,17.280000686645508,0
2012-09-04,17.280000686645508,17.280000686645508,16.59000015258789,16.59000015258789,0
2012-09-05,16.59000015258789,17.149999618530273,16.190000534057617,17.010000228881836,0
2012-09-06,17.010000228881836,17.06999969482422,16.229999542236328,16.979999542236328,0
2012-09-07,16.979999542236328,16.979999542236328,15.199999809265137,15.260000228881836,0
2012-09-10,14.760000228881836,15.460000038146973,14.760000228881836,15.270000457763672,0
2012-09-11,15.270000457763672,15.510000228881836,15.100000381469727,15.380000114440918,0
2012-09-12,15.380000114440918,15.65999984741211,14.640000343322754,15.039999961853027,0
2012-09-13,15.039999961853027,15.829999923706055,14.619999885559082,15.670000076293945,0
2012-09-14,15.670000076293945,15.670000076293945,13.859999656677246,15.380000114440918,0
2012-09-17,15.380000114440918,17.809999465942383,15.380000114440918,17.780000686645508,0
2012-09-18,17.780000686645508,18.09000015258789,16.170000076293945,17.829999923706055,0
2012-09-20,17.829999923706055,18.809999465942383,17.1299991607666,18.6200008392334,0
2012-09-21,18.6200008392334,19.450000762939453,17.09000015258789,18.93000030517578,0
2012-09-24,18.93000030517578,19.829999923706055,18.459999084472656,18.829999923706055,0
2012-09-25,18.829999923706055,18.829999923706055,17.110000610351562,17.110000610351562,0
2012-09-26,17.110000610351562,17.299999237060547,16.6200008392334,16.969999313354492,0
2012-09-27,16.969999313354492,17.09000015258789,15.729999542236328,16.90999984741211,0
2012-09-28,16.90999984741211,16.90999984741211,16.1299991607666,16.15999984741211,0
2012-10-01,16.15999984741211,16.770000457763672,15.989999771118164,16.34000015258789,0
2012-10-03,16.34000015258789,16.979999542236328,15.6899995803833,16.5,0
2012-10-04,16.5,16.6200008392334,15.59000015258789,16.440000534057617,0
2012-10-05,16.440000534057617,17.489999771118164,15.680000305175781,16.780000686645508,0
2012-10-08,16.780000686645508,17.59000015258789,16.170000076293945,17.170000076293945,0
2012-10-09,17.170000076293945,17.170000076293945,16.31999969482422,16.799999237060547,0
2012-10-10,16.799999237060547,17.15999984741211,16.5,16.829999923706055,0
2012-10-11,16.829999923706055,17.239999771118164,16.1200008392334,16.489999771118164,0
2012-10-12,16.489999771118164,16.81999969482422,15.369999885559082,16.489999771118164,0
2012-10-15,16.489999771118164,16.68000030517578,15.779999732971191,15.899999618530273,0
2012-10-16,15.899999618530273,15.899999618530273,14.819999694824219,15.569999694824219,0
2012-10-17,15.569999694824219,15.569999694824219,14.359999656677246,15.170000076293945,0
2012-10-18,15.170000076293945,15.170000076293945,14.149999618530273,14.760000228881836,0
2012-10-19,14.760000228881836,15.1899995803833,13.949999809265137,14.539999961853027,0
2012-10-22,14.34000015258789,14.369999885559082,12.869999885559082,13.039999961853027,0
2012-10-23,13.039999961853027,14.220000267028809,12.930000305175781,13.710000038146973,0
2012-10-25,13.710000038146973,14.550000190734863,13.399999618530273,13.520000457763672,0
2012-10-29,14.210000038146973,15.369999885559082,14.210000038146973,15.119999885559082,0
2012-10-30,15.119999885559082,15.550000190734863,15.09000015258789,15.170000076293945,0
2012-10-31,15.170000076293945,15.180000305175781,14.3100004196167,14.399999618530273,0
2012-11-01,14.399999618530273,14.670000076293945,14.010000228881836,14.079999923706055,0
2012-11-02,14.079999923706055,14.079999923706055,13.25,13.65999984741211,0
2012-11-05,13.65999984741211,14.979999542236328,13.489999771118164,14.630000114440918,0
2012-11-06,14.630000114440918,15.640000343322754,13.829999923706055,15.210000038146973,0
2012-11-07,15.210000038146973,15.390000343322754,14.40999984741211,14.510000228881836,0
2012-11-08,14.510000228881836,14.569999694824219,13.859999656677246,14.220000267028809,0
2012-11-09,14.220000267028809,14.800000190734863,13.569999694824219,14.369999885559082,0
2012-11-12,14.369999885559082,15.109999656677246,13.75,14.859999656677246,0
2012-11-15,14.90999984741211,16.360000610351562,13.850000381469727,15.529999732971191,0
2012-11-16,15.529999732971191,16.270000457763672,14.130000114440918,16.219999313354492,0
2012-11-19,16.219999313354492,17.219999313354492,14.710000038146973,16.68000030517578,0
2012-11-20,16.68000030517578,16.68000030517578,14.720000267028809,15.8100004196167,0
2012-11-21,15.8100004196167,16.030000686645508,14.819999694824219,15.460000038146973,0
2012-11-22,15.460000038146973,15.550000190734863,14.649999618530273,14.90999984741211,0
2012-11-23,14.90999984741211,15.010000228881836,13.420000076293945,14.680000305175781,0
2012-11-26,14.680000305175781,14.9399995803833,14.09000015258789,14.670000076293945,0
2012-11-27,14.670000076293945,14.680000305175781,13.390000343322754,13.960000038146973,0
2012-11-29,13.960000038146973,15.619999885559082,13.479999542236328,15.369999885559082,0
2012-11-30,15.369999885559082,15.380000114440918,14.0600004196167,15.149999618530273,0
2012-12-03,15.149999618530273,15.720000267028809,14.539999961853027,15.619999885559082,0
2012-12-04,15.619999885559082,16.170000076293945,14.619999885559082,15.90999984741211,0
2012-12-05,15.90999984741211,16.719999313354492,14.789999961853027,16.6200008392334,0
2012-12-06,16.6200008392334,16.6200008392334,15.020000457763672,15.239999771118164,0
2012-12-07,15.239999771118164,15.510000228881836,14.420000076293945,14.960000038146973,0
2012-12-10,14.960000038146973,14.960000038146973,14.220000267028809,14.510000228881836,0
2012-12-11,14.510000228881836,14.84000015258789,13.390000343322754,14.670000076293945,0
2012-12-12,14.670000076293945,14.670000076293945,13.399999618530273,14.510000228881836,0
2012-12-13,14.510000228881836,14.859999656677246,13.289999961853027,14.710000038146973,0
2012-12-14,14.710000038146973,14.829999923706055,13.430000305175781,14.229999542236328,0
2012-12-17,14.229999542236328,15.0600004196167,13.420000076293945,14.920000076293945,0
2012-12-18,14.920000076293945,14.920000076293945,14.069999694824219,14.4399995803833,0
2012-12-19,14.4399995803833,14.640000343322754,13.279999732971191,14.470000267028809,0
2012-12-20,14.470000267028809,14.899999618530273,13.770000457763672,14.319999694824219,0
2012-12-21,14.319999694824219,15.0600004196167,13.770000457763672,14.630000114440918,0
2012-12-24,14.630000114440918,15.149999618530273,14.149999618530273,14.489999771118164,0
2012-12-26,14.489999771118164,14.979999542236328,14.029999732971191,14.100000381469727,0
2012-12-27,14.100000381469727,14.34000015258789,13.619999885559082,13.739999771118164,0
2012-12-28,13.739999771118164,13.829999923706055,13.460000038146973,13.630000114440918,0
2012-12-31,13.630000114440918,14.970000267028809,13.630000114440918,14.949999809265137,0
2013-01-01,14.949999809265137,14.949999809265137,13.640000343322754,13.6899995803833,0
2013-01-02,13.6899995803833,13.90999984741211,12.989999771118164,13.710000038146973,0
2013-01-03,13.710000038146973,13.9399995803833,13.220000267028809,13.470000267028809,0
2013-01-04,13.470000267028809,13.630000114440918,13.279999732971191,13.369999885559082,0
2013-01-07,13.369999885559082,14.039999961853027,13.369999885559082,13.920000076293945,0
2013-01-08,13.920000076293945,14.0600004196167,13.210000038146973,13.270000457763672,0
2013-01-09,13.270000457763672,13.5600004196167,12.579999923706055,13.319999694824219,0
2013-01-10,13.319999694824219,13.630000114440918,12.850000381469727,13.270000457763672,0
2013-01-11,13.270000457763672,13.350000381469727,12.829999923706055,13.229999542236328,0
2013-01-14,13.229999542236328,14.020000457763672,13.220000267028809,13.699999809265137,0
2013-01-15,13.699999809265137,14.0,13.34000015258789,13.579999923706055,0
2013-01-16,13.579999923706055,14.140000343322754,13.0600004196167,13.989999771118164,0
2013-01-17,13.989999771118164,14.25,13.65999984741211,14.010000228881836,0
2013-01-18,14.010000228881836,14.260000228881836,13.25,13.890000343322754,0
2013-01-21,13.890000343322754,14.390000343322754,13.630000114440918,13.65999984741211,0
2013-01-22,13.65999984741211,14.0600004196167,12.899999618530273,13.890000343322754,0
2013-01-23,13.890000343322754,14.279999732971191,13.130000114440918,13.670000076293945,0
2013-01-24,13.670000076293945,14.550000190734863,12.84000015258789,14.460000038146973,0
2013-01-25,14.460000038146973,14.979999542236328,14.319999694824219,14.770000457763672,0
2013-01-28,14.770000457763672,15.489999771118164,14.40999984741211,15.170000076293945,0
2013-01-29,15.170000076293945,15.279999732971191,14.279999732971191,14.470000267028809,0
2013-01-30,14.470000267028809,14.680000305175781,14.050000190734863,14.380000114440918,0
2013-01-31,14.380000114440918,14.539999961853027,13.649999618530273,14.130000114440918,0
2013-02-01,14.130000114440918,14.180000305175781,13.760000228881836,13.760000228881836,0
2013-02-04,13.760000228881836,14.619999885559082,13.510000228881836,14.34000015258789,0
2013-02-05,14.34000015258789,14.829999923706055,14.109999656677246,14.609999656677246,0
2013-02-06,14.609999656677246,14.609999656677246,14.100000381469727,14.260000228881836,0
2013-02-07,14.260000228881836,14.890000343322754,13.5600004196167,14.890000343322754,0
2013-02-08,14.890000343322754,15.220000267028809,13.75,15.15999984741211,0
2013-02-11,15.15999984741211,15.739999771118164,14.960000038146973,15.649999618530273,0
2013-02-12,15.649999618530273,15.710000038146973,14.979999542236328,15.3100004196167,0
2013-02-13,15.3100004196167,15.3100004196167,14.470000267028809,15.140000343322754,0
2013-02-14,15.140000343322754,15.520000457763672,14.670000076293945,15.09000015258789,0
2013-02-15,15.09000015258789,15.489999771118164,14.130000114440918,15.239999771118164,0
2013-02-18,15.239999771118164,16.610000610351562,15.239999771118164,16.290000915527344,0
2013-02-19,16.290000915527344,16.5,15.479999542236328,15.8100004196167,0
2013-02-20,15.8100004196167,16.010000228881836,14.880000114440918,15.600000381469727,0
2013-02-21,15.600000381469727,17.25,15.25,16.940000534057617,0
2013-02-22,16.940000534057617,17.290000915527344,16.360000610351562,16.790000915527344,0
2013-02-25,16.790000915527344,17.329999923706055,16.610000610351562,16.729999542236328,0
2013-02-26,16.729999542236328,17.600000381469727,16.469999313354492,17.360000610351562,0
2013-02-27,17.360000610351562,17.360000610351562,16.110000610351562,16.229999542236328,0
2013-02-28,16.229999542236328,16.229999542236328,14.59000015258789,14.859999656677246,0
2013-03-01,14.859999656677246,15.09000015258789,13.930000305175781,14.0600004196167,0
2013-03-04,14.0600004196167,14.510000228881836,13.670000076293945,13.670000076293945,0
2013-03-05,13.670000076293945,13.739999771118164,13.220000267028809,13.390000343322754,0
2013-03-06,13.390000343322754,13.600000381469727,12.899999618530273,13.399999618530273,0
2013-03-07,13.399999618530273,13.619999885559082,12.829999923706055,13.069999694824219,0
2013-03-08,12.850000381469727,13.579999923706055,12.850000381469727,13.34000015258789,0
2013-03-11,13.34000015258789,14.319999694824219,13.119999885559082,14.25,0
2013-03-12,14.25,15.670000076293945,13.699999809265137,15.130000114440918,0
2013-03-13,15.130000114440918,16.43000030517578,14.6899995803833,16.200000762939453,0
2013-03-14,16.200000762939453,17.15999984741211,14.579999923706055,14.65999984741211,0
2013-03-15,14.65999984741211,15.289999961853027,14.1899995803833,15.15999984741211,0
2013-03-18,15.15999984741211,16.59000015258789,15.15999984741211,15.850000381469727,0
2013-03-19,15.850000381469727,17.84000015258789,14.829999923706055,16.709999084472656,0
2013-03-20,16.709999084472656,17.440000534057617,16.170000076293945,16.65999984741211,0
2013-03-21,16.65999984741211,17.239999771118164,15.899999618530273,16.510000228881836,0
2013-03-22,16.510000228881836,16.510000228881836,15.449999809265137,15.539999961853027,0
2013-03-25,15.539999961853027,16.360000610351562,14.920000076293945,16.360000610351562,0
2013-03-26,16.360000610351562,16.84000015258789,15.640000343322754,15.800000190734863,0
2013-03-28,15.800000190734863,16.200000762939453,15.220000267028809,15.220000267028809,0
2013-04-01,15.220000267028809,15.850000381469727,14.800000190734863,14.850000381469727,0
2013-04-02,14.850000381469727,15.09000015258789,14.100000381469727,14.100000381469727,0
2013-04-03,14.100000381469727,15.0600004196167,13.84000015258789,14.869999885559082,0
2013-04-04,14.869999885559082,16.079999923706055,14.800000190734863,15.850000381469727,0
2013-04-05,15.850000381469727,16.469999313354492,15.229999542236328,16.15999984741211,0
2013-04-08,15.670000076293945,16.959999084472656,15.670000076293945,16.770000457763672,0
2013-04-09,15.819999694824219,17.260000228881836,15.819999694824219,16.81999969482422,0
2013-04-10,16.81999969482422,17.43000030517578,16.030000686645508,16.489999771118164,0
2013-04-11,16.489999771118164,17.59000015258789,15.989999771118164,16.969999313354492,0
2013-04-12,16.969999313354492,17.260000228881836,16.329999923706055,16.450000762939453,0
2013-04-15,16.450000762939453,17.06999969482422,16.239999771118164,16.610000610351562,0
2013-04-16,16.610000610351562,16.799999237060547,16.040000915527344,16.25,0
2013-04-17,16.25,16.579999923706055,15.760000228881836,16.360000610351562,0
2013-04-18,16.360000610351562,16.489999771118164,15.210000038146973,15.359999656677246,0
2013-04-22,15.359999656677246,17.25,15.359999656677246,16.219999313354492,0
2013-04-23,16.219999313354492,16.450000762939453,14.630000114440918,15.069999694824219,0
2013-04-25,15.069999694824219,15.579999923706055,13.869999885559082,14.199999809265137,0
2013-04-26,14.600000381469727,14.600000381469727,13.84000015258789,13.880000114440918,0
2013-04-29,13.880000114440918,14.720000267028809,13.880000114440918,14.329999923706055,0
2013-04-30,14.329999923706055,15.640000343322754,13.8100004196167,15.100000381469727,0
2013-05-02,15.100000381469727,16.729999542236328,15.100000381469727,16.280000686645508,0
2013-05-03,16.280000686645508,16.549999237060547,15.430000305175781,15.550000190734863,0
2013-05-06,15.550000190734863,16.59000015258789,15.529999732971191,15.84000015258789,0
2013-05-07,15.84000015258789,16.530000686645508,15.5600004196167,16.5,0
2013-05-08,16.5,17.219999313354492,16.010000228881836,16.760000228881836,0
2013-05-09,16.760000228881836,17.149999618530273,16.530000686645508,16.600000381469727,0
2013-05-10,16.600000381469727,17.1299991607666,16.399999618530273,16.860000610351562,0
2013-05-13,16.84000015258789,17.790000915527344,16.770000457763672,17.510000228881836,0
2013-05-14,16.530000686645508,17.700000762939453,16.530000686645508,17.170000076293945,0
2013-05-15,17.170000076293945,18.15999984741211,16.540000915527344,18.1299991607666,0
2013-05-16,18.1299991607666,18.520000457763672,17.459999084472656,17.739999771118164,0
2013-05-17,17.739999771118164,17.829999923706055,16.760000228881836,17.56999969482422,0
2013-05-20,17.56999969482422,17.989999771118164,17.299999237060547,17.709999084472656,0
2013-05-21,16.989999771118164,18.219999313354492,16.989999771118164,17.8799991607666,0
2013-05-22,17.8799991607666,18.030000686645508,16.950000762939453,17.719999313354492,0
2013-05-23,17.719999313354492,19.360000610351562,16.959999084472656,18.729999542236328,0
2013-05-24,18.729999542236328,18.799999237060547,17.610000610351562,17.700000762939453,0
2013-05-27,17.700000762939453,18.040000915527344,16.68000030517578,17.030000686645508,0
2013-05-28,17.030000686645508,17.6200008392334,16.6299991607666,17.1200008392334,0
2013-05-29,16.790000915527344,17.8700008392334,16.790000915527344,17.860000610351562,0
2013-05-30,17.860000610351562,17.860000610351562,15.84000015258789,16.040000915527344,0
2013-05-31,16.040000915527344,17.209999084472656,15.880000114440918,16.989999771118164,0
2013-06-03,16.989999771118164,17.920000076293945,16.989999771118164,17.290000915527344,0
2013-06-04,17.290000915527344,17.549999237060547,16.719999313354492,17.260000228881836,0
2013-06-05,16.790000915527344,17.5,16.780000686645508,16.780000686645508,0
2013-06-06,16.780000686645508,17.520000457763672,16.59000015258789,17.350000381469727,0
2013-06-07,17.350000381469727,17.510000228881836,16.780000686645508,17.350000381469727,0
2013-06-10,17.350000381469727,18.6299991607666,17.040000915527344,18.110000610351562,0
2013-06-11,17.40999984741211,19.59000015258789,17.40999984741211,19.489999771118164,0
2013-06-12,19.489999771118164,19.850000381469727,18.75,18.850000381469727,0
2013-06-13,18.850000381469727,19.770000457763672,17.760000228881836,19.440000534057617,0
2013-06-14,19.440000534057617,19.440000534057617,17.649999618530273,18.350000381469727,0
2013-06-17,18.280000686645508,19.350000381469727,18.1299991607666,18.18000030517578,0
2013-06-18,17.889999389648438,18.850000381469727,17.889999389648438,18.290000915527344,0
2013-06-19,18.290000915527344,18.68000030517578,17.75,18.459999084472656,0
2013-06-20,18.459999084472656,19.739999771118164,17.850000381469727,19.190000534057617,0
2013-06-21,19.190000534057617,19.729999542236328,18.190000534057617,19.030000686645508,0
2013-06-24,19.030000686645508,21.790000915527344,18.479999542236328,21.010000228881836,0
2013-06-25,21.010000228881836,22.110000610351562,20.329999923706055,21.139999389648438,0
2013-06-26,21.139999389648438,21.219999313354492,20.079999923706055,21.06999969482422,0
2013-06-27,21.06999969482422,21.06999969482422,18.6200008392334,18.850000381469727,0
2013-06-28,18.850000381469727,18.850000381469727,17.6200008392334,17.950000762939453,0
2013-07-01,17.950000762939453,18.719999313354492,17.950000762939453,18.09000015258789,0
2013-07-02,18.09000015258789,18.549999237060547,17.979999542236328,18.209999084472656,0
2013-07-03,18.209999084472656,19.1299991607666,17.809999465942383,18.90999984741211,0
2013-07-04,18.90999984741211,19.0,18.0,18.579999923706055,0
2013-07-05,18.579999923706055,19.010000228881836,17.75,18.670000076293945,0
2013-07-08,18.670000076293945,19.850000381469727,18.3799991607666,19.34000015258789,0
2013-07-09,19.34000015258789,19.530000686645508,18.40999984741211,19.31999969482422,0
2013-07-10,19.31999969482422,20.110000610351562,18.329999923706055,19.979999542236328,0
2013-07-11,19.979999542236328,19.979999542236328,18.1299991607666,18.889999389648438,0
2013-07-12,18.889999389648438,18.959999084472656,17.68000030517578,18.690000534057617,0
2013-07-15,18.690000534057617,19.540000915527344,17.6299991607666,18.790000915527344,0
2013-07-16,18.790000915527344,19.81999969482422,17.790000915527344,18.989999771118164,0
2013-07-17,18.989999771118164,19.59000015258789,17.760000228881836,19.360000610351562,0
2013-07-18,19.360000610351562,19.399999618530273,18.06999969482422,18.270000457763672,0
2013-07-19,18.270000457763672,18.280000686645508,17.709999084472656,18.1299991607666,0
2013-07-22,18.030000686645508,18.65999984741211,17.6200008392334,17.6299991607666,0
2013-07-23,17.6299991607666,17.6299991607666,16.43000030517578,16.719999313354492,0
2013-07-24,16.719999313354492,18.049999237060547,16.600000381469727,16.90999984741211,0
2013-07-25,16.979999542236328,17.09000015258789,16.18000030517578,16.719999313354492,0
2013-07-26,16.540000915527344,17.049999237060547,16.270000457763672,16.780000686645508,0
2013-07-29,16.780000686645508,18.420000076293945,16.780000686645508,18.25,0
2013-07-30,18.25,18.459999084472656,17.059999465942383,18.1200008392334,0
2013-07-31,18.1200008392334,19.290000915527344,18.1200008392334,18.770000457763672,0
2013-08-01,18.770000457763672,20.899999618530273,17.719999313354492,19.809999465942383,0
2013-08-02,19.809999465942383,21.219999313354492,19.0,20.889999389648438,0
2013-08-05,20.889999389648438,21.6200008392334,20.559999465942383,20.799999237060547,0
2013-08-06,20.799999237060547,22.75,20.31999969482422,22.729999542236328,0
2013-08-07,22.729999542236328,23.280000686645508,21.860000610351562,22.040000915527344,0
2013-08-08,22.040000915527344,22.040000915527344,20.59000015258789,21.190000534057617,0
2013-08-12,21.190000534057617,21.989999771118164,20.170000076293945,21.280000686645508,0
2013-08-13,20.260000228881836,21.110000610351562,19.06999969482422,19.260000228881836,0
2013-08-14,19.260000228881836,19.6200008392334,18.270000457763672,18.700000762939453,0
2013-08-16,18.700000762939453,24.760000228881836,18.06999969482422,23.639999389648438,0
2013-08-19,23.639999389648438,26.989999771118164,23.639999389648438,25.59000015258789,0
2013-08-20,25.59000015258789,27.43000030517578,24.860000610351562,27.229999542236328,0
2013-08-21,27.229999542236328,29.959999084472656,24.25,28.09000015258789,0
2013-08-22,28.09000015258789,29.860000610351562,27.989999771118164,29.059999465942383,0
2013-08-23,27.68000030517578,27.84000015258789,25.34000015258789,25.75,0
2013-08-26,25.75,27.43000030517578,24.719999313354492,26.3799991607666,0
2013-08-27,26.3799991607666,30.040000915527344,25.969999313354492,29.420000076293945,0
2013-08-28,29.420000076293945,36.02000045776367,29.420000076293945,32.380001068115234,0
2013-08-29,32.380001068115234,32.439998626708984,28.829999923706055,29.40999984741211,0
2013-08-30,29.40999984741211,30.309999465942383,27.110000610351562,27.809999465942383,0
2013-09-02,27.809999465942383,28.549999237060547,26.969999313354492,27.549999237060547,0
2013-09-03,27.549999237060547,32.65999984741211,26.760000228881836,32.4900016784668,0
2013-09-04,32.4900016784668,33.02000045776367,30.829999923706055,31.110000610351562,0
2013-09-05,31.110000610351562,31.110000610351562,27.510000228881836,28.530000686645508,0
2013-09-06,28.530000686645508,29.280000686645508,27.6299991607666,28.649999618530273,0
2013-09-10,28.649999618530273,29.520000457763672,27.09000015258789,29.440000534057617,0
2013-09-11,29.440000534057617,31.15999984741211,28.479999542236328,29.75,0
2013-09-12,29.75,30.799999237060547,26.700000762939453,29.709999084472656,0
2013-09-13,29.709999084472656,29.709999084472656,28.170000076293945,28.290000915527344,0
2013-09-16,28.290000915527344,29.670000076293945,25.899999618530273,28.81999969482422,0
2013-09-17,28.81999969482422,29.579999923706055,27.600000381469727,27.93000030517578,0
2013-09-18,27.93000030517578,28.489999771118164,26.989999771118164,27.690000534057617,0
2013-09-19,23.6200008392334,25.360000610351562,23.559999465942383,24.5,0
2013-09-20,24.5,26.18000030517578,23.399999618530273,24.729999542236328,0
2013-09-23,24.729999542236328,27.239999771118164,24.729999542236328,27.020000457763672,0
2013-09-24,27.020000457763672,28.489999771118164,26.270000457763672,26.719999313354492,0
2013-09-25,26.719999313354492,27.049999237060547,25.049999237060547,25.68000030517578,0
2013-09-26,25.68000030517578,25.799999237060547,23.56999969482422,24.0,0
2013-09-27,24.0,25.239999771118164,23.360000610351562,24.059999465942383,0
2013-09-30,25.0,26.649999618530273,24.90999984741211,26.649999618530273,0
2013-10-01,26.649999618530273,28.020000457763672,25.739999771118164,25.770000457763672,0
2013-10-03,25.770000457763672,25.889999389648438,24.93000030517578,25.170000076293945,0
2013-10-04,24.5,26.739999771118164,24.5,26.1299991607666,0
2013-10-07,26.1299991607666,27.93000030517578,26.1299991607666,26.829999923706055,0
2013-10-08,26.829999923706055,27.3799991607666,24.649999618530273,26.549999237060547,0
2013-10-09,26.030000686645508,27.15999984741211,25.75,25.8700008392334,0
2013-10-10,25.8700008392334,26.950000762939453,25.020000457763672,25.8799991607666,0
2013-10-11,23.079999923706055,25.420000076293945,23.079999923706055,23.59000015258789,0
2013-10-14,23.59000015258789,24.420000076293945,22.719999313354492,22.850000381469727,0
2013-10-15,22.850000381469727,23.989999771118164,20.90999984741211,23.239999771118164,0
2013-10-17,23.239999771118164,23.239999771118164,21.020000457763672,21.059999465942383,0
2013-10-18,21.059999465942383,21.059999465942383,19.31999969482422,20.1200008392334,0
2013-10-21,19.15999984741211,21.100000381469727,19.15999984741211,20.18000030517578,0
2013-10-22,20.18000030517578,20.43000030517578,19.209999084472656,19.959999084472656,0
2013-10-23,19.959999084472656,20.790000915527344,18.760000228881836,20.350000381469727,0
2013-10-24,20.350000381469727,21.270000457763672,19.200000762939453,20.639999389648438,0
2013-10-25,20.639999389648438,21.040000915527344,19.8700008392334,20.420000076293945,0
2013-10-28,20.420000076293945,21.559999465942383,20.110000610351562,21.290000915527344,0
2013-10-29,21.290000915527344,21.540000915527344,19.600000381469727,19.760000228881836,0
2013-10-30,19.760000228881836,20.059999465942383,18.84000015258789,19.530000686645508,0
2013-10-31,19.530000686645508,19.75,18.209999084472656,18.389999389648438,0
2013-11-01,18.389999389648438,19.389999389648438,17.860000610351562,18.639999389648438,0
2013-11-05,19.489999771118164,20.260000228881836,19.280000686645508,19.940000534057617,0
2013-11-06,19.940000534057617,20.459999084472656,18.549999237060547,20.25,0
2013-11-07,20.25,20.6299991607666,19.6200008392334,19.8700008392334,0
2013-11-08,19.8700008392334,20.489999771118164,19.15999984741211,19.639999389648438,0
2013-11-11,19.639999389648438,20.709999084472656,19.31999969482422,19.979999542236328,0
2013-11-12,19.979999542236328,20.860000610351562,18.729999542236328,20.860000610351562,0
2013-11-13,20.860000610351562,21.1200008392334,20.149999618530273,20.450000762939453,0
2013-11-14,18.6200008392334,19.600000381469727,18.579999923706055,19.260000228881836,0
2013-11-18,19.260000228881836,19.549999237060547,17.479999542236328,18.81999969482422,0
2013-11-19,17.700000762939453,19.389999389648438,17.700000762939453,19.299999237060547,0
2013-11-20,19.299999237060547,20.8799991607666,18.239999771118164,20.829999923706055,0
2013-11-21,20.829999923706055,22.360000610351562,19.760000228881836,21.139999389648438,0
2013-11-22,21.139999389648438,21.31999969482422,19.969999313354492,20.040000915527344,0
2013-11-25,20.040000915527344,21.270000457763672,19.489999771118164,21.049999237060547,0
2013-11-26,21.049999237060547,22.010000228881836,20.299999237060547,21.59000015258789,0
2013-11-27,21.59000015258789,22.010000228881836,20.540000915527344,21.139999389648438,0
2013-11-28,20.18000030517578,20.90999984741211,20.18000030517578,20.709999084472656,0
2013-11-29,20.3700008392334,21.530000686645508,20.25,21.3799991607666,0
2013-12-02,21.3799991607666,23.360000610351562,21.299999237060547,23.360000610351562,0
2013-12-03,23.360000610351562,25.09000015258789,22.959999084472656,24.719999313354492,0
2013-12-04,24.719999313354492,25.450000762939453,23.34000015258789,23.709999084472656,0
2013-12-05,20.579999923706055,22.06999969482422,20.079999923706055,21.68000030517578,0
2013-12-06,21.68000030517578,22.360000610351562,21.079999923706055,22.209999084472656,0
2013-12-09,22.209999084472656,22.209999084472656,18.09000015258789,19.15999984741211,0
2013-12-10,19.15999984741211,19.15999984741211,17.959999084472656,17.979999542236328,0
2013-12-11,17.979999542236328,18.530000686645508,17.079999923706055,17.540000915527344,0
2013-12-12,17.030000686645508,17.93000030517578,17.030000686645508,17.739999771118164,0
2013-12-13,16.790000915527344,18.0,16.790000915527344,17.84000015258789,0
2013-12-16,17.84000015258789,18.760000228881836,17.540000915527344,18.360000610351562,0
2013-12-17,18.360000610351562,18.610000610351562,17.1299991607666,18.329999923706055,0
2013-12-18,18.329999923706055,18.459999084472656,17.059999465942383,17.540000915527344,0
2013-12-19,17.540000915527344,17.540000915527344,15.630000114440918,16.579999923706055,0
2013-12-20,16.579999923706055,16.719999313354492,15.510000228881836,16.020000457763672,0
2013-12-23,16.020000457763672,17.1299991607666,15.90999984741211,16.260000228881836,0
2013-12-24,16.260000228881836,16.940000534057617,15.520000457763672,15.579999923706055,0
2013-12-26,15.579999923706055,16.270000457763672,14.619999885559082,14.880000114440918,0
2013-12-27,14.880000114440918,15.510000228881836,14.619999885559082,14.65999984741211,0
2013-12-30,14.65999984741211,15.520000457763672,14.65999984741211,15.079999923706055,0
2013-12-31,15.079999923706055,15.4399995803833,14.75,15.119999885559082,0
2014-01-01,15.119999885559082,15.579999923706055,15.100000381469727,15.579999923706055,0
2014-01-02,15.579999923706055,16.969999313354492,15.329999923706055,16.549999237060547,0
2014-01-03,16.549999237060547,17.31999969482422,15.789999961853027,15.869999885559082,0
2014-01-06,15.869999885559082,16.90999984741211,15.869999885559082,16.5,0
2014-01-07,16.5,16.90999984741211,16.100000381469727,16.31999969482422,0
2014-01-08,16.31999969482422,16.479999542236328,15.819999694824219,16.31999969482422,0
2014-01-09,16.31999969482422,16.639999389648438,15.899999618530273,16.18000030517578,0
2014-01-10,16.18000030517578,16.3700008392334,15.020000457763672,15.579999923706055,0
2014-01-13,15.579999923706055,16.030000686645508,14.609999656677246,15.949999809265137,0
2014-01-14,15.949999809265137,16.270000457763672,15.130000114440918,15.739999771118164,0
2014-01-15,15.739999771118164,15.880000114440918,14.699999809265137,15.420000076293945,0
2014-01-16,15.420000076293945,15.819999694824219,14.399999618530273,15.539999961853027,0
2014-01-17,15.539999961853027,15.829999923706055,14.100000381469727,15.40999984741211,0
2014-01-20,15.40999984741211,16.06999969482422,14.770000457763672,15.350000381469727,0
2014-01-21,15.350000381469727,15.710000038146973,13.880000114440918,15.550000190734863,0
2014-01-22,15.550000190734863,15.869999885559082,14.920000076293945,15.850000381469727,0
2014-01-23,15.850000381469727,16.030000686645508,15.140000343322754,15.579999923706055,0
2014-01-24,15.579999923706055,16.18000030517578,15.239999771118164,15.829999923706055,0
2014-01-27,15.829999923706055,18.670000076293945,15.829999923706055,18.670000076293945,0
2014-01-28,18.670000076293945,18.719999313354492,17.610000610351562,17.719999313354492,0
2014-01-29,17.719999313354492,18.149999618530273,16.729999542236328,18.040000915527344,0
2014-01-30,18.040000915527344,18.34000015258789,17.06999969482422,17.25,0
2014-01-31,17.25,17.329999923706055,16.639999389648438,16.81999969482422,0
2014-02-03,16.81999969482422,18.34000015258789,16.81999969482422,18.270000457763672,0
2014-02-04,18.270000457763672,19.81999969482422,18.049999237060547,18.690000534057617,0
2014-02-05,18.690000534057617,20.09000015258789,17.739999771118164,18.93000030517578,0
2014-02-06,18.93000030517578,20.229999542236328,18.0,18.940000534057617,0
2014-02-07,18.940000534057617,19.110000610351562,17.700000762939453,18.549999237060547,0
2014-02-10,18.549999237060547,19.200000762939453,17.579999923706055,19.049999237060547,0
2014-02-11,19.049999237060547,19.049999237060547,17.399999618530273,18.6299991607666,0
2014-02-12,18.6299991607666,18.6299991607666,16.1200008392334,17.43000030517578,0
2014-02-13,17.43000030517578,17.959999084472656,15.220000267028809,17.799999237060547,0
2014-02-14,17.799999237060547,17.829999923706055,15.609999656677246,16.65999984741211,0
2014-02-17,16.65999984741211,17.020000457763672,15.539999961853027,15.829999923706055,0
2014-02-18,15.829999923706055,15.829999923706055,13.680000305175781,15.40999984741211,0
2014-02-19,15.40999984741211,15.40999984741211,14.050000190734863,15.069999694824219,0
2014-02-20,15.069999694824219,15.720000267028809,14.270000457763672,15.15999984741211,0
2014-02-21,15.15999984741211,15.15999984741211,13.880000114440918,14.039999961853027,0
2014-02-24,14.039999961853027,14.829999923706055,13.6899995803833,14.359999656677246,0
2014-02-25,14.359999656677246,14.359999656677246,13.529999732971191,13.949999809265137,0
2014-02-26,13.949999809265137,14.199999809265137,13.239999771118164,13.960000038146973,0
2014-02-28,13.960000038146973,14.869999885559082,13.550000190734863,14.180000305175781,0
2014-03-03,14.180000305175781,15.729999542236328,13.9399995803833,15.279999732971191,0
2014-03-04,15.279999732971191,15.369999885559082,13.930000305175781,14.390000343322754,0
2014-03-05,14.390000343322754,14.430000305175781,13.34000015258789,13.84000015258789,0
2014-03-06,13.84000015258789,14.640000343322754,12.5,14.479999542236328,0
2014-03-07,14.479999542236328,16.90999984741211,13.260000228881836,16.719999313354492,0
2014-03-10,16.719999313354492,17.989999771118164,15.949999809265137,17.780000686645508,0
2014-03-11,17.780000686645508,17.920000076293945,14.270000457763672,17.329999923706055,0
2014-03-12,17.329999923706055,17.440000534057617,16.09000015258789,17.040000915527344,0
2014-03-13,17.040000915527344,17.079999923706055,14.649999618530273,16.81999969482422,0
2014-03-14,16.81999969482422,17.290000915527344,14.289999961853027,16.450000762939453,0
2014-03-18,16.450000762939453,17.559999465942383,15.729999542236328,17.1299991607666,0
2014-03-19,17.1299991607666,17.329999923706055,15.670000076293945,16.8799991607666,0
2014-03-20,16.8799991607666,17.149999618530273,15.40999984741211,16.90999984741211,0
2014-03-21,16.90999984741211,16.90999984741211,14.390000343322754,16.18000030517578,0
2014-03-24,15.880000114440918,17.200000762939453,15.239999771118164,16.540000915527344,0
2014-03-25,16.540000915527344,17.1299991607666,15.420000076293945,16.920000076293945,0
2014-03-26,16.920000076293945,18.25,15.720000267028809,17.770000457763672,0
2014-03-27,17.770000457763672,18.729999542236328,17.239999771118164,18.3700008392334,0
2014-03-28,18.3700008392334,19.149999618530273,17.100000381469727,18.6299991607666,0
2014-03-31,18.6299991607666,21.799999237060547,17.489999771118164,21.6200008392334,0
2014-04-01,21.6200008392334,21.670000076293945,19.540000915527344,20.690000534057617,0
2014-04-02,20.690000534057617,21.299999237060547,16.860000610351562,21.209999084472656,0
2014-04-03,21.209999084472656,22.309999465942383,17.309999465942383,22.110000610351562,0
2014-04-04,22.110000610351562,22.829999923706055,16.670000076293945,22.690000534057617,0
2014-04-07,22.690000534057617,25.489999771118164,17.690000534057617,24.950000762939453,0
2014-04-09,24.950000762939453,27.09000015258789,22.389999389648438,26.90999984741211,0
2014-04-10,26.90999984741211,29.709999084472656,21.110000610351562,28.719999313354492,0
2014-04-11,28.719999313354492,29.479999542236328,20.829999923706055,29.190000534057617,0
2014-04-15,29.190000534057617,32.619998931884766,22.8700008392334,31.8799991607666,0
2014-04-16,31.8799991607666,32.08000183105469,21.68000030517578,31.15999984741211,0
2014-04-17,31.15999984741211,31.329999923706055,21.649999618530273,30.850000381469727,0
2014-04-21,30.850000381469727,38.040000915527344,30.850000381469727,34.38999938964844,0
2014-04-22,34.38999938964844,37.22999954223633,32.939998626708984,33.349998474121094,0
2014-04-23,33.349998474121094,34.25,28.06999969482422,31.1299991607666,0
2014-04-25,31.1299991607666,32.97999954223633,30.1200008392334,30.68000030517578,0
2014-04-28,30.68000030517578,31.93000030517578,30.5,31.389999389648438,0
2014-04-29,31.389999389648438,32.439998626708984,30.489999771118164,31.049999237060547,0
2014-04-30,31.049999237060547,31.459999084472656,30.030000686645508,30.59000015258789,0
2014-05-02,30.59000015258789,33.41999816894531,29.18000030517578,33.060001373291016,0
2014-05-05,33.060001373291016,35.310001373291016,30.989999771118164,34.189998626708984,0
2014-05-06,34.189998626708984,34.29999923706055,31.3700008392334,33.27000045776367,0
2014-05-07,33.27000045776367,34.459999084472656,30.309999465942383,33.61000061035156,0
2014-05-08,33.61000061035156,35.0099983215332,29.610000610351562,34.29999923706055,0
2014-05-09,34.29999923706055,38.959999084472656,32.68000030517578,37.709999084472656,0
2014-05-12,37.709999084472656,39.29999923706055,33.81999969482422,37.099998474121094,0
2014-05-13,37.099998474121094,37.099998474121094,28.25,32.04999923706055,0
2014-05-14,32.04999923706055,32.9900016784668,28.610000610351562,32.41999816894531,0
2014-05-15,32.41999816894531,37.47999954223633,31.139999389648438,36.77000045776367,0
2014-05-16,36.77000045776367,36.77000045776367,21.739999771118164,24.290000915527344,0
2014-05-19,24.290000915527344,24.290000915527344,19.6200008392334,20.6299991607666,0
2014-05-20,20.6299991607666,21.1299991607666,16.170000076293945,19.229999542236328,0
2014-05-21,19.229999542236328,19.229999542236328,14.5600004196167,17.90999984741211,0
2014-05-22,17.90999984741211,18.68000030517578,14.760000228881836,17.84000015258789,0
2014-05-23,17.84000015258789,18.100000381469727,13.970000267028809,17.700000762939453,0
2014-05-26,17.700000762939453,20.600000381469727,14.59000015258789,19.84000015258789,0
2014-05-27,19.84000015258789,21.420000076293945,17.770000457763672,19.100000381469727,0
2014-05-28,19.100000381469727,19.559999465942383,17.34000015258789,17.559999465942383,0
2014-05-29,17.559999465942383,17.770000457763672,16.170000076293945,16.690000534057617,0
2014-05-30,16.690000534057617,16.950000762939453,15.869999885559082,16.34000015258789,0
2014-06-02,16.34000015258789,17.100000381469727,15.710000038146973,16.5,0
2014-06-03,16.5,16.899999618530273,15.15999984741211,15.800000190734863,0
2014-06-04,15.800000190734863,15.920000076293945,14.4399995803833,15.569999694824219,0
2014-06-05,15.569999694824219,16.040000915527344,14.130000114440918,15.449999809265137,0
2014-06-06,15.449999809265137,16.450000762939453,13.739999771118164,15.979999542236328,0
2014-06-09,15.979999542236328,17.420000076293945,14.630000114440918,17.100000381469727,0
2014-06-10,17.100000381469727,18.1299991607666,14.390000343322754,16.65999984741211,0
2014-06-11,16.65999984741211,17.5,14.0,17.059999465942383,0
2014-06-12,17.059999465942383,17.479999542236328,15.6899995803833,16.899999618530273,0
2014-06-13,16.899999618530273,17.959999084472656,14.520000457763672,17.760000228881836,0
2014-06-16,17.760000228881836,18.540000915527344,15.260000228881836,17.979999542236328,0
2014-06-17,17.979999542236328,18.479999542236328,16.610000610351562,17.700000762939453,0
2014-06-18,17.700000762939453,19.139999389648438,14.550000190734863,18.579999923706055,0
2014-06-19,18.579999923706055,19.3799991607666,16.959999084472656,18.739999771118164,0
2014-06-20,18.739999771118164,19.25,15.59000015258789,18.850000381469727,0
2014-06-23,18.850000381469727,19.540000915527344,17.81999969482422,18.959999084472656,0
2014-06-24,18.959999084472656,20.610000610351562,18.68000030517578,19.190000534057617,0
2014-06-25,19.190000534057617,20.1200008392334,18.110000610351562,18.309999465942383,0
2014-06-26,18.309999465942383,18.5,17.100000381469727,17.700000762939453,0
2014-06-27,17.700000762939453,18.3700008392334,17.3799991607666,17.6299991607666,0
2014-06-30,17.6299991607666,18.450000762939453,17.59000015258789,17.8700008392334,0
2014-07-01,17.8700008392334,18.149999618530273,17.239999771118164,17.65999984741211,0
2014-07-02,17.65999984741211,17.790000915527344,17.09000015258789,17.56999969482422,0
2014-07-03,17.56999969482422,18.260000228881836,17.229999542236328,17.809999465942383,0
2014-07-04,17.809999465942383,18.68000030517578,17.059999465942383,18.15999984741211,0
2014-07-07,18.15999984741211,19.579999923706055,17.549999237060547,19.40999984741211,0
2014-07-08,19.40999984741211,19.950000762939453,18.15999984741211,19.18000030517578,0
2014-07-09,19.18000030517578,19.309999465942383,18.010000228881836,18.190000534057617,0
2014-07-10,18.190000534057617,18.190000534057617,15.40999984741211,15.970000267028809,0
2014-07-11,15.970000267028809,16.020000457763672,14.850000381469727,15.720000267028809,0
2014-07-14,15.720000267028809,16.709999084472656,14.979999542236328,15.5600004196167,0
2014-07-15,15.5600004196167,15.5600004196167,13.84000015258789,14.770000457763672,0
2014-07-16,14.770000457763672,15.079999923706055,13.819999694824219,14.729999542236328,0
2014-07-17,14.729999542236328,15.180000305175781,11.9399995803833,14.970000267028809,0
2014-07-18,14.970000267028809,15.529999732971191,12.979999542236328,15.100000381469727,0
2014-07-21,15.100000381469727,15.510000228881836,13.630000114440918,14.899999618530273,0
2014-07-22,14.899999618530273,14.899999618530273,12.25,14.640000343322754,0
2014-07-23,14.640000343322754,15.100000381469727,12.470000267028809,14.6899995803833,0
2014-07-24,14.6899995803833,15.149999618530273,12.4399995803833,14.720000267028809,0
2014-07-25,14.720000267028809,15.0,12.779999732971191,14.220000267028809,0
2014-07-28,14.220000267028809,15.100000381469727,14.109999656677246,14.319999694824219,0
2014-07-30,14.319999694824219,14.760000228881836,13.6899995803833,13.890000343322754,0
2014-07-31,13.890000343322754,14.069999694824219,13.130000114440918,13.819999694824219,0
2014-08-01,13.819999694824219,15.380000114440918,13.710000038146973,15.220000267028809,0
2014-08-04,15.220000267028809,15.470000267028809,14.3100004196167,14.819999694824219,0
2014-08-05,14.819999694824219,14.819999694824219,13.670000076293945,13.949999809265137,0
2014-08-06,13.949999809265137,14.569999694824219,12.920000076293945,14.300000190734863,0
2014-08-07,14.300000190734863,14.460000038146973,13.020000457763672,14.140000343322754,0
2014-08-08,14.140000343322754,15.180000305175781,13.029999732971191,14.619999885559082,0
2014-08-11,14.619999885559082,14.760000228881836,13.479999542236328,14.0,0
2014-08-12,14.0,14.430000305175781,12.329999923706055,13.470000267028809,0
2014-08-13,13.470000267028809,14.09000015258789,12.720000267028809,13.760000228881836,0
2014-08-14,13.760000228881836,13.760000228881836,11.84000015258789,13.220000267028809,0
2014-08-18,13.220000267028809,14.199999809265137,11.979999542236328,13.5,0
2014-08-19,13.5,14.210000038146973,11.949999809265137,13.90999984741211,0
2014-08-20,13.90999984741211,14.329999923706055,12.460000038146973,13.65999984741211,0
2014-08-21,13.65999984741211,14.359999656677246,12.010000228881836,13.729999542236328,0
2014-08-22,13.729999542236328,13.970000267028809,12.199999809265137,13.619999885559082,0
2014-08-25,13.619999885559082,14.170000076293945,12.010000228881836,13.789999961853027,0
2014-08-26,13.789999961853027,14.520000457763672,13.279999732971191,13.899999618530273,0
2014-08-27,13.899999618530273,13.899999618530273,12.739999771118164,13.0600004196167,0
2014-08-28,13.0600004196167,14.350000381469727,12.329999923706055,13.069999694824219,0
2014-09-01,13.069999694824219,13.680000305175781,12.859999656677246,13.529999732971191,0
2014-09-02,13.529999732971191,13.90999984741211,12.489999771118164,13.449999809265137,0
2014-09-03,13.449999809265137,13.949999809265137,12.569999694824219,13.390000343322754,0
2014-09-04,13.390000343322754,13.619999885559082,12.399999618530273,13.079999923706055,0
2014-09-05,13.079999923706055,13.3100004196167,12.3100004196167,12.9399995803833,0
2014-09-08,12.9399995803833,13.069999694824219,12.180000305175781,12.789999961853027,0
2014-09-09,12.789999961853027,13.039999961853027,11.010000228881836,12.760000228881836,0
2014-09-10,12.760000228881836,13.109999656677246,11.8100004196167,12.930000305175781,0
2014-09-11,12.930000305175781,13.140000343322754,11.819999694824219,12.520000457763672,0
2014-09-12,12.520000457763672,12.619999885559082,11.399999618530273,12.369999885559082,0
2014-09-15,12.369999885559082,13.359999656677246,12.039999961853027,13.260000228881836,0
2014-09-16,13.260000228881836,13.729999542236328,12.050000190734863,13.279999732971191,0
2014-09-17,13.279999732971191,13.279999732971191,11.260000228881836,12.949999809265137,0
2014-09-18,12.949999809265137,12.949999809265137,11.050000190734863,12.329999923706055,0
2014-09-19,12.329999923706055,12.399999618530273,11.380000114440918,11.890000343322754,0
2014-09-22,11.890000343322754,12.4399995803833,10.319999694824219,11.569999694824219,0
2014-09-23,11.569999694824219,12.869999885559082,11.079999923706055,12.40999984741211,0
2014-09-24,12.40999984741211,13.520000457763672,11.890000343322754,12.539999961853027,0
2014-09-25,12.539999961853027,13.880000114440918,11.579999923706055,13.300000190734863,0
2014-09-26,13.300000190734863,14.829999923706055,12.539999961853027,12.930000305175781,0
2014-09-29,12.930000305175781,14.229999542236328,12.770000457763672,13.390000343322754,0
2014-09-30,13.390000343322754,13.569999694824219,12.720000267028809,13.149999618530273,0
2014-10-01,13.149999618530273,13.479999542236328,12.829999923706055,13.0,0
2014-10-07,13.0,14.569999694824219,13.0,14.460000038146973,0
2014-10-08,14.460000038146973,14.850000381469727,13.680000305175781,14.109999656677246,0
2014-10-09,14.109999656677246,14.109999656677246,12.75,13.15999984741211,0
2014-10-10,13.15999984741211,14.460000038146973,12.449999809265137,14.329999923706055,0
2014-10-13,14.329999923706055,15.229999542236328,14.069999694824219,14.5,0
2014-10-14,14.5,15.300000190734863,12.930000305175781,14.59000015258789,0
2014-10-16,14.59000015258789,16.889999389648438,14.319999694824219,16.43000030517578,0
2014-10-17,16.43000030517578,16.860000610351562,14.739999771118164,16.399999618530273,0
2014-10-20,16.399999618530273,16.399999618530273,12.9399995803833,14.1899995803833,0
2014-10-21,14.1899995803833,14.1899995803833,11.979999542236328,13.329999923706055,0
2014-10-22,13.329999923706055,13.329999923706055,12.039999961853027,13.029999732971191,0
2014-10-27,12.859999656677246,13.800000190734863,11.920000076293945,13.520000457763672,0
2014-10-28,13.520000457763672,13.65999984741211,12.039999961853027,13.319999694824219,0
2014-10-29,13.319999694824219,13.600000381469727,12.539999961853027,13.010000228881836,0
2014-10-30,13.010000228881836,13.460000038146973,11.760000228881836,13.270000457763672,0
2014-10-31,13.270000457763672,13.760000228881836,12.220000267028809,13.300000190734863,0
2014-11-03,13.300000190734863,13.949999809265137,12.460000038146973,13.739999771118164,0
2014-11-05,13.739999771118164,14.319999694824219,12.489999771118164,13.760000228881836,0
2014-11-07,13.760000228881836,14.699999809265137,13.119999885559082,14.109999656677246,0
2014-11-10,14.109999656677246,17.209999084472656,12.979999542236328,13.930000305175781,0
2014-11-11,13.930000305175781,15.489999771118164,12.720000267028809,14.800000190734863,0
2014-11-12,14.800000190734863,14.800000190734863,12.59000015258789,14.4399995803833,0
2014-11-13,14.4399995803833,14.4399995803833,12.710000038146973,13.800000190734863,0
2014-11-14,13.800000190734863,14.199999809265137,11.380000114440918,13.970000267028809,0
2014-11-17,13.970000267028809,14.90999984741211,11.479999542236328,14.40999984741211,0
2014-11-18,14.40999984741211,14.90999984741211,10.84000015258789,14.069999694824219,0
2014-11-19,14.069999694824219,14.630000114440918,10.25,14.350000381469727,0
2014-11-20,14.350000381469727,14.359999656677246,11.90999984741211,14.170000076293945,0
2014-11-21,14.170000076293945,15.149999618530273,11.050000190734863,13.850000381469727,0
2014-11-24,13.850000381469727,13.850000381469727,9.350000381469727,13.020000457763672,0
2014-11-25,13.020000457763672,14.25,11.449999809265137,13.529999732971191,0
2014-11-26,13.529999732971191,13.539999961853027,10.609999656677246,12.989999771118164,0
2014-11-27,12.989999771118164,13.119999885559082,11.649999618530273,12.739999771118164,0
2014-11-28,12.739999771118164,13.130000114440918,11.600000381469727,12.899999618530273,0
2014-12-01,12.899999618530273,13.619999885559082,12.199999809265137,13.199999809265137,0
2014-12-02,13.199999809265137,13.329999923706055,12.210000038146973,12.399999618530273,0
2014-12-03,12.399999618530273,12.609999656677246,11.289999961853027,12.369999885559082,0
2014-12-04,12.369999885559082,12.640000343322754,10.720000267028809,12.449999809265137,0
2014-12-05,12.449999809265137,12.449999809265137,11.329999923706055,11.949999809265137,0
2014-12-08,11.949999809265137,12.649999618530273,11.229999542236328,12.210000038146973,0
2014-12-09,12.210000038146973,13.079999923706055,10.819999694824219,12.5,0
2014-12-10,12.5,12.970000267028809,11.569999694824219,12.239999771118164,0
2014-12-11,12.239999771118164,12.899999618530273,11.1899995803833,12.770000457763672,0
2014-12-12,12.770000457763672,13.90999984741211,11.529999732971191,13.75,0
2014-12-15,13.75,14.329999923706055,12.569999694824219,14.020000457763672,0
2014-12-16,14.020000457763672,16.559999465942383,12.569999694824219,16.309999465942383,0
2014-12-17,16.309999465942383,19.059999465942383,14.199999809265137,16.93000030517578,0
2014-12-18,16.93000030517578,16.93000030517578,13.970000267028809,14.600000381469727,0
2014-12-19,14.600000381469727,14.779999732971191,11.850000381469727,14.510000228881836,0
2014-12-22,14.510000228881836,15.579999923706055,14.020000457763672,14.210000038146973,0
2014-12-23,14.210000038146973,16.110000610351562,13.550000190734863,15.300000190734863,0
2014-12-24,15.300000190734863,15.609999656677246,14.300000190734863,15.069999694824219,0
2014-12-26,15.069999694824219,16.360000610351562,14.399999618530273,14.649999618530273,0
2014-12-29,14.649999618530273,15.039999961853027,14.220000267028809,14.579999923706055,0
2014-12-30,14.579999923706055,15.220000267028809,14.140000343322754,14.859999656677246,0
2014-12-31,14.859999656677246,15.399999618530273,14.600000381469727,15.119999885559082,0
2015-01-01,15.119999885559082,15.510000228881836,14.760000228881836,15.029999732971191,0
2015-01-02,15.029999732971191,15.029999732971191,13.479999542236328,13.800000190734863,0
2015-01-05,13.800000190734863,14.40999984741211,13.149999618530273,14.149999618530273,0
2015-01-06,14.149999618530273,17.8700008392334,13.460000038146973,17.420000076293945,0
2015-01-07,17.420000076293945,19.06999969482422,16.5,18.139999389648438,0
2015-01-08,18.139999389648438,18.139999389648438,15.380000114440918,16.469999313354492,0
2015-01-09,16.469999313354492,16.90999984741211,14.460000038146973,15.960000038146973,0
2015-01-12,15.960000038146973,17.549999237060547,14.369999885559082,16.110000610351562,0
2015-01-13,16.110000610351562,16.809999465942383,14.569999694824219,16.479999542236328,0
2015-01-14,16.479999542236328,17.799999237060547,14.65999984741211,17.25,0
2015-01-15,17.25,17.25,13.829999923706055,16.15999984741211,0
2015-01-16,16.15999984741211,17.5,14.859999656677246,17.270000457763672,0
2015-01-19,17.270000457763672,18.290000915527344,14.5600004196167,17.649999618530273,0
2015-01-20,17.649999618530273,17.649999618530273,15.720000267028809,17.270000457763672,0
2015-01-21,17.270000457763672,18.139999389648438,14.329999923706055,17.709999084472656,0
2015-01-22,17.709999084472656,18.760000228881836,14.210000038146973,18.56999969482422,0
2015-01-23,18.56999969482422,18.739999771118164,13.460000038146973,17.889999389648438,0
2015-01-27,17.889999389648438,18.68000030517578,16.780000686645508,18.09000015258789,0
2015-01-28,18.09000015258789,20.149999618530273,17.6200008392334,19.770000457763672,0
2015-01-29,19.770000457763672,20.56999969482422,17.700000762939453,19.43000030517578,0
2015-01-30,19.43000030517578,21.209999084472656,18.329999923706055,20.170000076293945,0
2015-02-02,20.170000076293945,21.3700008392334,19.860000610351562,20.40999984741211,0
2015-02-03,20.40999984741211,20.479999542236328,19.0,19.809999465942383,0
2015-02-04,19.809999465942383,20.290000915527344,17.969999313354492,20.049999237060547,0
2015-02-05,20.049999237060547,20.889999389648438,18.260000228881836,20.6200008392334,0
2015-02-06,20.6200008392334,21.239999771118164,18.719999313354492,20.690000534057617,0
2015-02-09,20.690000534057617,22.1200008392334,18.59000015258789,22.020000457763672,0
2015-02-10,22.020000457763672,22.020000457763672,19.850000381469727,21.190000534057617,0
2015-02-11,21.190000534057617,21.510000228881836,18.540000915527344,20.5,0
2015-02-12,20.5,20.959999084472656,17.93000030517578,20.15999984741211,0
2015-02-13,20.15999984741211,20.450000762939453,16.979999542236328,20.100000381469727,0
2015-02-16,20.100000381469727,21.1200008392334,17.479999542236328,20.829999923706055,0
2015-02-18,20.829999923706055,21.649999618530273,18.649999618530273,20.90999984741211,0
2015-02-19,20.90999984741211,21.90999984741211,19.399999618530273,20.399999618530273,0
2015-02-20,20.399999618530273,21.270000457763672,19.239999771118164,21.270000457763672,0
2015-02-23,21.270000457763672,22.020000457763672,19.40999984741211,21.6299991607666,0
2015-02-24,21.6299991607666,22.06999969482422,20.920000076293945,21.549999237060547,0
2015-02-25,21.549999237060547,21.549999237060547,20.219999313354492,20.780000686645508,0
2015-02-26,20.780000686645508,21.239999771118164,19.940000534057617,20.579999923706055,0
2015-02-27,20.579999923706055,20.579999923706055,19.299999237060547,19.56999969482422,0
2015-03-02,16.969999313354492,16.969999313354492,15.739999771118164,15.850000381469727,0
2015-03-03,15.850000381469727,15.949999809265137,14.979999542236328,15.489999771118164,0
2015-03-04,15.489999771118164,15.489999771118164,14.300000190734863,15.199999809265137,0
2015-03-05,15.199999809265137,15.25,13.970000267028809,14.4399995803833,0
2015-03-09,14.4399995803833,16.010000228881836,13.319999694824219,15.8100004196167,0
2015-03-10,15.8100004196167,16.149999618530273,14.960000038146973,15.529999732971191,0
2015-03-11,15.529999732971191,15.609999656677246,14.25,15.130000114440918,0
2015-03-12,15.130000114440918,15.130000114440918,13.779999732971191,14.75,0
2015-03-13,14.75,15.239999771118164,13.449999809265137,14.970000267028809,0
2015-03-16,14.970000267028809,15.369999885559082,14.329999923706055,15.180000305175781,0
2015-03-17,15.180000305175781,15.460000038146973,13.430000305175781,15.130000114440918,0
2015-03-18,15.130000114440918,15.699999809265137,13.720000267028809,15.510000228881836,0
2015-03-19,15.510000228881836,15.510000228881836,12.890000343322754,15.199999809265137,0
2015-03-20,15.199999809265137,15.359999656677246,13.079999923706055,14.260000228881836,0
2015-03-23,14.260000228881836,14.579999923706055,12.4399995803833,14.270000457763672,0
2015-03-24,14.270000457763672,14.489999771118164,12.449999809265137,13.670000076293945,0
2015-03-25,13.670000076293945,13.949999809265137,12.359999656677246,13.140000343322754,0
2015-03-26,13.140000343322754,15.609999656677246,12.520000457763672,15.15999984741211,0
2015-03-27,15.15999984741211,15.399999618530273,14.369999885559082,14.5,0
2015-03-30,14.5,15.1899995803833,14.109999656677246,14.260000228881836,0
2015-03-31,14.260000228881836,14.739999771118164,13.859999656677246,14.489999771118164,0
2015-04-01,14.489999771118164,14.680000305175781,13.569999694824219,13.670000076293945,0
2015-04-06,13.670000076293945,15.050000190734863,13.600000381469727,14.569999694824219,0
2015-04-07,14.569999694824219,14.899999618530273,13.979999542236328,14.25,0
2015-04-08,14.25,14.699999809265137,13.350000381469727,14.350000381469727,0
2015-04-09,14.350000381469727,14.890000343322754,13.289999961853027,14.420000076293945,0
2015-04-10,14.420000076293945,14.789999961853027,13.430000305175781,14.260000228881836,0
2015-04-13,14.260000228881836,14.930000305175781,13.0600004196167,14.489999771118164,0
2015-04-15,14.489999771118164,14.989999771118164,13.34000015258789,14.619999885559082,0
2015-04-16,14.619999885559082,15.300000190734863,12.970000267028809,14.949999809265137,0
2015-04-17,14.949999809265137,15.180000305175781,13.619999885559082,15.039999961853027,0
2015-04-20,15.039999961853027,16.420000076293945,13.65999984741211,16.299999237060547,0
2015-04-21,16.299999237060547,17.34000015258789,15.229999542236328,17.030000686645508,0
2015-04-22,17.030000686645508,18.3799991607666,14.6899995803833,17.209999084472656,0
2015-04-23,17.209999084472656,19.43000030517578,14.970000267028809,18.5,0
2015-04-24,18.5,19.59000015258789,17.360000610351562,19.110000610351562,0
2015-04-27,19.110000610351562,20.09000015258789,16.219999313354492,18.739999771118164,0
2015-04-28,18.739999771118164,18.899999618530273,16.75,17.40999984741211,0
2015-04-29,17.40999984741211,17.889999389648438,15.729999542236328,17.239999771118164,0
2015-04-30,17.239999771118164,18.1200008392334,16.309999465942383,17.229999542236328,0
2015-05-04,17.229999542236328,18.280000686645508,16.959999084472656,17.309999465942383,0
2015-05-05,17.309999465942383,18.06999969482422,16.270000457763672,17.360000610351562,0
2015-05-06,17.360000610351562,20.459999084472656,16.709999084472656,19.670000076293945,0
2015-05-07,19.670000076293945,20.030000686645508,18.34000015258789,19.649999618530273,0
2015-05-08,19.649999618530273,19.649999618530273,17.440000534057617,19.110000610351562,0
2015-05-11,19.110000610351562,19.280000686645508,16.770000457763672,18.6299991607666,0
2015-05-12,18.6299991607666,21.329999923706055,17.219999313354492,20.549999237060547,0
2015-05-13,20.549999237060547,21.43000030517578,18.100000381469727,20.690000534057617,0
2015-05-14,20.690000534057617,21.90999984741211,19.81999969482422,20.700000762939453,0
2015-05-15,20.700000762939453,20.979999542236328,19.100000381469727,19.81999969482422,0
2015-05-18,19.81999969482422,20.469999313354492,16.770000457763672,17.899999618530273,0
2015-05-19,17.899999618530273,18.520000457763672,14.869999885559082,18.270000457763672,0
2015-05-20,18.270000457763672,18.270000457763672,15.569999694824219,17.719999313354492,0
2015-05-21,17.719999313354492,18.059999465942383,16.139999389648438,17.40999984741211,0
2015-05-22,17.40999984741211,17.440000534057617,14.199999809265137,16.950000762939453,0
2015-05-25,16.950000762939453,17.700000762939453,14.680000305175781,16.93000030517578,0
2015-05-26,16.93000030517578,17.84000015258789,15.289999961853027,17.06999969482422,0
2015-05-27,17.06999969482422,17.969999313354492,16.90999984741211,17.280000686645508,0
2015-05-28,17.280000686645508,17.719999313354492,16.600000381469727,17.1299991607666,0
2015-05-29,17.1299991607666,17.709999084472656,16.440000534057617,16.65999984741211,0
2015-06-01,16.65999984741211,17.459999084472656,16.059999465942383,16.90999984741211,0
2015-06-02,16.90999984741211,17.139999389648438,16.030000686645508,16.81999969482422,0
2015-06-03,16.81999969482422,17.920000076293945,15.859999656677246,17.510000228881836,0
2015-06-04,16.81999969482422,18.670000076293945,16.469999313354492,18.1200008392334,0
2015-06-05,18.1200008392334,18.3799991607666,17.690000534057617,18.09000015258789,0
2015-06-08,18.09000015258789,19.06999969482422,17.15999984741211,18.889999389648438,0
2015-06-09,18.889999389648438,19.1200008392334,16.479999542236328,18.010000228881836,0
2015-06-10,18.010000228881836,18.020000457763672,16.709999084472656,17.079999923706055,0
2015-06-11,17.079999923706055,17.950000762939453,15.949999809265137,17.809999465942383,0
2015-06-12,17.809999465942383,18.209999084472656,16.079999923706055,17.479999542236328,0
2015-06-15,17.479999542236328,18.020000457763672,15.350000381469727,17.520000457763672,0
2015-06-16,17.520000457763672,17.860000610351562,14.09000015258789,17.170000076293945,0
2015-06-17,17.170000076293945,17.190000534057617,14.300000190734863,16.729999542236328,0
2015-06-18,16.729999542236328,16.729999542236328,14.239999771118164,16.020000457763672,0
2015-06-19,16.020000457763672,16.020000457763672,14.90999984741211,15.09000015258789,0
2015-06-22,15.09000015258789,15.75,13.739999771118164,15.489999771118164,0
2015-06-23,15.489999771118164,16.540000915527344,14.829999923706055,15.039999961853027,0
2015-06-24,15.039999961853027,16.610000610351562,14.949999809265137,15.920000076293945,0
2015-06-25,15.920000076293945,16.709999084472656,15.479999542236328,15.930000305175781,0
2015-06-26,15.930000305175781,16.520000457763672,15.520000457763672,15.760000228881836,0
2015-06-29,15.760000228881836,18.770000457763672,15.760000228881836,17.299999237060547,0
2015-06-30,17.299999237060547,17.84000015258789,16.780000686645508,16.93000030517578,0
2015-07-01,16.93000030517578,17.100000381469727,15.720000267028809,15.850000381469727,0
2015-07-02,15.850000381469727,16.079999923706055,15.15999984741211,15.5600004196167,0
2015-07-03,15.5600004196167,16.389999389648438,14.789999961853027,16.309999465942383,0
2015-07-06,16.309999465942383,17.049999237060547,15.890000343322754,16.020000457763672,0
2015-07-07,16.020000457763672,16.56999969482422,15.220000267028809,16.309999465942383,0
2015-07-08,16.309999465942383,18.3799991607666,15.4399995803833,17.790000915527344,0
2015-07-09,17.790000915527344,18.079999923706055,16.290000915527344,17.440000534057617,0
2015-07-10,17.440000534057617,17.6299991607666,16.239999771118164,17.06999969482422,0
2015-07-13,17.06999969482422,17.719999313354492,15.569999694824219,16.270000457763672,0
2015-07-14,16.270000457763672,16.610000610351562,14.699999809265137,16.010000228881836,0
2015-07-15,16.010000228881836,16.030000686645508,14.1899995803833,15.569999694824219,0
2015-07-16,15.569999694824219,15.569999694824219,14.300000190734863,14.779999732971191,0
2015-07-17,14.779999732971191,15.140000343322754,13.289999961853027,14.800000190734863,0
2015-07-20,14.800000190734863,15.619999885559082,12.729999542236328,14.960000038146973,0
2015-07-21,14.960000038146973,15.3100004196167,13.010000228881836,15.100000381469727,0
2015-07-22,15.100000381469727,15.350000381469727,13.5,15.130000114440918,0
2015-07-23,15.130000114440918,15.739999771118164,13.100000381469727,15.520000457763672,0
2015-07-24,15.520000457763672,15.930000305175781,12.069999694824219,15.460000038146973,0
2015-07-27,15.460000038146973,17.049999237060547,12.930000305175781,16.3700008392334,0
2015-07-28,16.3700008392334,16.56999969482422,15.59000015258789,15.920000076293945,0
2015-07-29,15.920000076293945,16.34000015258789,14.130000114440918,15.880000114440918,0
2015-07-30,15.880000114440918,15.880000114440918,14.65999984741211,15.329999923706055,0
2015-07-31,15.329999923706055,15.579999923706055,14.5,14.569999694824219,0
2015-08-03,14.569999694824219,15.649999618530273,14.279999732971191,15.390000343322754,0
2015-08-04,15.390000343322754,15.699999809265137,14.279999732971191,14.829999923706055,0
2015-08-05,14.829999923706055,14.880000114440918,13.6899995803833,14.670000076293945,0
2015-08-06,14.670000076293945,15.010000228881836,12.890000343322754,14.729999542236328,0
2015-08-07,14.729999542236328,15.069999694824219,13.170000076293945,14.90999984741211,0
2015-08-10,14.90999984741211,15.619999885559082,14.239999771118164,15.470000267028809,0
2015-08-11,15.470000267028809,16.09000015258789,13.550000190734863,15.890000343322754,0
2015-08-12,15.890000343322754,17.719999313354492,14.789999961853027,17.450000762939453,0
2015-08-13,17.450000762939453,17.450000762939453,16.25,17.020000457763672,0
2015-08-14,17.020000457763672,17.020000457763672,15.140000343322754,16.020000457763672,0
2015-08-17,16.020000457763672,17.200000762939453,15.289999961853027,16.459999084472656,0
2015-08-18,16.459999084472656,16.65999984741211,15.100000381469727,16.360000610351562,0
2015-08-19,16.360000610351562,16.989999771118164,14.949999809265137,16.68000030517578,0
2015-08-20,16.68000030517578,17.200000762939453,15.470000267028809,16.979999542236328,0
2015-08-21,16.979999542236328,18.729999542236328,15.1899995803833,17.110000610351562,0
2015-08-24,17.110000610351562,30.649999618530273,17.110000610351562,28.1299991607666,0
2015-08-25,28.1299991607666,35.56999969482422,26.079999923706055,26.850000381469727,0
2015-08-26,26.850000381469727,29.049999237060547,23.530000686645508,25.520000457763672,0
2015-08-27,25.520000457763672,25.520000457763672,21.520000457763672,22.040000915527344,0
2015-08-28,22.040000915527344,23.670000076293945,19.799999237060547,23.329999923706055,0
2015-08-31,23.329999923706055,24.739999771118164,22.68000030517578,24.600000381469727,0
2015-09-01,24.600000381469727,30.440000534057617,24.440000534057617,28.719999313354492,0
2015-09-02,28.719999313354492,28.719999313354492,26.3799991607666,26.649999618530273,0
2015-09-03,26.649999618530273,26.649999618530273,23.719999313354492,24.1200008392334,0
2015-09-04,24.1200008392334,27.25,23.420000076293945,26.420000076293945,0
2015-09-07,26.420000076293945,26.829999923706055,24.510000228881836,26.350000381469727,0
2015-09-08,26.350000381469727,26.440000534057617,23.84000015258789,24.56999969482422,0
2015-09-09,24.56999969482422,24.65999984741211,21.350000381469727,24.299999237060547,0
2015-09-10,24.299999237060547,25.84000015258789,24.020000457763672,24.75,0
2015-09-11,24.75,25.260000228881836,23.260000228881836,24.979999542236328,0
2015-09-14,24.979999542236328,25.270000457763672,23.459999084472656,24.31999969482422,0
2015-09-15,24.31999969482422,24.559999465942383,22.700000762939453,23.739999771118164,0
2015-09-16,23.739999771118164,23.739999771118164,21.600000381469727,22.0,0
2015-09-18,22.0,22.0,17.8799991607666,18.290000915527344,0
2015-09-21,18.290000915527344,18.920000076293945,16.989999771118164,18.18000030517578,0
2015-09-22,18.18000030517578,21.25,17.209999084472656,20.350000381469727,0
2015-09-23,20.350000381469727,22.190000534057617,19.770000457763672,20.690000534057617,0
2015-09-24,20.690000534057617,21.56999969482422,19.3799991607666,20.8799991607666,0
2015-09-28,20.8799991607666,22.239999771118164,20.770000457763672,21.670000076293945,0
2015-09-29,21.670000076293945,23.6299991607666,20.440000534057617,21.56999969482422,0
2015-09-30,21.56999969482422,21.56999969482422,19.3700008392334,19.6299991607666,0
2015-10-01,19.6299991607666,20.110000610351562,18.239999771118164,19.239999771118164,0
2015-10-05,19.239999771118164,19.459999084472656,18.059999465942383,19.1299991607666,0
2015-10-06,19.1299991607666,19.899999618530273,17.389999389648438,19.309999465942383,0
2015-10-07,19.309999465942383,19.739999771118164,17.899999618530273,19.34000015258789,0
2015-10-08,19.34000015258789,19.93000030517578,17.350000381469727,19.559999465942383,0
2015-10-09,19.559999465942383,19.68000030517578,17.68000030517578,18.93000030517578,0
2015-10-12,18.93000030517578,19.989999771118164,17.18000030517578,19.1200008392334,0
2015-10-13,19.1200008392334,19.219999313354492,17.850000381469727,18.020000457763672,0
2015-10-14,18.020000457763672,18.280000686645508,15.760000228881836,17.719999313354492,0
2015-10-15,17.719999313354492,17.719999313354492,14.859999656677246,17.170000076293945,0
2015-10-16,17.170000076293945,17.18000030517578,14.029999732971191,16.270000457763672,0
2015-10-19,16.270000457763672,17.06999969482422,15.300000190734863,16.8799991607666,0
2015-10-20,16.8799991607666,17.18000030517578,14.529999732971191,17.0,0
2015-10-21,17.0,17.43000030517578,13.65999984741211,16.6200008392334,0
2015-10-23,16.6200008392334,16.6200008392334,14.649999618530273,16.190000534057617,0
2015-10-26,16.190000534057617,17.81999969482422,15.010000228881836,17.229999542236328,0
2015-10-27,17.229999542236328,17.299999237060547,16.0,16.540000915527344,0
2015-10-28,16.540000915527344,17.479999542236328,15.5600004196167,17.040000915527344,0
2015-10-29,17.040000915527344,17.950000762939453,14.720000267028809,17.579999923706055,0
2015-10-30,17.579999923706055,18.329999923706055,16.8799991607666,17.8799991607666,0
2015-11-02,17.8799991607666,20.1299991607666,17.3799991607666,19.479999542236328,0
2015-11-03,19.479999542236328,19.959999084472656,18.06999969482422,19.559999465942383,0
2015-11-04,19.559999465942383,19.6299991607666,17.950000762939453,19.360000610351562,0
2015-11-05,19.360000610351562,19.739999771118164,18.34000015258789,19.290000915527344,0
2015-11-06,19.290000915527344,19.59000015258789,16.610000610351562,19.469999313354492,0
2015-11-09,19.469999313354492,19.469999313354492,15.989999771118164,17.040000915527344,0
2015-11-10,17.040000915527344,17.059999465942383,15.300000190734863,16.829999923706055,0
2015-11-13,16.90999984741211,17.719999313354492,15.800000190734863,17.649999618530273,0
2015-11-16,17.649999618530273,18.610000610351562,15.289999961853027,17.8799991607666,0
2015-11-17,17.8799991607666,17.8799991607666,15.619999885559082,16.969999313354492,0
2015-11-18,16.969999313354492,17.75,14.899999618530273,17.420000076293945,0
2015-11-19,17.420000076293945,17.420000076293945,14.420000076293945,15.84000015258789,0
2015-11-20,15.84000015258789,16.139999389648438,13.829999923706055,15.899999618530273,0
2015-11-23,15.899999618530273,17.559999465942383,15.779999732971191,17.079999923706055,0
2015-11-24,17.079999923706055,17.079999923706055,15.649999618530273,16.25,0
2015-11-26,16.25,16.790000915527344,15.09000015258789,16.690000534057617,0
2015-11-27,16.690000534057617,16.979999542236328,16.170000076293945,16.729999542236328,0
2015-11-30,16.729999542236328,17.239999771118164,15.850000381469727,16.43000030517578,0
2015-12-01,16.43000030517578,16.43000030517578,15.529999732971191,15.640000343322754,0
2015-12-02,15.640000343322754,15.979999542236328,14.729999542236328,15.489999771118164,0
2015-12-03,15.489999771118164,16.15999984741211,15.119999885559082,16.059999465942383,0
2015-12-04,16.059999465942383,16.549999237060547,15.5600004196167,16.09000015258789,0
2015-12-07,16.09000015258789,16.360000610351562,15.789999961853027,15.869999885559082,0
2015-12-08,15.869999885559082,16.239999771118164,15.470000267028809,15.970000267028809,0
2015-12-09,15.970000267028809,16.920000076293945,15.369999885559082,16.729999542236328,0
2015-12-10,16.729999542236328,16.729999542236328,15.460000038146973,16.290000915527344,0
2015-12-11,16.290000915527344,17.770000457763672,15.039999961853027,17.18000030517578,0
2015-12-14,17.18000030517578,18.360000610351562,16.459999084472656,17.799999237060547,0
2015-12-15,17.799999237060547,18.360000610351562,16.110000610351562,17.34000015258789,0
2015-12-16,17.34000015258789,17.34000015258789,14.90999984741211,16.729999542236328,0
2015-12-17,16.729999542236328,16.729999542236328,14.020000457763672,14.220000267028809,0
2015-12-18,14.220000267028809,14.710000038146973,13.039999961853027,14.489999771118164,0
2015-12-21,14.489999771118164,14.979999542236328,12.979999542236328,14.229999542236328,0
2015-12-22,14.229999542236328,14.609999656677246,12.229999542236328,14.479999542236328,0
2015-12-23,14.479999542236328,14.479999542236328,12.630000114440918,13.649999618530273,0
2015-12-24,13.649999618530273,13.9399995803833,11.199999809265137,13.75,0
2015-12-28,13.75,14.529999732971191,10.380000114440918,14.399999618530273,0
2015-12-29,14.399999618530273,14.710000038146973,13.329999923706055,14.239999771118164,0
2015-12-30,14.239999771118164,14.5,12.779999732971191,14.350000381469727,0
2015-12-31,14.350000381469727,14.489999771118164,12.979999542236328,13.869999885559082,0
2016-01-01,13.869999885559082,14.350000381469727,13.109999656677246,14.260000228881836,0
2016-01-04,14.260000228881836,17.100000381469727,14.029999732971191,16.84000015258789,0
2016-01-05,16.84000015258789,16.84000015258789,15.569999694824219,16.700000762939453,0
2016-01-06,16.700000762939453,17.15999984741211,15.609999656677246,16.549999237060547,0
2016-01-07,16.549999237060547,19.260000228881836,16.489999771118164,18.959999084472656,0
2016-01-08,18.959999084472656,18.959999084472656,16.8700008392334,17.799999237060547,0
2016-01-11,17.799999237060547,19.200000762939453,17.799999237060547,18.690000534057617,0
2016-01-12,18.690000534057617,19.190000534057617,17.149999618530273,18.709999084472656,0
2016-01-13,18.709999084472656,19.65999984741211,17.520000457763672,18.350000381469727,0
2016-01-14,18.350000381469727,19.790000915527344,16.469999313354492,18.610000610351562,0
2016-01-15,18.610000610351562,19.690000534057617,15.670000076293945,19.420000076293945,0
2016-01-18,19.420000076293945,20.540000915527344,18.100000381469727,20.229999542236328,0
2016-01-19,20.229999542236328,20.229999542236328,17.93000030517578,18.43000030517578,0
2016-01-20,18.43000030517578,22.110000610351562,17.190000534057617,20.969999313354492,0
2016-01-21,20.969999313354492,21.690000534057617,17.850000381469727,20.809999465942383,0
2016-01-22,20.809999465942383,20.809999465942383,17.1200008392334,18.81999969482422,0
2016-01-25,18.81999969482422,19.149999618530273,17.209999084472656,18.270000457763672,0
2016-01-27,18.270000457763672,19.270000457763672,17.93000030517578,19.059999465942383,0
2016-01-28,19.059999465942383,19.059999465942383,17.260000228881836,17.899999618530273,0
2016-01-29,17.899999618530273,18.799999237060547,17.079999923706055,17.239999771118164,0
2016-02-01,17.239999771118164,18.170000076293945,17.1299991607666,17.889999389648438,0
2016-02-02,17.889999389648438,18.350000381469727,16.489999771118164,18.040000915527344,0
2016-02-03,18.040000915527344,18.940000534057617,18.020000457763672,18.59000015258789,0
2016-02-04,18.59000015258789,18.649999618530273,17.329999923706055,18.209999084472656,0
2016-02-05,18.209999084472656,18.329999923706055,16.540000915527344,18.110000610351562,0
2016-02-08,18.110000610351562,20.450000762939453,17.360000610351562,20.260000228881836,0
2016-02-09,20.260000228881836,22.030000686645508,20.25,21.729999542236328,0
2016-02-10,21.729999542236328,23.100000381469727,21.440000534057617,22.469999313354492,0
2016-02-11,22.469999313354492,26.8700008392334,22.110000610351562,25.969999313354492,0
2016-02-12,25.969999313354492,25.969999313354492,24.010000228881836,24.670000076293945,0
2016-02-15,24.670000076293945,24.670000076293945,21.799999237060547,22.3799991607666,0
2016-02-16,22.3799991607666,23.329999923706055,17.31999969482422,23.040000915527344,0
2016-02-17,23.040000915527344,23.809999465942383,20.639999389648438,21.829999923706055,0
2016-02-18,21.829999923706055,22.299999237060547,19.790000915527344,21.489999771118164,0
2016-02-19,21.489999771118164,21.65999984741211,17.700000762939453,20.920000076293945,0
2016-02-22,20.920000076293945,21.860000610351562,17.40999984741211,21.020000457763672,0
2016-02-23,21.020000457763672,24.639999389648438,21.020000457763672,23.84000015258789,0
2016-02-24,23.84000015258789,24.81999969482422,22.1299991607666,22.959999084472656,0
2016-02-25,22.959999084472656,23.489999771118164,22.200000762939453,22.75,0
2016-02-26,22.75,23.149999618530273,21.190000534057617,21.8700008392334,0
2016-02-29,21.8700008392334,22.40999984741211,19.360000610351562,20.15999984741211,0
2016-03-01,20.15999984741211,20.15999984741211,18.399999618530273,18.670000076293945,0
2016-03-02,18.670000076293945,19.200000762939453,17.5,18.989999771118164,0
2016-03-03,18.989999771118164,19.020000457763672,17.90999984741211,18.040000915527344,0
2016-03-04,18.040000915527344,18.31999969482422,17.200000762939453,17.8799991607666,0
2016-03-08,17.8799991607666,18.979999542236328,17.40999984741211,18.469999313354492,0
2016-03-09,18.469999313354492,18.68000030517578,17.31999969482422,17.510000228881836,0
2016-03-10,17.510000228881836,18.239999771118164,16.270000457763672,17.899999618530273,0
2016-03-11,17.899999618530273,17.899999618530273,16.030000686645508,17.100000381469727,0
2016-03-14,17.100000381469727,17.399999618530273,15.59000015258789,17.100000381469727,0
2016-03-15,17.100000381469727,17.84000015258789,15.229999542236328,17.600000381469727,0
2016-03-16,17.600000381469727,17.8799991607666,14.600000381469727,17.110000610351562,0
2016-03-17,17.110000610351562,17.270000457763672,15.5600004196167,16.84000015258789,0
2016-03-18,16.84000015258789,16.8700008392334,14.899999618530273,16.3799991607666,0
2016-03-21,16.3799991607666,17.110000610351562,14.829999923706055,16.329999923706055,0
2016-03-22,16.329999923706055,16.860000610351562,13.699999809265137,16.43000030517578,0
2016-03-23,16.43000030517578,16.8700008392334,13.949999809265137,16.350000381469727,0
2016-03-28,16.350000381469727,18.56999969482422,15.180000305175781,17.489999771118164,0
2016-03-29,17.489999771118164,18.040000915527344,16.809999465942383,17.639999389648438,0
2016-03-30,17.639999389648438,17.639999389648438,16.56999969482422,16.809999465942383,0
2016-03-31,16.809999465942383,16.889999389648438,15.5,16.579999923706055,0
2016-04-01,16.579999923706055,17.899999618530273,16.290000915527344,17.280000686645508,0
2016-04-04,17.280000686645508,18.170000076293945,16.229999542236328,17.450000762939453,0
2016-04-05,17.450000762939453,18.059999465942383,16.889999389648438,17.829999923706055,0
2016-04-06,17.829999923706055,17.920000076293945,16.1299991607666,17.350000381469727,0
2016-04-07,17.350000381469727,17.420000076293945,16.34000015258789,16.93000030517578,0
2016-04-08,16.93000030517578,16.93000030517578,15.199999809265137,16.43000030517578,0
2016-04-11,16.43000030517578,16.790000915527344,14.880000114440918,16.010000228881836,0
2016-04-12,16.010000228881836,16.299999237060547,14.649999618530273,16.020000457763672,0
2016-04-13,16.020000457763672,16.1200008392334,13.550000190734863,16.040000915527344,0
2016-04-18,16.040000915527344,17.420000076293945,14.140000343322754,16.950000762939453,0
2016-04-20,16.950000762939453,17.520000457763672,15.430000305175781,17.079999923706055,0
2016-04-21,17.079999923706055,17.079999923706055,15.640000343322754,16.510000228881836,0
2016-04-22,16.510000228881836,16.860000610351562,15.34000015258789,16.3799991607666,0
2016-04-25,16.3799991607666,17.030000686645508,16.1299991607666,16.56999969482422,0
2016-04-26,16.56999969482422,16.81999969482422,15.640000343322754,16.579999923706055,0
2016-04-27,16.579999923706055,16.790000915527344,16.229999542236328,16.350000381469727,0
2016-04-28,16.350000381469727,16.770000457763672,15.3100004196167,16.600000381469727,0
2016-04-29,16.600000381469727,17.239999771118164,15.630000114440918,16.540000915527344,0
2016-05-02,16.540000915527344,17.65999984741211,16.540000915527344,17.09000015258789,0
2016-05-03,17.09000015258789,18.079999923706055,15.609999656677246,17.459999084472656,0
2016-05-04,17.459999084472656,17.780000686645508,16.270000457763672,17.450000762939453,0
2016-05-05,17.450000762939453,17.479999542236328,15.729999542236328,17.170000076293945,0
2016-05-06,17.170000076293945,17.5,16.059999465942383,16.950000762939453,0
2016-05-09,16.950000762939453,16.950000762939453,15.220000267028809,16.610000610351562,0
2016-05-10,16.610000610351562,17.18000030517578,15.020000457763672,16.420000076293945,0
2016-05-11,16.420000076293945,17.459999084472656,15.539999961853027,16.959999084472656,0
2016-05-12,16.959999084472656,17.170000076293945,15.960000038146973,16.329999923706055,0
2016-05-13,16.329999923706055,17.3700008392334,14.199999809265137,17.0,0
2016-05-16,17.0,17.770000457763672,16.170000076293945,17.030000686645508,0
2016-05-17,17.030000686645508,17.030000686645508,15.739999771118164,16.3700008392334,0
2016-05-18,16.3700008392334,16.969999313354492,15.989999771118164,16.450000762939453,0
2016-05-19,16.450000762939453,17.420000076293945,15.420000076293945,17.059999465942383,0
2016-05-20,17.059999465942383,17.059999465942383,14.979999542236328,16.43000030517578,0
2016-05-23,16.43000030517578,16.549999237060547,15.180000305175781,16.15999984741211,0
2016-05-24,16.15999984741211,16.889999389648438,15.6899995803833,16.219999313354492,0
2016-05-25,16.219999313354492,16.219999313354492,14.550000190734863,15.520000457763672,0
2016-05-26,15.520000457763672,15.520000457763672,14.470000267028809,15.329999923706055,0
2016-05-27,15.329999923706055,15.859999656677246,14.9399995803833,15.260000228881836,0
2016-05-30,15.260000228881836,16.440000534057617,14.770000457763672,15.979999542236328,0
2016-05-31,15.979999542236328,16.360000610351562,14.300000190734863,16.049999237060547,0
2016-06-01,16.049999237060547,16.100000381469727,14.720000267028809,15.84000015258789,0
2016-06-02,15.84000015258789,15.9399995803833,14.960000038146973,15.09000015258789,0
2016-06-03,15.09000015258789,15.390000343322754,14.050000190734863,15.0,0
2016-06-06,15.0,15.539999961853027,14.119999885559082,15.359999656677246,0
2016-06-07,15.359999656677246,15.359999656677246,14.399999618530273,14.869999885559082,0
2016-06-08,14.869999885559082,15.289999961853027,13.319999694824219,15.140000343322754,0
2016-06-09,15.140000343322754,15.829999923706055,13.979999542236328,15.670000076293945,0
2016-06-10,15.670000076293945,16.270000457763672,14.550000190734863,15.970000267028809,0
2016-06-13,15.970000267028809,17.079999923706055,15.65999984741211,16.579999923706055,0
2016-06-14,16.579999923706055,17.540000915527344,14.90999984741211,17.190000534057617,0
2016-06-15,17.190000534057617,17.6299991607666,15.420000076293945,17.059999465942383,0
2016-06-16,17.059999465942383,18.459999084472656,15.779999732971191,17.700000762939453,0
2016-06-17,17.700000762939453,17.899999618530273,16.040000915527344,17.350000381469727,0
2016-06-20,17.350000381469727,18.450000762939453,16.290000915527344,17.520000457763672,0
2016-06-21,17.520000457763672,17.700000762939453,16.389999389648438,17.260000228881836,0
2016-06-22,17.260000228881836,18.309999465942383,16.219999313354492,18.18000030517578,0
2016-06-23,18.18000030517578,18.829999923706055,16.989999771118164,18.020000457763672,0
2016-06-24,18.020000457763672,21.049999237060547,16.149999618530273,18.6299991607666,0
2016-06-27,18.6299991607666,19.729999542236328,18.3799991607666,18.530000686645508,0
2016-06-28,18.530000686645508,18.809999465942383,17.450000762939453,17.729999542236328,0
2016-06-29,17.729999542236328,17.729999542236328,15.90999984741211,16.15999984741211,0
2016-06-30,16.15999984741211,16.40999984741211,14.65999984741211,16.290000915527344,0
2016-07-01,16.290000915527344,16.360000610351562,15.649999618530273,15.739999771118164,0
2016-07-04,15.739999771118164,15.970000267028809,15.149999618530273,15.579999923706055,0
2016-07-05,15.579999923706055,15.699999809265137,14.829999923706055,15.359999656677246,0
2016-07-07,15.359999656677246,15.579999923706055,14.289999961853027,15.3100004196167,0
2016-07-08,15.3100004196167,15.8100004196167,13.90999984741211,15.079999923706055,0
2016-07-11,15.079999923706055,15.079999923706055,13.760000228881836,14.850000381469727,0
2016-07-12,14.850000381469727,15.029999732971191,13.819999694824219,14.779999732971191,0
2016-07-13,14.779999732971191,15.40999984741211,13.869999885559082,15.329999923706055,0
2016-07-14,15.329999923706055,15.920000076293945,14.15999984741211,15.609999656677246,0
2016-07-15,15.609999656677246,16.31999969482422,13.920000076293945,15.640000343322754,0
2016-07-18,15.640000343322754,16.200000762939453,14.109999656677246,15.989999771118164,0
2016-07-19,15.989999771118164,16.229999542236328,13.920000076293945,15.800000190734863,0
2016-07-20,15.800000190734863,16.209999084472656,14.140000343322754,15.989999771118164,0
2016-07-21,15.989999771118164,16.110000610351562,14.029999732971191,15.710000038146973,0
2016-07-22,15.710000038146973,15.960000038146973,14.4399995803833,15.5,0
2016-07-25,15.5,16.110000610351562,13.520000457763672,15.720000267028809,0
2016-07-26,15.720000267028809,16.149999618530273,13.949999809265137,15.619999885559082,0
2016-07-27,15.619999885559082,15.670000076293945,14.470000267028809,15.430000305175781,0
2016-07-28,15.430000305175781,15.539999961853027,12.59000015258789,15.149999618530273,0
2016-07-29,15.149999618530273,15.229999542236328,14.149999618530273,14.920000076293945,0
2016-08-01,14.920000076293945,15.479999542236328,14.359999656677246,15.180000305175781,0
2016-08-02,15.180000305175781,15.789999961853027,13.960000038146973,15.6899995803833,0
2016-08-03,15.6899995803833,16.450000762939453,14.300000190734863,16.239999771118164,0
2016-08-04,16.239999771118164,16.239999771118164,14.100000381469727,15.140000343322754,0
2016-08-05,15.140000343322754,15.140000343322754,13.619999885559082,14.350000381469727,0
2016-08-08,14.350000381469727,14.819999694824219,13.109999656677246,14.59000015258789,0
2016-08-09,14.59000015258789,14.960000038146973,12.350000381469727,14.539999961853027,0
2016-08-10,14.539999961853027,15.25,12.710000038146973,14.920000076293945,0
2016-08-11,14.920000076293945,14.920000076293945,13.170000076293945,14.210000038146973,0
2016-08-12,14.210000038146973,14.210000038146973,12.369999885559082,13.770000457763672,0
2016-08-16,13.770000457763672,14.640000343322754,13.140000343322754,14.180000305175781,0
2016-08-17,14.180000305175781,14.90999984741211,12.710000038146973,14.779999732971191,0
2016-08-18,14.779999732971191,14.779999732971191,12.90999984741211,14.550000190734863,0
2016-08-19,14.550000190734863,14.90999984741211,12.109999656677246,14.539999961853027,0
2016-08-22,14.539999961853027,15.010000228881836,13.270000457763672,14.239999771118164,0
2016-08-23,14.239999771118164,14.619999885559082,13.0600004196167,13.899999618530273,0
2016-08-24,13.899999618530273,14.039999961853027,12.390000343322754,13.489999771118164,0
2016-08-25,13.489999771118164,13.609999656677246,10.930000305175781,13.289999961853027,0
2016-08-26,13.289999961853027,14.210000038146973,12.350000381469727,13.569999694824219,0
2016-08-29,13.569999694824219,14.010000228881836,12.9399995803833,13.170000076293945,0
2016-08-30,13.170000076293945,13.170000076293945,12.289999961853027,13.020000457763672,0
2016-08-31,13.020000457763672,13.539999961853027,12.25,13.239999771118164,0
2016-09-01,13.239999771118164,13.680000305175781,12.539999961853027,13.34000015258789,0
2016-09-02,13.34000015258789,13.449999809265137,12.640000343322754,12.9399995803833,0
2016-09-06,12.9399995803833,13.180000305175781,12.350000381469727,12.75,0
2016-09-07,12.75,13.359999656677246,11.949999809265137,13.149999618530273,0
2016-09-08,13.149999618530273,13.229999542236328,12.050000190734863,13.119999885559082,0
2016-09-09,13.119999885559082,13.449999809265137,12.640000343322754,13.229999542236328,0
2016-09-12,13.229999542236328,15.34000015258789,12.699999809265137,15.239999771118164,0
2016-09-14,15.239999771118164,15.520000457763672,14.199999809265137,14.760000228881836,0
2016-09-15,14.760000228881836,15.079999923706055,13.4399995803833,14.680000305175781,0
2016-09-16,14.680000305175781,14.949999809265137,13.430000305175781,14.579999923706055,0
2016-09-19,14.579999923706055,15.199999809265137,13.640000343322754,14.9399995803833,0
2016-09-20,14.9399995803833,15.149999618530273,13.770000457763672,14.779999732971191,0
2016-09-21,14.779999732971191,14.949999809265137,13.170000076293945,14.8100004196167,0
2016-09-22,14.8100004196167,14.8100004196167,12.59000015258789,13.34000015258789,0
2016-09-23,13.34000015258789,13.59000015258789,12.029999732971191,13.25,0
2016-09-26,13.25,14.789999961853027,12.8100004196167,14.569999694824219,0
2016-09-27,14.569999694824219,14.569999694824219,13.770000457763672,14.25,0
2016-09-28,14.25,14.350000381469727,13.489999771118164,13.850000381469727,0
2016-09-29,13.850000381469727,19.1299991607666,13.149999618530273,18.450000762939453,0
2016-09-30,18.450000762939453,18.850000381469727,16.829999923706055,17.18000030517578,0
2016-10-03,17.18000030517578,17.18000030517578,15.510000228881836,15.619999885559082,0
2016-10-04,15.619999885559082,15.720000267028809,14.8100004196167,14.989999771118164,0
2016-10-05,14.989999771118164,15.149999618530273,13.90999984741211,14.930000305175781,0
2016-10-06,14.930000305175781,15.119999885559082,14.329999923706055,14.84000015258789,0
2016-10-07,14.84000015258789,14.970000267028809,13.779999732971191,14.489999771118164,0
2016-10-10,14.489999771118164,14.569999694824219,13.270000457763672,14.289999961853027,0
2016-10-13,14.289999961853027,16.010000228881836,14.289999961853027,15.430000305175781,0
2016-10-14,15.430000305175781,15.430000305175781,14.329999923706055,14.890000343322754,0
2016-10-17,14.890000343322754,16.049999237060547,14.350000381469727,15.65999984741211,0
2016-10-18,15.65999984741211,15.65999984741211,14.300000190734863,14.539999961853027,0
2016-10-19,14.539999961853027,14.949999809265137,13.149999618530273,14.609999656677246,0
2016-10-20,14.609999656677246,14.609999656677246,12.75,14.170000076293945,0
2016-10-21,14.170000076293945,14.350000381469727,12.430000305175781,13.829999923706055,0
2016-10-24,13.829999923706055,14.449999809265137,13.100000381469727,14.329999923706055,0
2016-10-25,14.329999923706055,14.8100004196167,12.84000015258789,14.479999542236328,0
2016-10-26,14.479999542236328,14.9399995803833,13.600000381469727,14.449999809265137,0
2016-10-27,14.449999809265137,14.819999694824219,12.75,14.09000015258789,0
2016-10-28,14.09000015258789,14.880000114440918,13.479999542236328,14.649999618530273,0
2016-11-01,15.489999771118164,15.890000343322754,14.3100004196167,15.739999771118164,0
2016-11-02,15.739999771118164,17.260000228881836,15.119999885559082,16.799999237060547,0
2016-11-03,16.799999237060547,16.799999237060547,15.489999771118164,16.469999313354492,0
2016-11-04,16.469999313354492,17.43000030517578,14.600000381469727,16.850000381469727,0
2016-11-07,16.850000381469727,16.850000381469727,14.9399995803833,16.510000228881836,0
2016-11-08,16.510000228881836,17.3799991607666,15.069999694824219,16.770000457763672,0
2016-11-09,16.770000457763672,22.790000915527344,15.84000015258789,16.6200008392334,0
2016-11-10,16.6200008392334,16.6200008392334,14.239999771118164,15.460000038146973,0
2016-11-11,15.460000038146973,17.709999084472656,14.170000076293945,17.360000610351562,0
2016-11-15,17.360000610351562,20.84000015258789,16.450000762939453,20.149999618530273,0
2016-11-16,20.149999618530273,20.190000534057617,16.899999618530273,19.5,0
2016-11-17,19.5,19.5,17.440000534057617,18.709999084472656,0
2016-11-18,18.709999084472656,18.709999084472656,15.859999656677246,17.809999465942383,0
2016-11-21,17.809999465942383,19.770000457763672,15.720000267028809,19.100000381469727,0
2016-11-22,19.100000381469727,20.1299991607666,17.950000762939453,18.469999313354492,0
2016-11-23,18.469999313354492,23.09000015258789,16.34000015258789,18.040000915527344,0
2016-11-24,18.040000915527344,18.579999923706055,16.639999389648438,17.15999984741211,0
2016-11-25,17.15999984741211,18.8700008392334,16.8700008392334,17.610000610351562,0
2016-11-28,17.610000610351562,18.610000610351562,16.81999969482422,18.059999465942383,0
2016-11-29,18.059999465942383,18.219999313354492,16.520000457763672,17.709999084472656,0
2016-11-30,17.709999084472656,17.989999771118164,16.040000915527344,16.850000381469727,0
2016-12-01,16.850000381469727,16.889999389648438,14.34000015258789,16.690000534057617,0
2016-12-02,16.690000534057617,18.190000534057617,15.829999923706055,17.93000030517578,0
2016-12-05,17.93000030517578,18.299999237060547,16.920000076293945,17.290000915527344,0
2016-12-06,17.290000915527344,17.360000610351562,14.960000038146973,17.110000610351562,0
2016-12-07,17.110000610351562,17.110000610351562,15.510000228881836,16.850000381469727,0
2016-12-08,16.850000381469727,16.850000381469727,14.15999984741211,15.529999732971191,0
2016-12-09,15.529999732971191,15.640000343322754,14.529999732971191,15.069999694824219,0
2016-12-12,15.069999694824219,16.309999465942383,14.220000267028809,16.190000534057617,0
2016-12-13,16.190000534057617,16.479999542236328,13.760000228881836,15.920000076293945,0
2016-12-14,15.920000076293945,16.670000076293945,14.430000305175781,16.59000015258789,0
2016-12-15,16.59000015258789,16.59000015258789,15.260000228881836,15.65999984741211,0
2016-12-16,15.65999984741211,15.65999984741211,13.449999809265137,15.25,0
2016-12-19,15.25,15.59000015258789,13.25,14.84000015258789,0
2016-12-20,14.84000015258789,14.930000305175781,13.399999618530273,14.539999961853027,0
2016-12-21,14.539999961853027,14.859999656677246,13.34000015258789,14.710000038146973,0
2016-12-22,14.710000038146973,15.699999809265137,12.760000228881836,15.550000190734863,0
2016-12-23,15.550000190734863,15.779999732971191,12.609999656677246,15.130000114440918,0
2016-12-26,15.130000114440918,16.90999984741211,13.4399995803833,16.600000381469727,0
2016-12-27,16.600000381469727,16.760000228881836,14.949999809265137,15.079999923706055,0
2016-12-28,15.079999923706055,15.630000114440918,14.260000228881836,15.539999961853027,0
2016-12-29,15.539999961853027,16.079999923706055,14.65999984741211,15.279999732971191,0
2016-12-30,15.279999732971191,15.579999923706055,14.529999732971191,15.470000267028809,0
2017-01-02,15.470000267028809,16.3799991607666,14.640000343322754,15.829999923706055,0
2017-01-03,15.829999923706055,16.420000076293945,14.899999618530273,15.960000038146973,0
2017-01-04,15.960000038146973,16.100000381469727,14.899999618530273,15.890000343322754,0
2017-01-05,15.890000343322754,15.890000343322754,14.449999809265137,15.050000190734863,0
2017-01-06,15.050000190734863,15.09000015258789,13.920000076293945,14.90999984741211,0
2017-01-09,14.90999984741211,15.640000343322754,13.819999694824219,15.479999542236328,0
2017-01-10,15.479999542236328,15.479999542236328,14.029999732971191,15.199999809265137,0
2017-01-11,15.199999809265137,15.199999809265137,13.539999961853027,14.8100004196167,0
2017-01-12,14.8100004196167,14.869999885559082,13.460000038146973,14.609999656677246,0
2017-01-13,14.609999656677246,14.649999618530273,13.380000114440918,14.380000114440918,0
2017-01-16,14.380000114440918,15.25,13.430000305175781,15.069999694824219,0
2017-01-17,15.069999694824219,15.619999885559082,13.979999542236328,15.390000343322754,0
2017-01-18,15.390000343322754,15.390000343322754,13.609999656677246,15.180000305175781,0
2017-01-19,15.180000305175781,15.279999732971191,14.039999961853027,15.020000457763672,0
2017-01-20,15.020000457763672,15.869999885559082,13.850000381469727,15.789999961853027,0
2017-01-23,15.789999961853027,16.3700008392334,15.5,15.90999984741211,0
2017-01-24,15.90999984741211,15.960000038146973,14.390000343322754,15.289999961853027,0
2017-01-25,15.289999961853027,15.430000305175781,14.40999984741211,15.170000076293945,0
2017-01-27,15.170000076293945,16.1299991607666,14.930000305175781,16.010000228881836,0
2017-01-30,16.010000228881836,16.860000610351562,15.390000343322754,16.670000076293945,0
2017-01-31,16.670000076293945,17.09000015258789,15.710000038146973,16.829999923706055,0
2017-02-01,16.829999923706055,17.43000030517578,13.800000190734863,13.970000267028809,0
2017-02-02,13.970000267028809,13.970000267028809,12.640000343322754,13.520000457763672,0
2017-02-03,13.520000457763672,13.600000381469727,11.779999732971191,13.130000114440918,0
2017-02-06,13.130000114440918,13.609999656677246,11.0600004196167,13.399999618530273,0
2017-02-07,13.399999618530273,13.720000267028809,12.239999771118164,13.510000228881836,0
2017-02-08,13.510000228881836,13.760000228881836,11.4399995803833,13.350000381469727,0
2017-02-09,13.350000381469727,13.779999732971191,11.399999618530273,13.239999771118164,0
2017-02-10,13.239999771118164,13.329999923706055,11.369999885559082,13.180000305175781,0
2017-02-13,13.180000305175781,13.760000228881836,11.569999694824219,13.6899995803833,0
2017-02-14,13.6899995803833,14.010000228881836,12.100000381469727,13.800000190734863,0
2017-02-15,13.800000190734863,14.460000038146973,11.729999542236328,14.210000038146973,0
2017-02-16,14.210000038146973,14.210000038146973,11.4399995803833,13.729999542236328,0
2017-02-17,13.729999542236328,13.770000457763672,12.470000267028809,13.430000305175781,0
2017-02-20,13.430000305175781,13.850000381469727,12.40999984741211,13.609999656677246,0
2017-02-21,13.609999656677246,14.279999732971191,11.890000343322754,13.529999732971191,0
2017-02-22,13.529999732971191,14.039999961853027,12.720000267028809,13.699999809265137,0
2017-02-23,13.699999809265137,13.960000038146973,12.920000076293945,13.399999618530273,0
2017-02-27,13.399999618530273,14.270000457763672,13.399999618530273,13.680000305175781,0
2017-02-28,13.680000305175781,14.029999732971191,13.170000076293945,13.789999961853027,0
2017-03-01,13.789999961853027,13.800000190734863,13.210000038146973,13.579999923706055,0
2017-03-02,13.579999923706055,13.619999885559082,13.029999732971191,13.359999656677246,0
2017-03-03,13.359999656677246,13.600000381469727,12.569999694824219,13.350000381469727,0
2017-03-06,13.350000381469727,13.729999542236328,12.8100004196167,13.640000343322754,0
2017-03-07,13.640000343322754,14.010000228881836,13.09000015258789,13.880000114440918,0
2017-03-08,13.880000114440918,14.289999961853027,12.6899995803833,14.079999923706055,0
2017-03-09,14.079999923706055,14.779999732971191,12.600000381469727,14.390000343322754,0
2017-03-10,14.390000343322754,14.390000343322754,13.579999923706055,13.960000038146973,0
2017-03-14,13.960000038146973,13.960000038146973,11.09000015258789,12.399999618530273,0
2017-03-15,12.399999618530273,12.529999732971191,11.199999809265137,12.420000076293945,0
2017-03-16,12.420000076293945,12.420000076293945,11.34000015258789,11.90999984741211,0
2017-03-17,11.90999984741211,12.109999656677246,10.390000343322754,11.850000381469727,0
2017-03-20,11.850000381469727,12.3100004196167,11.4399995803833,12.020000457763672,0
2017-03-21,12.020000457763672,12.15999984741211,11.029999732971191,11.9399995803833,0
2017-03-22,11.9399995803833,12.359999656677246,11.579999923706055,12.270000457763672,0
2017-03-23,12.270000457763672,12.270000457763672,11.239999771118164,11.84000015258789,0
2017-03-24,11.84000015258789,12.100000381469727,10.710000038146973,11.979999542236328,0
2017-03-27,11.979999542236328,12.569999694824219,11.34000015258789,12.4399995803833,0
2017-03-28,12.4399995803833,12.4399995803833,11.460000038146973,12.119999885559082,0
2017-03-29,12.119999885559082,12.239999771118164,11.449999809265137,12.09000015258789,0
2017-03-30,12.09000015258789,12.449999809265137,11.75,12.149999618530273,0
2017-03-31,12.149999618530273,12.510000228881836,11.489999771118164,12.420000076293945,0
2017-04-03,12.420000076293945,12.760000228881836,11.40999984741211,11.489999771118164,0
2017-04-05,11.489999771118164,11.890000343322754,10.890000343322754,11.550000190734863,0
2017-04-06,11.550000190734863,11.770000457763672,11.029999732971191,11.289999961853027,0
2017-04-07,11.289999961853027,11.8100004196167,10.3100004196167,11.6899995803833,0
2017-04-10,11.6899995803833,11.920000076293945,11.239999771118164,11.619999885559082,0
2017-04-11,11.619999885559082,11.829999923706055,10.239999771118164,11.399999618530273,0
2017-04-12,11.399999618530273,12.069999694824219,10.789999961853027,11.630000114440918,0
2017-04-13,11.630000114440918,11.779999732971191,10.59000015258789,11.579999923706055,0
2017-04-17,11.579999923706055,12.210000038146973,10.6899995803833,11.890000343322754,0
2017-04-18,11.890000343322754,12.59000015258789,10.760000228881836,12.380000114440918,0
2017-04-19,12.380000114440918,12.520000457763672,10.75,12.220000267028809,0
2017-04-20,12.220000267028809,12.220000267028809,10.859999656677246,11.5600004196167,0
2017-04-21,11.5600004196167,11.739999771118164,10.5600004196167,11.420000076293945,0
2017-04-24,11.420000076293945,11.859999656677246,10.970000267028809,11.630000114440918,0
2017-04-25,11.630000114440918,11.630000114440918,10.970000267028809,11.15999984741211,0
2017-04-26,11.15999984741211,11.869999885559082,9.920000076293945,11.739999771118164,0
2017-04-27,11.739999771118164,11.739999771118164,10.359999656677246,11.069999694824219,0
2017-04-28,11.069999694824219,11.069999694824219,10.529999732971191,10.859999656677246,0
2017-05-02,10.859999656677246,11.8100004196167,10.350000381469727,11.449999809265137,0
2017-05-03,11.449999809265137,11.65999984741211,9.949999809265137,11.529999732971191,0
2017-05-04,11.529999732971191,11.779999732971191,10.609999656677246,11.329999923706055,0
2017-05-05,11.329999923706055,12.15999984741211,10.449999809265137,11.989999771118164,0
2017-05-08,11.989999771118164,11.989999771118164,10.609999656677246,11.670000076293945,0
2017-05-09,11.670000076293945,11.670000076293945,10.539999961853027,11.109999656677246,0
2017-05-10,11.109999656677246,11.109999656677246,9.960000038146973,10.949999809265137,0
2017-05-11,10.949999809265137,11.260000228881836,9.899999618530273,10.84000015258789,0
2017-05-12,10.84000015258789,10.84000015258789,9.470000267028809,10.630000114440918,0
2017-05-15,10.630000114440918,11.140000343322754,8.84000015258789,10.680000305175781,0
2017-05-16,10.680000305175781,11.020000457763672,9.069999694824219,10.5600004196167,0
2017-05-17,10.5600004196167,10.8100004196167,9.239999771118164,10.640000343322754,0
2017-05-18,10.640000343322754,12.75,9.819999694824219,11.789999961853027,0
2017-05-19,11.789999961853027,11.899999618530273,10.399999618530273,11.300000190734863,0
2017-05-22,11.300000190734863,11.850000381469727,10.199999809265137,11.199999809265137,0
2017-05-23,11.199999809265137,12.770000457763672,9.869999885559082,12.199999809265137,0
2017-05-24,12.199999809265137,12.789999961853027,10.449999809265137,11.829999923706055,0
2017-05-25,11.829999923706055,11.920000076293945,10.1899995803833,10.449999809265137,0
2017-05-26,10.449999809265137,11.1899995803833,9.890000343322754,10.859999656677246,0
2017-05-29,10.859999656677246,11.880000114440918,10.260000228881836,11.789999961853027,0
2017-05-30,11.789999961853027,12.270000457763672,10.859999656677246,11.770000457763672,0
2017-05-31,11.770000457763672,12.25,11.020000457763672,11.760000228881836,0
2017-06-01,11.760000228881836,11.90999984741211,10.609999656677246,11.3100004196167,0
2017-06-02,11.3100004196167,11.3100004196167,10.3100004196167,10.8100004196167,0
2017-06-05,10.8100004196167,11.140000343322754,10.050000190734863,11.020000457763672,0
2017-06-06,11.020000457763672,11.319999694824219,9.489999771118164,11.130000114440918,0
2017-06-07,11.130000114440918,11.1899995803833,10.220000267028809,10.890000343322754,0
2017-06-08,10.890000343322754,11.130000114440918,9.529999732971191,11.069999694824219,0
2017-06-09,11.069999694824219,11.229999542236328,10.279999732971191,10.859999656677246,0
2017-06-12,10.859999656677246,11.5,10.350000381469727,11.420000076293945,0
2017-06-13,11.420000076293945,11.460000038146973,9.899999618530273,11.34000015258789,0
2017-06-14,11.34000015258789,11.529999732971191,10.4399995803833,11.180000305175781,0
2017-06-15,11.180000305175781,11.430000305175781,9.890000343322754,11.329999923706055,0
2017-06-16,11.329999923706055,11.329999923706055,9.710000038146973,10.920000076293945,0
2017-06-19,10.920000076293945,10.920000076293945,9.739999771118164,10.630000114440918,0
2017-06-20,10.630000114440918,10.869999885559082,9.819999694824219,10.65999984741211,0
2017-06-21,10.65999984741211,11.0600004196167,9.779999732971191,10.920000076293945,0
2017-06-22,10.920000076293945,11.420000076293945,10.069999694824219,11.210000038146973,0
2017-06-23,11.210000038146973,11.779999732971191,8.760000228881836,11.5600004196167,0
2017-06-27,11.5600004196167,12.869999885559082,10.930000305175781,12.510000228881836,0
2017-06-28,12.510000228881836,12.760000228881836,11.09000015258789,11.989999771118164,0
2017-06-29,11.989999771118164,11.989999771118164,10.600000381469727,11.380000114440918,0
2017-06-30,11.380000114440918,12.100000381469727,11.079999923706055,11.729999542236328,0
2017-07-03,11.729999542236328,11.75,10.460000038146973,11.199999809265137,0
2017-07-04,11.199999809265137,11.649999618530273,10.420000076293945,11.279999732971191,0
2017-07-05,11.279999732971191,11.420000076293945,10.449999809265137,11.149999618530273,0
2017-07-06,11.149999618530273,11.180000305175781,10.289999961853027,10.979999542236328,0
2017-07-07,10.979999542236328,11.130000114440918,9.619999885559082,10.869999885559082,0
2017-07-10,10.869999885559082,11.09000015258789,9.569999694824219,10.90999984741211,0
2017-07-11,10.90999984741211,11.079999923706055,9.899999618530273,10.890000343322754,0
2017-07-12,10.890000343322754,11.300000190734863,9.670000076293945,11.050000190734863,0
2017-07-13,11.050000190734863,11.399999618530273,9.859999656677246,11.25,0
2017-07-14,11.25,11.479999542236328,10.069999694824219,11.170000076293945,0
2017-07-17,11.170000076293945,11.569999694824219,10.479999542236328,11.460000038146973,0
2017-07-18,11.460000038146973,11.789999961853027,10.289999961853027,11.489999771118164,0
2017-07-19,11.489999771118164,11.6899995803833,9.079999923706055,11.260000228881836,0
2017-07-20,11.260000228881836,11.569999694824219,10.369999885559082,11.319999694824219,0
2017-07-21,11.319999694824219,11.720000267028809,9.010000228881836,11.09000015258789,0
2017-07-24,11.09000015258789,11.800000190734863,10.359999656677246,11.3100004196167,0
2017-07-25,11.3100004196167,11.510000228881836,10.239999771118164,10.90999984741211,0
2017-07-26,10.90999984741211,11.779999732971191,10.90999984741211,11.170000076293945,0
2017-07-27,11.170000076293945,11.920000076293945,10.8100004196167,11.220000267028809,0
2017-07-28,11.220000267028809,12.020000457763672,10.979999542236328,11.140000343322754,0
2017-07-31,11.140000343322754,12.029999732971191,11.140000343322754,11.899999618530273,0
2017-08-01,11.899999618530273,12.390000343322754,11.59000015258789,11.90999984741211,0
2017-08-02,11.90999984741211,12.170000076293945,10.920000076293945,11.9399995803833,0
2017-08-03,11.9399995803833,12.229999542236328,11.210000038146973,11.640000343322754,0
2017-08-04,11.640000343322754,11.75,10.75,11.390000343322754,0
2017-08-07,11.390000343322754,12.0,10.640000343322754,11.899999618530273,0
2017-08-08,11.899999618530273,13.050000190734863,10.489999771118164,12.770000457763672,0
2017-08-09,12.770000457763672,13.680000305175781,10.520000457763672,13.449999809265137,0
2017-08-10,13.449999809265137,14.170000076293945,12.229999542236328,13.800000190734863,0
2017-08-11,13.800000190734863,15.539999961853027,11.670000076293945,15.199999809265137,0
2017-08-14,15.199999809265137,15.199999809265137,11.859999656677246,14.380000114440918,0
2017-08-16,14.380000114440918,14.699999809265137,12.619999885559082,14.239999771118164,0
2017-08-17,14.239999771118164,14.619999885559082,10.789999961853027,14.34000015258789,0
2017-08-18,14.34000015258789,14.890000343322754,11.170000076293945,14.569999694824219,0
2017-08-21,14.569999694824219,14.970000267028809,13.149999618530273,14.819999694824219,0
2017-08-22,14.819999694824219,14.819999694824219,11.15999984741211,14.109999656677246,0
2017-08-23,14.109999656677246,14.109999656677246,12.260000228881836,13.180000305175781,0
2017-08-24,13.180000305175781,13.199999809265137,11.9399995803833,12.569999694824219,0
2017-08-28,12.569999694824219,13.680000305175781,11.369999885559082,12.640000343322754,0
2017-08-29,12.640000343322754,13.850000381469727,12.279999732971191,13.539999961853027,0
2017-08-30,13.539999961853027,14.130000114440918,11.75,12.890000343322754,0
2017-08-31,12.890000343322754,13.699999809265137,11.789999961853027,11.949999809265137,0
2017-09-01,11.949999809265137,12.15999984741211,10.529999732971191,11.680000305175781,0
2017-09-04,11.680000305175781,13.960000038146973,11.489999771118164,13.170000076293945,0
2017-09-05,13.170000076293945,13.4399995803833,12.479999542236328,12.890000343322754,0
2017-09-06,12.890000343322754,13.5,12.039999961853027,13.119999885559082,0
2017-09-07,13.119999885559082,13.130000114440918,11.180000305175781,13.010000228881836,0
2017-09-08,13.010000228881836,13.100000381469727,11.770000457763672,12.960000038146973,0
2017-09-11,12.960000038146973,12.960000038146973,11.550000190734863,12.359999656677246,0
2017-09-12,12.359999656677246,12.359999656677246,11.520000457763672,11.760000228881836,0
2017-09-13,11.760000228881836,11.869999885559082,10.680000305175781,11.760000228881836,0
2017-09-14,11.760000228881836,11.880000114440918,10.359999656677246,11.470000267028809,0
2017-09-15,11.470000267028809,12.020000457763672,10.020000457763672,11.680000305175781,0
2017-09-18,11.680000305175781,11.680000305175781,10.84000015258789,11.4399995803833,0
2017-09-19,11.4399995803833,11.640000343322754,10.399999618530273,11.470000267028809,0
2017-09-20,11.470000267028809,11.880000114440918,10.119999885559082,11.630000114440918,0
2017-09-21,11.630000114440918,12.180000305175781,9.260000228881836,11.630000114440918,0
2017-09-22,11.630000114440918,12.989999771118164,11.010000228881836,12.8100004196167,0
2017-09-25,12.8100004196167,13.84000015258789,11.510000228881836,13.34000015258789,0
2017-09-26,13.34000015258789,13.630000114440918,12.630000114440918,12.930000305175781,0
2017-09-27,12.930000305175781,14.170000076293945,11.770000457763672,13.859999656677246,0
2017-09-28,13.859999656677246,13.970000267028809,12.819999694824219,13.170000076293945,0
2017-09-29,13.170000076293945,13.170000076293945,11.90999984741211,12.489999771118164,0
2017-10-03,12.489999771118164,12.869999885559082,11.4399995803833,12.460000038146973,0
2017-10-04,12.460000038146973,12.579999923706055,11.579999923706055,11.800000190734863,0
2017-10-05,11.800000190734863,11.899999618530273,10.59000015258789,11.710000038146973,0
2017-10-06,11.710000038146973,11.710000038146973,10.75,11.119999885559082,0
2017-10-09,11.119999885559082,11.569999694824219,10.40999984741211,11.390000343322754,0
2017-10-10,11.390000343322754,11.449999809265137,10.75,11.109999656677246,0
2017-10-11,11.109999656677246,12.180000305175781,10.1899995803833,11.729999542236328,0
2017-10-12,11.729999542236328,11.729999542236328,10.460000038146973,11.039999961853027,0
2017-10-13,11.039999961853027,11.350000381469727,10.09000015258789,11.260000228881836,0
2017-10-16,11.260000228881836,11.579999923706055,10.029999732971191,11.3100004196167,0
2017-10-17,11.3100004196167,11.729999542236328,10.109999656677246,11.609999656677246,0
2017-10-18,11.609999656677246,11.75,10.130000114440918,11.539999961853027,0
2017-10-19,11.539999961853027,12.8100004196167,10.829999923706055,12.399999618530273,0
2017-10-23,12.399999618530273,12.9399995803833,10.880000114440918,12.329999923706055,0
2017-10-24,12.329999923706055,12.470000267028809,11.359999656677246,11.59000015258789,0
2017-10-25,11.59000015258789,12.489999771118164,11.1899995803833,11.760000228881836,0
2017-10-26,11.760000228881836,12.649999618530273,11.289999961853027,11.619999885559082,0
2017-10-27,11.619999885559082,12.149999618530273,11.1899995803833,11.479999542236328,0
2017-10-30,11.479999542236328,12.260000228881836,11.479999542236328,12.109999656677246,0
2017-10-31,12.109999656677246,12.529999732971191,11.529999732971191,12.4399995803833,0
2017-11-01,12.4399995803833,12.4399995803833,11.789999961853027,12.140000343322754,0
2017-11-02,12.140000343322754,12.369999885559082,11.40999984741211,12.010000228881836,0
2017-11-03,12.010000228881836,12.300000190734863,11.069999694824219,11.90999984741211,0
2017-11-06,11.90999984741211,13.260000228881836,11.369999885559082,13.020000457763672,0
2017-11-07,13.020000457763672,13.680000305175781,11.680000305175781,13.239999771118164,0
2017-11-08,13.239999771118164,13.859999656677246,11.239999771118164,13.609999656677246,0
2017-11-09,13.609999656677246,13.720000267028809,11.079999923706055,13.270000457763672,0
2017-11-10,13.270000457763672,13.819999694824219,11.170000076293945,13.479999542236328,0
2017-11-13,13.479999542236328,14.380000114440918,11.170000076293945,14.050000190734863,0
2017-11-14,14.050000190734863,14.739999771118164,12.460000038146973,14.170000076293945,0
2017-11-15,14.170000076293945,14.579999923706055,11.579999923706055,14.270000457763672,0
2017-11-16,14.270000457763672,14.270000457763672,11.069999694824219,13.460000038146973,0
2017-11-17,13.460000038146973,13.859999656677246,11.630000114440918,13.710000038146973,0
2017-11-20,13.710000038146973,15.609999656677246,11.119999885559082,13.430000305175781,0
2017-11-21,13.430000305175781,13.930000305175781,11.010000228881836,13.720000267028809,0
2017-11-22,13.720000267028809,14.34000015258789,12.1899995803833,14.039999961853027,0
2017-11-23,14.039999961853027,14.460000038146973,12.819999694824219,13.869999885559082,0
2017-11-24,13.869999885559082,13.989999771118164,12.489999771118164,13.510000228881836,0
2017-11-27,13.510000228881836,13.899999618530273,11.529999732971191,13.029999732971191,0
2017-11-28,13.029999732971191,13.359999656677246,12.039999961853027,13.149999618530273,0
2017-11-29,13.149999618530273,13.289999961853027,12.260000228881836,13.0600004196167,0
2017-11-30,13.0600004196167,13.90999984741211,11.970000267028809,13.550000190734863,0
2017-12-01,13.550000190734863,15.020000457763672,12.619999885559082,14.800000190734863,0
2017-12-04,14.800000190734863,15.260000228881836,14.140000343322754,14.859999656677246,0
2017-12-05,14.859999656677246,15.34000015258789,13.550000190734863,15.010000228881836,0
2017-12-06,15.010000228881836,15.260000228881836,13.550000190734863,15.09000015258789,0
2017-12-07,15.09000015258789,15.09000015258789,13.920000076293945,14.270000457763672,0
2017-12-08,14.270000457763672,14.270000457763672,12.90999984741211,13.670000076293945,0
2017-12-11,13.670000076293945,14.489999771118164,12.15999984741211,14.149999618530273,0
2017-12-12,14.149999618530273,15.369999885559082,12.15999984741211,15.260000228881836,0
2017-12-13,15.260000228881836,16.309999465942383,12.699999809265137,15.949999809265137,0
2017-12-14,15.949999809265137,17.389999389648438,12.800000190734863,16.40999984741211,0
2017-12-15,16.40999984741211,16.40999984741211,13.399999618530273,14.9399995803833,0
2017-12-18,14.9399995803833,18.260000228881836,12.819999694824219,13.119999885559082,0
2017-12-19,13.119999885559082,13.119999885559082,12.079999923706055,12.1899995803833,0
2017-12-20,12.1899995803833,12.420000076293945,11.199999809265137,12.1899995803833,0
2017-12-21,12.1899995803833,12.239999771118164,10.15999984741211,12.09000015258789,0
2017-12-22,12.09000015258789,12.130000114440918,10.729999542236328,11.59000015258789,0
2017-12-26,11.59000015258789,12.260000228881836,10.319999694824219,12.050000190734863,0
2017-12-27,12.050000190734863,12.739999771118164,11.510000228881836,12.489999771118164,0
2017-12-28,12.489999771118164,12.6899995803833,11.329999923706055,12.300000190734863,0
2017-12-29,12.300000190734863,12.760000228881836,11.479999542236328,12.670000076293945,0
2018-01-01,12.670000076293945,13.609999656677246,12.550000190734863,13.350000381469727,0
2018-01-02,13.350000381469727,13.84000015258789,12.609999656677246,13.6899995803833,0
2018-01-03,13.6899995803833,13.720000267028809,12.770000457763672,13.619999885559082,0
2018-01-04,13.619999885559082,13.789999961853027,12.180000305175781,13.420000076293945,0
2018-01-05,13.420000076293945,13.420000076293945,12.420000076293945,13.109999656677246,0
2018-01-08,13.109999656677246,13.859999656677246,11.8100004196167,13.739999771118164,0
2018-01-09,13.739999771118164,14.130000114440918,12.25,13.850000381469727,0
2018-01-10,13.850000381469727,14.229999542236328,12.520000457763672,14.039999961853027,0
2018-01-11,14.039999961853027,14.279999732971191,12.989999771118164,14.010000228881836,0
2018-01-12,14.010000228881836,14.550000190734863,11.920000076293945,13.729999542236328,0
2018-01-15,13.729999542236328,14.479999542236328,11.8100004196167,14.3100004196167,0
2018-01-16,14.3100004196167,14.59000015258789,12.350000381469727,14.09000015258789,0
2018-01-17,14.09000015258789,14.449999809265137,10.350000381469727,13.859999656677246,0
2018-01-18,13.859999656677246,14.220000267028809,11.65999984741211,13.960000038146973,0
2018-01-19,13.960000038146973,14.199999809265137,10.75,13.979999542236328,0
2018-01-22,13.979999542236328,15.59000015258789,12.069999694824219,15.390000343322754,0
2018-01-23,15.390000343322754,16.299999237060547,14.109999656677246,16.229999542236328,0
2018-01-24,16.229999542236328,18.5,14.640000343322754,18.040000915527344,0
2018-01-25,18.040000915527344,18.239999771118164,17.040000915527344,17.510000228881836,0
2018-01-29,17.510000228881836,18.489999771118164,16.360000610351562,17.889999389648438,0
2018-01-30,17.889999389648438,18.010000228881836,16.149999618530273,16.420000076293945,0
2018-01-31,16.420000076293945,16.420000076293945,14.289999961853027,15.930000305175781,0
2018-02-01,15.930000305175781,16.770000457763672,13.899999618530273,14.109999656677246,0
2018-02-02,14.109999656677246,15.489999771118164,11.5,15.25,0
2018-02-05,15.25,18.34000015258789,15.079999923706055,16.049999237060547,0
2018-02-06,16.049999237060547,23.15999984741211,16.049999237060547,20.020000457763672,0
2018-02-07,20.020000457763672,20.020000457763672,16.799999237060547,19.469999313354492,0
2018-02-08,19.469999313354492,24.040000915527344,15.260000228881836,17.770000457763672,0
2018-02-09,17.770000457763672,20.420000076293945,15.149999618530273,19.229999542236328,0
2018-02-12,19.229999542236328,19.229999542236328,16.56999969482422,17.8799991607666,0
2018-02-14,17.8799991607666,17.8799991607666,15.520000457763672,17.18000030517578,0
2018-02-15,17.18000030517578,17.18000030517578,14.09000015258789,16.31999969482422,0
2018-02-16,16.31999969482422,16.969999313354492,12.569999694824219,16.3799991607666,0
2018-02-19,16.3799991607666,18.040000915527344,13.960000038146973,16.670000076293945,0
2018-02-20,16.670000076293945,17.540000915527344,16.329999923706055,16.8700008392334,0
2018-02-21,16.8700008392334,16.8700008392334,15.729999542236328,15.920000076293945,0
2018-02-22,15.920000076293945,16.459999084472656,14.5,14.829999923706055,0
2018-02-23,14.829999923706055,14.829999923706055,13.539999961853027,14.199999809265137,0
2018-02-26,14.199999809265137,14.329999923706055,13.529999732971191,13.699999809265137,0
2018-02-27,13.699999809265137,14.420000076293945,12.449999809265137,13.920000076293945,0
2018-02-28,13.920000076293945,14.399999618530273,12.529999732971191,13.8100004196167,0
2018-03-01,13.8100004196167,14.25,12.40999984741211,14.069999694824219,0
2018-03-05,14.069999694824219,15.989999771118164,12.229999542236328,15.399999618530273,0
2018-03-06,15.399999618530273,16.450000762939453,13.15999984741211,16.25,0
2018-03-07,16.25,16.459999084472656,13.449999809265137,15.699999809265137,0
2018-03-08,15.699999809265137,15.699999809265137,12.489999771118164,14.59000015258789,0
2018-03-09,14.59000015258789,14.760000228881836,12.90999984741211,14.529999732971191,0
2018-03-12,14.529999732971191,14.65999984741211,12.010000228881836,14.489999771118164,0
2018-03-13,14.489999771118164,14.619999885559082,12.390000343322754,14.460000038146973,0
2018-03-14,14.460000038146973,14.949999809265137,11.739999771118164,14.359999656677246,0
2018-03-15,14.359999656677246,14.65999984741211,11.300000190734863,14.329999923706055,0
2018-03-16,14.329999923706055,15.619999885559082,11.630000114440918,15.220000267028809,0
2018-03-19,15.220000267028809,16.010000228881836,13.140000343322754,15.819999694824219,0
2018-03-20,15.819999694824219,16.1299991607666,15.170000076293945,15.609999656677246,0
2018-03-21,15.609999656677246,15.609999656677246,12.390000343322754,15.109999656677246,0
2018-03-22,15.109999656677246,15.359999656677246,11.989999771118164,15.25,0
2018-03-23,15.25,16.3799991607666,15.25,15.550000190734863,0
2018-03-26,15.550000190734863,16.3799991607666,14.859999656677246,15.199999809265137,0
2018-03-27,15.199999809265137,16.110000610351562,14.5,15.550000190734863,0
2018-03-28,15.550000190734863,15.970000267028809,14.819999694824219,15.760000228881836,0
2018-04-02,15.760000228881836,16.450000762939453,15.199999809265137,15.350000381469727,0
2018-04-03,15.350000381469727,15.779999732971191,14.880000114440918,15.1899995803833,0
2018-04-04,15.1899995803833,16.489999771118164,13.680000305175781,16.34000015258789,0
2018-04-05,16.34000015258789,16.34000015258789,13.859999656677246,14.800000190734863,0
2018-04-06,14.800000190734863,15.15999984741211,13.010000228881836,14.75,0
2018-04-09,14.75,15.140000343322754,14.460000038146973,14.869999885559082,0
2018-04-10,14.869999885559082,14.869999885559082,14.010000228881836,14.5,0
2018-04-11,14.5,14.90999984741211,12.739999771118164,14.720000267028809,0
2018-04-12,14.720000267028809,14.989999771118164,11.8100004196167,14.5600004196167,0
2018-04-13,14.5600004196167,14.5600004196167,13.449999809265137,14.140000343322754,0
2018-04-16,14.140000343322754,14.859999656677246,13.40999984741211,14.260000228881836,0
2018-04-17,14.260000228881836,14.399999618530273,13.350000381469727,14.039999961853027,0
2018-04-18,14.039999961853027,14.369999885559082,13.170000076293945,14.109999656677246,0
2018-04-19,14.109999656677246,14.109999656677246,12.5,13.75,0
2018-04-20,13.75,13.770000457763672,9.739999771118164,12.9399995803833,0
2018-04-23,12.9399995803833,13.489999771118164,11.529999732971191,13.149999618530273,0
2018-04-24,13.149999618530273,13.390000343322754,11.489999771118164,11.899999618530273,0
2018-04-25,11.899999618530273,13.319999694824219,11.899999618530273,12.399999618530273,0
2018-04-26,12.399999618530273,13.579999923706055,11.739999771118164,12.039999961853027,0
2018-04-27,12.039999961853027,12.630000114440918,11.4399995803833,12.020000457763672,0
2018-04-30,12.020000457763672,12.550000190734863,12.020000457763672,12.359999656677246,0
2018-05-02,12.359999656677246,13.199999809265137,12.359999656677246,12.84000015258789,0
2018-05-03,12.84000015258789,13.210000038146973,12.470000267028809,12.989999771118164,0
2018-05-04,12.989999771118164,13.460000038146973,10.989999771118164,13.25,0
2018-05-07,13.25,13.960000038146973,12.829999923706055,13.760000228881836,0
2018-05-08,13.760000228881836,14.4399995803833,11.09000015258789,14.0600004196167,0
2018-05-09,14.0600004196167,14.5600004196167,12.119999885559082,14.270000457763672,0
2018-05-10,14.270000457763672,14.649999618530273,12.5600004196167,14.430000305175781,0
2018-05-11,14.430000305175781,14.819999694824219,13.0,13.979999542236328,0
2018-05-14,13.979999542236328,14.5,12.109999656677246,14.25,0
2018-05-15,14.25,14.25,11.489999771118164,13.170000076293945,0
2018-05-16,13.170000076293945,13.649999618530273,10.859999656677246,13.4399995803833,0
2018-05-17,13.4399995803833,13.680000305175781,11.09000015258789,13.40999984741211,0
2018-05-18,13.40999984741211,14.350000381469727,11.609999656677246,14.149999618530273,0
2018-05-21,14.149999618530273,14.539999961853027,11.760000228881836,14.40999984741211,0
2018-05-22,14.40999984741211,14.40999984741211,11.75,13.600000381469727,0
2018-05-23,13.600000381469727,14.9399995803833,11.880000114440918,14.15999984741211,0
2018-05-24,14.15999984741211,14.220000267028809,10.899999618530273,13.149999618530273,0
2018-05-25,13.149999618530273,13.170000076293945,11.0,12.649999618530273,0
2018-05-28,12.649999618530273,13.149999618530273,11.350000381469727,13.0600004196167,0
2018-05-29,13.0600004196167,13.869999885559082,11.979999542236328,13.069999694824219,0
2018-05-30,13.069999694824219,13.850000381469727,12.180000305175781,13.40999984741211,0
2018-05-31,13.40999984741211,14.229999542236328,12.130000114440918,13.220000267028809,0
2018-06-01,13.220000267028809,14.59000015258789,12.15999984741211,13.569999694824219,0
2018-06-04,13.569999694824219,15.470000267028809,12.180000305175781,13.880000114440918,0
2018-06-05,13.880000114440918,14.489999771118164,13.130000114440918,13.319999694824219,0
2018-06-06,13.319999694824219,13.510000228881836,12.149999618530273,12.550000190734863,0
2018-06-07,12.550000190734863,13.649999618530273,11.609999656677246,12.779999732971191,0
2018-06-08,12.779999732971191,13.170000076293945,10.800000190734863,12.699999809265137,0
2018-06-11,12.699999809265137,13.819999694824219,11.319999694824219,13.180000305175781,0
2018-06-12,13.180000305175781,13.899999618530273,10.449999809265137,12.729999542236328,0
2018-06-13,12.729999542236328,13.140000343322754,11.220000267028809,12.640000343322754,0
2018-06-14,12.640000343322754,12.640000343322754,10.430000305175781,12.100000381469727,0
2018-06-15,12.100000381469727,12.510000228881836,10.5,12.069999694824219,0
2018-06-18,12.069999694824219,12.550000190734863,9.819999694824219,12.380000114440918,0
2018-06-19,12.380000114440918,13.0,11.479999542236328,12.920000076293945,0
2018-06-20,12.920000076293945,12.920000076293945,10.609999656677246,12.170000076293945,0
2018-06-21,12.170000076293945,12.59000015258789,10.90999984741211,12.449999809265137,0
2018-06-22,12.449999809265137,12.539999961853027,10.390000343322754,12.020000457763672,0
2018-06-25,12.020000457763672,12.779999732971191,9.739999771118164,12.579999923706055,0
2018-06-26,12.579999923706055,12.970000267028809,12.329999923706055,12.800000190734863,0
2018-06-27,12.800000190734863,13.8100004196167,12.09000015258789,13.510000228881836,0
2018-06-28,13.510000228881836,14.079999923706055,12.520000457763672,13.949999809265137,0
2018-06-29,13.949999809265137,13.949999809265137,12.630000114440918,12.9399995803833,0
2018-07-02,12.9399995803833,13.9399995803833,12.470000267028809,13.369999885559082,0
2018-07-03,13.369999885559082,13.75,12.1899995803833,13.0,0
2018-07-04,13.0,13.34000015258789,12.579999923706055,12.65999984741211,0
2018-07-05,12.65999984741211,12.949999809265137,11.229999542236328,12.579999923706055,0
2018-07-06,12.579999923706055,12.680000305175781,11.670000076293945,12.4399995803833,0
2018-07-09,12.4399995803833,12.579999923706055,11.220000267028809,12.390000343322754,0
2018-07-10,12.390000343322754,12.520000457763672,11.020000457763672,12.399999618530273,0
2018-07-11,12.399999618530273,12.859999656677246,10.020000457763672,12.779999732971191,0
2018-07-12,12.779999732971191,12.869999885559082,10.649999618530273,12.510000228881836,0
2018-07-13,12.510000228881836,12.510000228881836,11.319999694824219,12.300000190734863,0
2018-07-16,12.300000190734863,13.050000190734863,11.170000076293945,12.949999809265137,0
2018-07-17,12.949999809265137,12.949999809265137,11.239999771118164,12.829999923706055,0
2018-07-18,12.829999923706055,13.899999618530273,10.649999618530273,13.680000305175781,0
2018-07-19,13.680000305175781,13.800000190734863,10.989999771118164,13.59000015258789,0
2018-07-20,13.59000015258789,13.899999618530273,11.319999694824219,13.539999961853027,0
2018-07-23,13.539999961853027,13.619999885559082,12.069999694824219,13.010000228881836,0
2018-07-24,13.010000228881836,13.079999923706055,12.149999618530273,12.470000267028809,0
2018-07-25,12.470000267028809,13.260000228881836,11.220000267028809,12.210000038146973,0
2018-07-26,12.210000038146973,13.050000190734863,11.609999656677246,12.029999732971191,0
2018-07-27,12.029999732971191,12.5,11.25,12.3100004196167,0
2018-07-30,12.3100004196167,13.0600004196167,12.3100004196167,12.59000015258789,0
2018-07-31,12.59000015258789,12.800000190734863,12.289999961853027,12.479999542236328,0
2018-08-01,12.479999542236328,12.770000457763672,12.0,12.529999732971191,0
2018-08-02,12.529999732971191,12.800000190734863,10.890000343322754,12.5600004196167,0
2018-08-03,12.5600004196167,12.5600004196167,10.90999984741211,12.079999923706055,0
2018-08-06,12.079999923706055,12.739999771118164,11.850000381469727,12.5600004196167,0
2018-08-07,12.5600004196167,12.819999694824219,10.579999923706055,12.579999923706055,0
2018-08-08,12.579999923706055,12.779999732971191,10.479999542236328,12.539999961853027,0
2018-08-09,12.539999961853027,12.760000228881836,10.880000114440918,12.680000305175781,0
2018-08-10,12.680000305175781,12.989999771118164,10.0600004196167,12.850000381469727,0
2018-08-13,12.850000381469727,13.5,11.289999961853027,13.399999618530273,0
2018-08-14,13.399999618530273,13.420000076293945,10.760000228881836,13.279999732971191,0
2018-08-16,13.279999732971191,13.869999885559082,11.470000267028809,13.649999618530273,0
2018-08-17,13.649999618530273,13.649999618530273,10.300000190734863,13.15999984741211,0
2018-08-20,13.15999984741211,13.550000190734863,11.350000381469727,13.029999732971191,0
2018-08-21,13.029999732971191,13.640000343322754,9.930000305175781,12.899999618530273,0
2018-08-23,12.899999618530273,13.119999885559082,9.529999732971191,12.760000228881836,0
2018-08-24,12.760000228881836,12.84000015258789,9.430000305175781,12.40999984741211,0
2018-08-27,12.40999984741211,12.529999732971191,9.520000457763672,12.239999771118164,0
2018-08-28,12.239999771118164,12.600000381469727,10.380000114440918,12.430000305175781,0
2018-08-29,12.430000305175781,12.670000076293945,10.729999542236328,12.4399995803833,0
2018-08-30,12.4399995803833,12.630000114440918,10.619999885559082,12.40999984741211,0
2018-08-31,12.40999984741211,12.800000190734863,11.600000381469727,12.600000381469727,0
2018-09-03,12.600000381469727,13.720000267028809,11.170000076293945,13.390000343322754,0
2018-09-04,13.390000343322754,13.880000114440918,12.199999809265137,13.779999732971191,0
2018-09-05,13.779999732971191,14.149999618530273,11.949999809265137,13.649999618530273,0
2018-09-06,13.649999618530273,14.199999809265137,12.0600004196167,13.720000267028809,0
2018-09-07,13.720000267028809,14.140000343322754,11.09000015258789,13.890000343322754,0
2018-09-10,13.890000343322754,15.319999694824219,12.609999656677246,15.199999809265137,0
2018-09-11,15.199999809265137,15.449999809265137,13.4399995803833,15.329999923706055,0
2018-09-12,15.329999923706055,15.329999923706055,12.979999542236328,14.25,0
2018-09-14,14.25,14.25,12.319999694824219,13.84000015258789,0
2018-09-17,13.84000015258789,14.640000343322754,11.729999542236328,14.5,0
2018-09-18,14.5,14.619999885559082,11.869999885559082,14.420000076293945,0
2018-09-19,14.420000076293945,14.479999542236328,11.75,14.010000228881836,0
2018-09-21,14.010000228881836,16.920000076293945,10.979999542236328,15.539999961853027,0
2018-09-24,15.539999961853027,17.860000610351562,13.800000190734863,17.43000030517578,0
2018-09-25,17.43000030517578,18.309999465942383,16.219999313354492,16.68000030517578,0
2018-09-26,16.68000030517578,17.579999923706055,15.100000381469727,17.09000015258789,0
2018-09-27,17.09000015258789,17.3700008392334,15.600000381469727,16.920000076293945,0
2018-09-28,16.920000076293945,17.690000534057617,15.930000305175781,17.0,0
2018-10-01,17.0,18.860000610351562,16.270000457763672,16.84000015258789,0
2018-10-03,16.84000015258789,18.649999618530273,15.579999923706055,18.1200008392334,0
2018-10-04,18.1200008392334,19.68000030517578,17.489999771118164,18.920000076293945,0
2018-10-05,18.920000076293945,20.479999542236328,18.450000762939453,19.729999542236328,0
2018-10-08,19.729999542236328,21.770000457763672,18.479999542236328,20.149999618530273,0
2018-10-09,20.149999618530273,20.360000610351562,17.469999313354492,19.760000228881836,0
2018-10-10,19.760000228881836,19.760000228881836,17.729999542236328,17.90999984741211,0
2018-10-11,17.90999984741211,20.850000381469727,17.6299991607666,20.549999237060547,0
2018-10-12,20.549999237060547,20.549999237060547,16.670000076293945,18.6299991607666,0
2018-10-15,18.6299991607666,19.81999969482422,15.979999542236328,18.889999389648438,0
2018-10-16,18.889999389648438,18.889999389648438,14.279999732971191,17.3700008392334,0
2018-10-17,17.3700008392334,18.200000762939453,14.84000015258789,17.979999542236328,0
2018-10-19,17.979999542236328,20.049999237060547,17.450000762939453,19.790000915527344,0
2018-10-22,19.790000915527344,21.670000076293945,17.079999923706055,21.360000610351562,0
2018-10-23,21.360000610351562,22.350000381469727,18.760000228881836,19.040000915527344,0
2018-10-24,19.040000915527344,19.809999465942383,17.709999084472656,18.8799991607666,0
2018-10-25,18.8799991607666,20.329999923706055,18.5,18.959999084472656,0
2018-10-26,18.959999084472656,21.040000915527344,18.65999984741211,19.229999542236328,0
2018-10-29,19.229999542236328,20.809999465942383,19.229999542236328,19.829999923706055,0
2018-10-30,19.829999923706055,20.770000457763672,19.549999237060547,20.5,0
2018-10-31,20.5,22.81999969482422,19.579999923706055,19.799999237060547,0
2018-11-01,19.799999237060547,20.1299991607666,18.899999618530273,19.190000534057617,0
2018-11-02,19.190000534057617,19.190000534057617,17.489999771118164,18.229999542236328,0
2018-11-05,18.229999542236328,19.81999969482422,17.739999771118164,19.479999542236328,0
2018-11-06,19.479999542236328,19.479999542236328,16.18000030517578,18.510000228881836,0
2018-11-07,18.510000228881836,18.510000228881836,16.809999465942383,17.719999313354492,0
2018-11-09,17.8799991607666,18.760000228881836,16.760000228881836,17.770000457763672,0
2018-11-12,17.770000457763672,19.459999084472656,16.479999542236328,19.3700008392334,0
2018-11-13,19.3700008392334,19.68000030517578,17.1200008392334,18.700000762939453,0
2018-11-14,18.700000762939453,19.510000228881836,14.770000457763672,18.829999923706055,0
2018-11-15,18.829999923706055,18.920000076293945,15.5,18.450000762939453,0
2018-11-16,18.450000762939453,18.8700008392334,16.899999618530273,18.350000381469727,0
2018-11-19,18.350000381469727,19.649999618530273,13.520000457763672,19.260000228881836,0
2018-11-20,19.260000228881836,19.649999618530273,18.25,19.329999923706055,0
2018-11-21,19.329999923706055,20.100000381469727,15.539999961853027,19.559999465942383,0
2018-11-22,19.559999465942383,20.0,17.09000015258789,19.15999984741211,0
2018-11-26,19.15999984741211,20.530000686645508,15.020000457763672,20.399999618530273,0
2018-11-27,20.399999618530273,20.399999618530273,16.610000610351562,18.31999969482422,0
2018-11-28,18.31999969482422,19.360000610351562,16.670000076293945,17.959999084472656,0
2018-11-29,17.959999084472656,18.850000381469727,14.930000305175781,18.700000762939453,0
2018-11-30,18.700000762939453,19.920000076293945,16.809999465942383,19.15999984741211,0
2018-12-03,19.15999984741211,19.610000610351562,16.309999465942383,18.219999313354492,0
2018-12-04,18.219999313354492,19.6200008392334,16.90999984741211,18.110000610351562,0
2018-12-05,18.110000610351562,18.829999923706055,16.6200008392334,18.389999389648438,0
2018-12-06,18.389999389648438,19.549999237060547,15.90999984741211,19.309999465942383,0
2018-12-07,19.309999465942383,19.6299991607666,15.979999542236328,18.59000015258789,0
2018-12-10,18.59000015258789,20.649999618530273,16.889999389648438,20.440000534057617,0
2018-12-11,20.440000534057617,20.440000534057617,17.200000762939453,17.950000762939453,0
2018-12-12,17.950000762939453,17.950000762939453,15.420000076293945,15.8100004196167,0
2018-12-13,15.8100004196167,15.90999984741211,11.90999984741211,15.550000190734863,0
2018-12-14,15.550000190734863,15.600000381469727,12.670000076293945,15.15999984741211,0
2018-12-17,15.15999984741211,15.90999984741211,13.869999885559082,14.539999961853027,0
2018-12-18,14.539999961853027,15.3100004196167,11.979999542236328,14.579999923706055,0
2018-12-19,14.579999923706055,14.869999885559082,11.869999885559082,14.65999984741211,0
2018-12-20,14.65999984741211,14.920000076293945,13.720000267028809,14.329999923706055,0
2018-12-21,14.329999923706055,16.229999542236328,12.9399995803833,15.989999771118164,0
2018-12-24,15.989999771118164,17.1299991607666,14.899999618530273,15.75,0
2018-12-26,15.75,17.479999542236328,14.8100004196167,15.920000076293945,0
2018-12-27,15.920000076293945,16.3799991607666,12.5600004196167,16.06999969482422,0
2018-12-28,16.06999969482422,16.06999969482422,15.020000457763672,15.270000457763672,0
2018-12-31,15.270000457763672,16.149999618530273,14.649999618530273,16.0,0
2019-01-01,16.0,16.399999618530273,15.149999618530273,15.329999923706055,0
2019-01-02,15.329999923706055,16.950000762939453,14.84000015258789,16.389999389648438,0
2019-01-03,16.389999389648438,17.149999618530273,15.4399995803833,16.790000915527344,0
2019-01-04,16.790000915527344,16.969999313354492,15.489999771118164,16.15999984741211,0
2019-01-07,16.15999984741211,16.450000762939453,15.300000190734863,16.299999237060547,0
2019-01-08,16.299999237060547,16.56999969482422,14.739999771118164,15.699999809265137,0
2019-01-09,15.699999809265137,16.31999969482422,13.899999618530273,15.270000457763672,0
2019-01-10,15.270000457763672,15.609999656677246,14.149999618530273,15.350000381469727,0
2019-01-11,15.350000381469727,15.829999923706055,14.359999656677246,15.350000381469727,0
2019-01-14,15.350000381469727,16.549999237060547,15.350000381469727,16.15999984741211,0
2019-01-15,16.15999984741211,16.15999984741211,12.989999771118164,15.579999923706055,0
2019-01-16,15.579999923706055,16.309999465942383,12.800000190734863,16.079999923706055,0
2019-01-17,16.079999923706055,16.43000030517578,12.989999771118164,16.239999771118164,0
2019-01-18,16.239999771118164,16.90999984741211,12.3100004196167,16.6200008392334,0
2019-01-21,16.6200008392334,18.34000015258789,14.359999656677246,18.149999618530273,0
2019-01-22,18.149999618530273,18.469999313354492,15.510000228881836,17.989999771118164,0
2019-01-23,17.989999771118164,18.290000915527344,12.020000457763672,18.09000015258789,0
2019-01-24,18.09000015258789,18.3799991607666,14.539999961853027,17.43000030517578,0
2019-01-25,17.43000030517578,18.139999389648438,14.369999885559082,17.690000534057617,0
2019-01-28,17.690000534057617,19.280000686645508,14.59000015258789,18.899999618530273,0
2019-01-29,18.899999618530273,19.799999237060547,18.040000915527344,18.43000030517578,0
2019-01-30,18.43000030517578,18.43000030517578,15.979999542236328,17.850000381469727,0
2019-01-31,17.850000381469727,17.850000381469727,16.450000762939453,17.1200008392334,0
2019-02-01,17.1200008392334,17.18000030517578,15.550000190734863,15.720000267028809,0
2019-02-04,15.720000267028809,16.450000762939453,14.970000267028809,15.720000267028809,0
2019-02-05,15.720000267028809,15.979999542236328,14.609999656677246,15.779999732971191,0
2019-02-06,15.779999732971191,15.970000267028809,12.829999923706055,15.630000114440918,0
2019-02-07,15.630000114440918,16.219999313354492,13.600000381469727,15.4399995803833,0
2019-02-08,15.4399995803833,15.819999694824219,12.970000267028809,15.569999694824219,0
2019-02-11,15.569999694824219,16.360000610351562,13.460000038146973,15.84000015258789,0
2019-02-12,15.84000015258789,15.979999542236328,13.229999542236328,15.75,0
2019-02-14,15.729999542236328,16.579999923706055,12.09000015258789,15.770000457763672,0
2019-02-15,15.770000457763672,17.540000915527344,12.449999809265137,16.459999084472656,0
2019-02-18,16.459999084472656,18.190000534057617,11.850000381469727,18.0,0
2019-02-19,18.0,18.610000610351562,15.260000228881836,18.469999313354492,0
2019-02-20,18.469999313354492,18.469999313354492,15.239999771118164,17.059999465942383,0
2019-02-21,17.059999465942383,17.170000076293945,12.130000114440918,16.049999237060547,0
2019-02-22,16.049999237060547,16.049999237060547,12.319999694824219,15.449999809265137,0
2019-02-25,15.449999809265137,16.040000915527344,11.699999809265137,15.359999656677246,0
2019-02-26,15.359999656677246,18.100000381469727,13.119999885559082,17.110000610351562,0
2019-02-27,17.110000610351562,19.979999542236328,14.130000114440918,18.899999618530273,0
2019-02-28,18.899999618530273,18.899999618530273,17.06999969482422,18.280000686645508,0
2019-03-01,18.280000686645508,18.280000686645508,15.899999618530273,16.270000457763672,0
2019-03-05,16.270000457763672,16.860000610351562,15.449999809265137,15.65999984741211,0
2019-03-06,15.65999984741211,15.739999771118164,14.289999961853027,15.609999656677246,0
2019-03-07,15.609999656677246,15.6899995803833,14.3100004196167,15.289999961853027,0
2019-03-08,15.289999961853027,15.40999984741211,12.920000076293945,14.9399995803833,0
2019-03-11,14.9399995803833,15.380000114440918,13.670000076293945,14.899999618530273,0
2019-03-12,14.899999618530273,15.199999809265137,13.84000015258789,15.100000381469727,0
2019-03-13,15.100000381469727,15.600000381469727,12.300000190734863,15.279999732971191,0
2019-03-14,15.279999732971191,15.520000457763672,13.760000228881836,15.149999618530273,0
2019-03-15,15.149999618530273,16.389999389648438,11.850000381469727,15.869999885559082,0
2019-03-18,15.869999885559082,17.190000534057617,14.270000457763672,16.899999618530273,0
2019-03-19,16.899999618530273,17.18000030517578,14.550000190734863,16.489999771118164,0
2019-03-20,16.489999771118164,16.489999771118164,14.489999771118164,16.030000686645508,0
2019-03-22,16.030000686645508,16.809999465942383,12.680000305175781,16.270000457763672,0
2019-03-25,16.270000457763672,17.030000686645508,14.260000228881836,16.670000076293945,0
2019-03-26,16.670000076293945,16.670000076293945,15.520000457763672,16.489999771118164,0
2019-03-27,16.489999771118164,17.420000076293945,14.550000190734863,17.049999237060547,0
2019-03-28,17.049999237060547,17.329999923706055,15.75,16.649999618530273,0
2019-04-01,17.18000030517578,18.219999313354492,17.18000030517578,18.010000228881836,0
2019-04-02,18.010000228881836,18.549999237060547,17.440000534057617,18.079999923706055,0
2019-04-03,18.079999923706055,18.8799991607666,17.290000915527344,18.780000686645508,0
2019-04-04,18.780000686645508,19.329999923706055,18.25,18.649999618530273,0
2019-04-05,18.649999618530273,19.079999923706055,16.760000228881836,18.389999389648438,0
2019-04-08,18.389999389648438,20.459999084472656,18.389999389648438,20.149999618530273,0
2019-04-09,20.149999618530273,20.65999984741211,16.549999237060547,20.280000686645508,0
2019-04-10,20.280000686645508,21.280000686645508,18.700000762939453,21.1299991607666,0
2019-04-11,21.1299991607666,21.34000015258789,19.40999984741211,20.959999084472656,0
2019-04-12,20.959999084472656,21.299999237060547,18.68000030517578,21.0,0
2019-04-15,21.0,22.239999771118164,18.760000228881836,21.389999389648438,0
2019-04-16,21.389999389648438,21.889999389648438,19.670000076293945,21.690000534057617,0
2019-04-18,21.690000534057617,23.049999237060547,18.5,22.739999771118164,0
2019-04-22,22.739999771118164,24.559999465942383,20.40999984741211,24.049999237060547,0
2019-04-23,24.049999237060547,26.31999969482422,22.780000686645508,24.649999618530273,0
2019-04-24,24.649999618530273,25.1299991607666,23.450000762939453,23.709999084472656,0
2019-04-25,23.709999084472656,25.540000915527344,22.729999542236328,23.229999542236328,0
2019-04-26,23.229999542236328,23.959999084472656,21.43000030517578,21.719999313354492,0
2019-04-30,21.719999313354492,22.780000686645508,20.760000228881836,21.829999923706055,0
2019-05-02,21.829999923706055,23.270000457763672,21.770000457763672,22.979999542236328,0
2019-05-03,22.979999542236328,24.149999618530273,21.100000381469727,24.030000686645508,0
2019-05-06,24.030000686645508,27.84000015258789,19.739999771118164,26.43000030517578,0
2019-05-07,26.43000030517578,26.809999465942383,23.09000015258789,26.479999542236328,0
2019-05-08,26.479999542236328,27.030000686645508,23.25,26.3700008392334,0
2019-05-09,26.3700008392334,26.5,23.489999771118164,25.489999771118164,0
2019-05-10,25.489999771118164,26.530000686645508,24.540000915527344,26.34000015258789,0
2019-05-13,26.34000015258789,28.059999465942383,23.709999084472656,27.3799991607666,0
2019-05-14,27.3799991607666,27.760000228881836,22.389999389648438,27.1299991607666,0
2019-05-15,27.1299991607666,29.079999923706055,23.18000030517578,28.65999984741211,0
2019-05-16,28.65999984741211,29.329999923706055,23.780000686645508,28.3700008392334,0
2019-05-17,28.3700008392334,29.229999542236328,25.5,28.079999923706055,0
2019-05-20,28.079999923706055,28.079999923706055,19.760000228881836,23.68000030517578,0
2019-05-21,23.68000030517578,28.100000381469727,20.239999771118164,25.649999618530273,0
2019-05-22,25.649999618530273,30.18000030517578,19.040000915527344,27.6299991607666,0
2019-05-23,27.6299991607666,27.6299991607666,18.959999084472656,19.40999984741211,0
2019-05-24,19.40999984741211,19.40999984741211,14.489999771118164,16.469999313354492,0
2019-05-27,16.469999313354492,17.34000015258789,13.479999542236328,16.190000534057617,0
2019-05-28,16.190000534057617,16.540000915527344,15.380000114440918,15.920000076293945,0
2019-05-29,15.920000076293945,16.510000228881836,14.479999542236328,16.40999984741211,0
2019-05-30,16.40999984741211,16.40999984741211,14.850000381469727,15.609999656677246,0
2019-05-31,15.609999656677246,16.790000915527344,14.1899995803833,16.06999969482422,0
2019-06-03,16.06999969482422,16.229999542236328,14.079999923706055,15.970000267028809,0
2019-06-04,15.970000267028809,15.970000267028809,14.670000076293945,15.630000114440918,0
2019-06-06,15.630000114440918,15.930000305175781,13.979999542236328,15.529999732971191,0
2019-06-07,15.529999732971191,15.729999542236328,13.630000114440918,14.859999656677246,0
2019-06-10,14.859999656677246,15.449999809265137,13.449999809265137,14.979999542236328,0
2019-06-11,14.979999542236328,14.979999542236328,13.479999542236328,14.489999771118164,0
2019-06-12,14.489999771118164,14.710000038146973,13.3100004196167,14.119999885559082,0
2019-06-13,14.119999885559082,14.289999961853027,13.279999732971191,13.65999984741211,0
2019-06-14,13.65999984741211,14.119999885559082,12.640000343322754,13.899999618530273,0
2019-06-17,13.899999618530273,14.960000038146973,13.520000457763672,14.649999618530273,0
2019-06-18,14.649999618530273,14.970000267028809,11.739999771118164,14.600000381469727,0
2019-06-19,14.600000381469727,15.300000190734863,10.789999961853027,14.729999542236328,0
2019-06-20,14.729999542236328,15.1899995803833,12.84000015258789,14.0,0
2019-06-21,14.0,14.829999923706055,10.600000381469727,14.609999656677246,0
2019-06-24,14.609999656677246,15.670000076293945,11.859999656677246,15.220000267028809,0
2019-06-25,15.220000267028809,15.59000015258789,14.930000305175781,15.010000228881836,0
2019-06-26,15.010000228881836,15.199999809265137,14.390000343322754,14.75,0
2019-06-27,14.75,14.890000343322754,13.649999618530273,14.649999618530273,0
2019-06-28,14.649999618530273,15.069999694824219,14.0,14.949999809265137,0
2019-07-01,14.949999809265137,15.020000457763672,14.470000267028809,14.600000381469727,0
2019-07-02,14.600000381469727,14.829999923706055,14.029999732971191,14.25,0
2019-07-03,14.25,14.319999694824219,13.520000457763672,13.699999809265137,0
2019-07-04,13.699999809265137,13.699999809265137,13.010000228881836,13.529999732971191,0
2019-07-05,13.529999732971191,13.970000267028809,12.670000076293945,13.069999694824219,0
2019-07-08,13.069999694824219,14.039999961853027,12.109999656677246,13.850000381469727,0
2019-07-09,13.850000381469727,14.220000267028809,13.350000381469727,13.6899995803833,0
2019-07-10,13.6899995803833,13.960000038146973,12.399999618530273,13.640000343322754,0
2019-07-11,13.640000343322754,13.640000343322754,12.180000305175781,12.470000267028809,0
2019-07-12,12.470000267028809,12.550000190734863,11.550000190734863,12.0,0
2019-07-15,12.0,12.520000457763672,10.640000343322754,12.020000457763672,0
2019-07-16,12.020000457763672,12.020000457763672,11.0600004196167,11.5600004196167,0
2019-07-17,11.5600004196167,11.90999984741211,9.15999984741211,11.800000190734863,0
2019-07-18,11.800000190734863,11.979999542236328,9.220000267028809,11.75,0
2019-07-19,11.75,12.680000305175781,10.59000015258789,12.520000457763672,0
2019-07-22,12.520000457763672,13.399999618530273,11.5600004196167,13.010000228881836,0
2019-07-23,13.010000228881836,13.779999732971191,11.59000015258789,13.430000305175781,0
2019-07-24,13.430000305175781,14.479999542236328,11.850000381469727,12.760000228881836,0
2019-07-25,12.760000228881836,13.550000190734863,12.0,12.640000343322754,0
2019-07-26,12.640000343322754,13.3100004196167,11.920000076293945,12.130000114440918,0
2019-07-29,12.130000114440918,13.529999732971191,12.039999961853027,13.0600004196167,0
2019-07-30,13.0600004196167,13.869999885559082,12.5,13.609999656677246,0
2019-07-31,13.609999656677246,14.550000190734863,13.420000076293945,13.59000015258789,0
2019-08-01,13.59000015258789,15.279999732971191,13.270000457763672,14.5600004196167,0
2019-08-02,14.5600004196167,16.15999984741211,14.4399995803833,15.1899995803833,0
2019-08-05,15.1899995803833,17.81999969482422,15.1899995803833,16.59000015258789,0
2019-08-06,16.59000015258789,16.790000915527344,15.59000015258789,16.1200008392334,0
2019-08-07,16.1200008392334,16.90999984741211,15.739999771118164,16.739999771118164,0
2019-08-08,16.739999771118164,16.739999771118164,15.520000457763672,16.09000015258789,0
2019-08-09,16.09000015258789,16.15999984741211,15.029999732971191,15.850000381469727,0
2019-08-13,15.850000381469727,18.010000228881836,15.119999885559082,17.780000686645508,0
2019-08-14,17.780000686645508,17.780000686645508,16.110000610351562,16.360000610351562,0
2019-08-16,16.360000610351562,17.43000030517578,15.989999771118164,16.649999618530273,0
2019-08-19,16.649999618530273,17.020000457763672,14.710000038146973,16.75,0
2019-08-20,16.75,17.100000381469727,15.109999656677246,16.6299991607666,0
2019-08-21,16.6299991607666,17.329999923706055,14.0,17.020000457763672,0
2019-08-22,17.020000457763672,18.1200008392334,14.489999771118164,17.850000381469727,0
2019-08-23,17.850000381469727,18.260000228881836,13.699999809265137,17.350000381469727,0
2019-08-26,17.350000381469727,19.149999618530273,13.699999809265137,16.65999984741211,0
2019-08-27,16.65999984741211,16.829999923706055,14.420000076293945,16.010000228881836,0
2019-08-28,16.010000228881836,17.3799991607666,14.119999885559082,16.84000015258789,0
2019-08-29,16.84000015258789,17.450000762939453,13.869999885559082,16.43000030517578,0
2019-08-30,16.43000030517578,17.3799991607666,15.1899995803833,16.280000686645508,0
2019-09-03,16.280000686645508,18.270000457763672,16.280000686645508,18.059999465942383,0
2019-09-04,18.059999465942383,18.309999465942383,17.1299991607666,17.239999771118164,0
2019-09-05,17.239999771118164,17.700000762939453,16.059999465942383,17.270000457763672,0
2019-09-06,17.270000457763672,17.270000457763672,15.890000343322754,16.270000457763672,0
2019-09-09,16.270000457763672,16.639999389648438,13.670000076293945,15.850000381469727,0
2019-09-11,15.850000381469727,15.850000381469727,14.649999618530273,15.369999885559082,0
2019-09-12,15.369999885559082,15.369999885559082,14.609999656677246,14.899999618530273,0
2019-09-13,14.899999618530273,15.199999809265137,13.890000343322754,14.119999885559082,0
2019-09-16,14.119999885559082,15.3100004196167,14.119999885559082,14.949999809265137,0
2019-09-17,14.949999809265137,16.309999465942383,13.279999732971191,16.020000457763672,0
2019-09-18,16.020000457763672,16.190000534057617,13.90999984741211,15.350000381469727,0
2019-09-19,15.350000381469727,15.970000267028809,14.180000305175781,15.550000190734863,0
2019-09-20,15.550000190734863,17.049999237060547,13.829999923706055,15.399999618530273,0
2019-09-23,15.399999618530273,17.639999389648438,14.210000038146973,16.790000915527344,0
2019-09-24,16.790000915527344,18.530000686645508,15.899999618530273,16.729999542236328,0
2019-09-25,16.729999542236328,17.420000076293945,14.100000381469727,16.170000076293945,0
2019-09-26,16.170000076293945,17.010000228881836,13.640000343322754,16.34000015258789,0
2019-09-27,16.34000015258789,16.81999969482422,15.930000305175781,16.110000610351562,0
2019-09-30,16.110000610351562,16.510000228881836,15.800000190734863,15.869999885559082,0
2019-10-01,15.869999885559082,18.219999313354492,14.949999809265137,16.760000228881836,0
2019-10-03,16.760000228881836,18.049999237060547,16.420000076293945,17.700000762939453,0
2019-10-04,17.700000762939453,17.950000762939453,16.350000381469727,17.579999923706055,0
2019-10-07,17.579999923706055,18.43000030517578,16.989999771118164,17.829999923706055,0
2019-10-09,17.829999923706055,18.329999923706055,16.34000015258789,17.15999984741211,0
2019-10-10,17.15999984741211,17.540000915527344,15.729999542236328,17.229999542236328,0
2019-10-11,17.229999542236328,18.280000686645508,15.779999732971191,17.139999389648438,0
2019-10-14,17.139999389648438,17.959999084472656,17.059999465942383,17.43000030517578,0
2019-10-15,17.43000030517578,17.43000030517578,16.690000534057617,16.850000381469727,0
2019-10-16,16.850000381469727,16.950000762939453,15.5,16.360000610351562,0
2019-10-17,16.360000610351562,16.360000610351562,15.520000457763672,15.880000114440918,0
2019-10-18,15.880000114440918,16.149999618530273,14.989999771118164,15.930000305175781,0
2019-10-22,15.930000305175781,17.1200008392334,13.569999694824219,16.809999465942383,0
2019-10-23,16.809999465942383,16.850000381469727,14.829999923706055,16.540000915527344,0
2019-10-24,16.540000915527344,16.780000686645508,14.710000038146973,16.239999771118164,0
2019-10-25,16.239999771118164,16.239999771118164,15.199999809265137,15.319999694824219,0
2019-10-29,15.59000015258789,16.549999237060547,15.5,16.420000076293945,0
2019-10-30,16.420000076293945,16.850000381469727,16.25,16.65999984741211,0
2019-10-31,16.65999984741211,16.799999237060547,15.5,16.280000686645508,0
2019-11-01,16.280000686645508,16.469999313354492,15.170000076293945,15.729999542236328,0
2019-11-04,15.729999542236328,16.360000610351562,13.5,15.930000305175781,0
2019-11-05,15.930000305175781,16.34000015258789,13.510000228881836,15.920000076293945,0
2019-11-06,15.920000076293945,16.149999618530273,13.380000114440918,15.779999732971191,0
2019-11-07,15.779999732971191,15.920000076293945,13.529999732971191,15.210000038146973,0
2019-11-08,15.210000038146973,15.989999771118164,13.710000038146973,15.859999656677246,0
2019-11-11,15.859999656677246,16.770000457763672,15.199999809265137,16.25,0
2019-11-13,16.25,16.670000076293945,14.470000267028809,16.459999084472656,0
2019-11-14,16.459999084472656,16.459999084472656,14.09000015258789,15.649999618530273,0
2019-11-15,15.649999618530273,15.649999618530273,12.520000457763672,15.029999732971191,0
2019-11-18,15.029999732971191,16.06999969482422,12.670000076293945,15.760000228881836,0
2019-11-19,15.760000228881836,15.760000228881836,12.609999656677246,15.40999984741211,0
2019-11-20,15.40999984741211,15.40999984741211,11.609999656677246,15.15999984741211,0
2019-11-21,15.15999984741211,15.600000381469727,12.609999656677246,14.979999542236328,0
2019-11-22,14.979999542236328,15.880000114440918,12.239999771118164,14.869999885559082,0
2019-11-25,14.869999885559082,15.210000038146973,13.0,15.0,0
2019-11-26,15.0,15.130000114440918,13.109999656677246,14.84000015258789,0
2019-11-27,14.84000015258789,14.84000015258789,12.359999656677246,14.619999885559082,0
2019-11-28,14.619999885559082,14.619999885559082,12.890000343322754,13.989999771118164,0
2019-11-29,13.989999771118164,14.289999961853027,13.140000343322754,13.899999618530273,0
2019-12-02,13.899999618530273,15.850000381469727,13.5,14.199999809265137,0
2019-12-03,14.199999809265137,16.34000015258789,12.069999694824219,14.5600004196167,0
2019-12-04,14.5600004196167,15.869999885559082,12.260000228881836,13.319999694824219,0
2019-12-05,13.319999694824219,15.119999885559082,12.829999923706055,14.3100004196167,0
2019-12-06,14.3100004196167,14.720000267028809,11.40999984741211,13.640000343322754,0
2019-12-09,13.640000343322754,15.359999656677246,12.470000267028809,14.600000381469727,0
2019-12-10,14.600000381469727,15.65999984741211,11.739999771118164,14.289999961853027,0
2019-12-11,14.289999961853027,14.449999809265137,11.710000038146973,13.380000114440918,0
2019-12-12,13.380000114440918,13.770000457763672,11.829999923706055,13.350000381469727,0
2019-12-13,13.350000381469727,14.670000076293945,12.1899995803833,13.300000190734863,0
2019-12-16,13.300000190734863,14.109999656677246,12.5,13.420000076293945,0
2019-12-17,13.420000076293945,13.430000305175781,11.960000038146973,12.520000457763672,0
2019-12-18,12.520000457763672,12.720000267028809,11.390000343322754,12.34000015258789,0
2019-12-19,12.34000015258789,12.420000076293945,11.329999923706055,12.119999885559082,0
2019-12-20,12.119999885559082,12.729999542236328,11.899999618530273,12.329999923706055,0
2019-12-23,12.329999923706055,14.510000228881836,10.699999809265137,11.960000038146973,0
2019-12-24,11.960000038146973,13.3100004196167,10.890000343322754,11.630000114440918,0
2019-12-26,11.630000114440918,12.350000381469727,10.84000015258789,11.119999885559082,0
2019-12-27,11.119999885559082,11.470000267028809,10.430000305175781,10.529999732971191,0
2019-12-30,10.529999732971191,11.449999809265137,9.619999885559082,11.010000228881836,0
2019-12-31,11.010000228881836,11.789999961853027,10.4399995803833,11.670000076293945,0
2020-01-02,11.600000381469727,11.699999809265137,10.729999542236328,11.489999771118164,0
2020-01-03,11.489999771118164,12.9399995803833,10.6899995803833,12.699999809265137,0
2020-01-06,12.699999809265137,15.100000381469727,12.699999809265137,14.779999732971191,0
2020-01-07,14.779999732971191,14.90999984741211,14.460000038146973,14.609999656677246,0
2020-01-08,14.609999656677246,16.389999389648438,13.789999961853027,15.640000343322754,0
2020-01-09,15.640000343322754,15.640000343322754,13.0,14.0,0
2020-01-10,14.0,14.25,13.180000305175781,14.079999923706055,0
2020-01-13,14.079999923706055,14.5,13.579999923706055,14.279999732971191,0
2020-01-14,14.279999732971191,14.279999732971191,13.0600004196167,13.90999984741211,0
2020-01-15,13.90999984741211,14.460000038146973,13.59000015258789,14.119999885559082,0
2020-01-16,14.119999885559082,14.369999885559082,12.600000381469727,14.180000305175781,0
2020-01-17,14.180000305175781,14.529999732971191,12.5,14.130000114440918,0
2020-01-20,14.130000114440918,15.5,12.470000267028809,15.40999984741211,0
2020-01-21,15.40999984741211,16.040000915527344,15.069999694824219,15.859999656677246,0
2020-01-22,15.859999656677246,16.610000610351562,15.359999656677246,16.360000610351562,0
2020-01-23,16.360000610351562,16.709999084472656,15.779999732971191,15.859999656677246,0
2020-01-24,15.859999656677246,16.219999313354492,14.59000015258789,15.5600004196167,0
2020-01-27,15.5600004196167,17.34000015258789,14.680000305175781,17.18000030517578,0
2020-01-28,17.18000030517578,17.610000610351562,16.959999084472656,17.299999237060547,0
2020-01-29,17.299999237060547,17.299999237060547,15.649999618530273,16.5,0
2020-01-30,16.5,17.139999389648438,15.380000114440918,16.799999237060547,0
2020-01-31,16.799999237060547,17.59000015258789,14.899999618530273,17.3700008392334,0
2020-02-03,16.84000015258789,17.030000686645508,15.479999542236328,15.779999732971191,0
2020-02-04,15.779999732971191,15.779999732971191,14.3100004196167,14.380000114440918,0
2020-02-05,14.380000114440918,14.529999732971191,13.819999694824219,14.170000076293945,0
2020-02-06,14.170000076293945,14.239999771118164,12.649999618530273,13.779999732971191,0
2020-02-07,13.779999732971191,13.989999771118164,12.979999542236328,13.75,0
2020-02-10,13.75,14.600000381469727,12.970000267028809,14.210000038146973,0
2020-02-11,14.210000038146973,14.210000038146973,11.380000114440918,13.880000114440918,0
2020-02-12,13.880000114440918,13.880000114440918,13.149999618530273,13.619999885559082,0
2020-02-13,13.619999885559082,13.670000076293945,11.800000190734863,13.369999885559082,0
2020-02-14,13.369999885559082,13.989999771118164,11.899999618530273,13.619999885559082,0
2020-02-17,13.619999885559082,14.619999885559082,13.380000114440918,14.420000076293945,0
2020-02-18,14.420000076293945,14.819999694824219,11.380000114440918,14.510000228881836,0
2020-02-19,14.510000228881836,14.510000228881836,13.479999542236328,14.020000457763672,0
2020-02-20,14.020000457763672,14.029999732971191,10.15999984741211,13.699999809265137,0
2020-02-24,13.699999809265137,17.3799991607666,12.300000190734863,17.0,0
2020-02-25,17.0,17.31999969482422,15.619999885559082,16.899999618530273,0
2020-02-26,16.899999618530273,18.860000610351562,16.5,18.260000228881836,0
2020-02-27,18.260000228881836,19.15999984741211,16.829999923706055,17.770000457763672,0
2020-02-28,17.770000457763672,23.700000762939453,17.479999542236328,23.239999771118164,0
2020-03-02,23.239999771118164,26.34000015258789,19.920000076293945,25.200000762939453,0
2020-03-03,25.200000762939453,26.489999771118164,21.540000915527344,24.540000915527344,0
2020-03-04,24.540000915527344,26.290000915527344,22.43000030517578,24.229999542236328,0
2020-03-05,24.229999542236328,24.229999542236328,22.1299991607666,23.25,0
2020-03-06,23.25,27.549999237060547,23.25,25.639999389648438,0
2020-03-09,25.639999389648438,34.349998474121094,21.43000030517578,30.799999237060547,0
2020-03-11,30.799999237060547,33.2400016784668,29.649999618530273,31.559999465942383,0
2020-03-12,31.559999465942383,42.33000183105469,29.809999465942383,41.15999984741211,0
2020-03-13,41.15999984741211,59.47999954223633,41.15999984741211,51.470001220703125,0
2020-03-16,51.470001220703125,59.869998931884766,51.470001220703125,58.880001068115234,0
2020-03-17,58.880001068115234,63.439998626708984,57.25,62.93000030517578,0
2020-03-18,62.93000030517578,64.58000183105469,61.150001525878906,63.959999084472656,0
2020-03-19,63.959999084472656,73.33999633789062,63.099998474121094,72.19999694824219,0
2020-03-20,72.19999694824219,72.97000122070312,65.37999725341797,67.0999984741211,0
2020-03-23,67.0999984741211,73.37000274658203,66.31999969482422,71.98999786376953,0
2020-03-24,71.98999786376953,86.63999938964844,71.98999786376953,83.61000061035156,0
2020-03-25,83.61000061035156,84.5999984741211,75.97000122070312,77.62999725341797,0
2020-03-26,77.62999725341797,79.41000366210938,70.68000030517578,71.52999877929688,0
2020-03-27,71.52999877929688,73.02999877929688,65.62999725341797,70.38999938964844,0
2020-03-30,70.38999938964844,73.36000061035156,70.27999877929688,71.88999938964844,0
2020-03-31,71.88999938964844,71.88999938964844,63.61000061035156,64.41000366210938,0
2020-04-01,64.41000366210938,64.41000366210938,59.779998779296875,60.04999923706055,0
2020-04-03,60.04999923706055,60.59000015258789,54.900001525878906,55.29999923706055,0
2020-04-07,55.29999923706055,55.29999923706055,49.939998626708984,51.79999923706055,0
2020-04-08,51.79999923706055,53.72999954223633,46.97999954223633,52.2400016784668,0
2020-04-09,52.2400016784668,52.2400016784668,46.900001525878906,49.75,0
2020-04-13,49.75,52.4900016784668,43.63999938964844,51.459999084472656,0
2020-04-15,51.459999084472656,51.459999084472656,44.650001525878906,49.7400016784668,0
2020-04-16,49.7400016784668,49.7400016784668,42.2599983215332,46.099998474121094,0
2020-04-17,46.099998474121094,46.099998474121094,40.310001373291016,42.59000015258789,0
2020-04-20,42.59000015258789,44.040000915527344,40.29999923706055,43.459999084472656,0
2020-04-21,43.459999084472656,45.959999084472656,36.220001220703125,45.20000076293945,0
2020-04-22,45.20000076293945,45.43000030517578,40.470001220703125,42.81999969482422,0
2020-04-23,42.81999969482422,42.81999969482422,37.0,39.22999954223633,0
2020-04-24,39.22999954223633,39.95000076293945,34.97999954223633,39.119998931884766,0
2020-04-27,39.119998931884766,40.16999816894531,35.209999084472656,38.040000915527344,0
2020-04-28,38.040000915527344,41.90999984741211,35.06999969482422,35.349998474121094,0
2020-04-29,35.349998474121094,35.349998474121094,31.479999542236328,33.84000015258789,0
2020-04-30,33.84000015258789,34.25,32.529998779296875,33.9900016784668,0
2020-05-04,33.9900016784668,43.91999816894531,33.9900016784668,43.66999816894531,0
2020-05-05,43.66999816894531,43.869998931884766,38.150001525878906,43.61000061035156,0
2020-05-06,43.61000061035156,43.630001068115234,40.20000076293945,41.25,0
2020-05-07,41.25,41.720001220703125,39.65999984741211,39.93000030517578,0
2020-05-08,39.93000030517578,39.93000030517578,36.54999923706055,38.40999984741211,0
2020-05-11,38.40999984741211,38.4900016784668,36.95000076293945,38.040000915527344,0
2020-05-12,38.040000915527344,38.810001373291016,35.2400016784668,38.209999084472656,0
2020-05-13,38.209999084472656,39.04999923706055,33.439998626708984,38.84000015258789,0
2020-05-14,38.84000015258789,38.84000015258789,35.79999923706055,38.18000030517578,0
2020-05-15,38.18000030517578,38.459999084472656,34.060001373291016,38.02000045776367,0
2020-05-18,38.02000045776367,41.25,27.940000534057617,40.91999816894531,0
2020-05-19,40.91999816894531,40.91999816894531,37.95000076293945,39.45000076293945,0
2020-05-20,39.45000076293945,39.45000076293945,34.099998474121094,35.810001373291016,0
2020-05-21,35.810001373291016,35.810001373291016,32.58000183105469,32.9900016784668,0
2020-05-22,32.9900016784668,34.36000061035156,26.34000015258789,32.380001068115234,0
2020-05-26,32.380001068115234,33.209999084472656,30.969999313354492,31.469999313354492,0
2020-05-27,31.469999313354492,32.02000045776367,28.860000610351562,31.270000457763672,0
2020-05-28,31.270000457763672,31.270000457763672,29.200000762939453,30.020000457763672,0
2020-05-29,30.020000457763672,30.56999969482422,27.40999984741211,30.219999313354492,0
2020-06-01,30.219999313354492,32.16999816894531,28.829999923706055,30.739999771118164,0
2020-06-02,30.739999771118164,30.920000076293945,27.899999618530273,30.1200008392334,0
2020-06-03,30.1200008392334,30.399999618530273,29.34000015258789,30.040000915527344,0
2020-06-04,30.040000915527344,30.270000457763672,28.450000762939453,29.690000534057617,0
2020-06-05,29.690000534057617,29.690000534057617,25.920000076293945,28.68000030517578,0
2020-06-08,28.68000030517578,30.149999618530273,27.799999237060547,29.649999618530273,0
2020-06-09,29.649999618530273,30.34000015258789,27.239999771118164,30.209999084472656,0
2020-06-10,30.209999084472656,30.209999084472656,28.729999542236328,29.440000534057617,0
2020-06-11,29.440000534057617,30.420000076293945,28.389999389648438,29.65999984741211,0
2020-06-12,29.65999984741211,32.880001068115234,29.65999984741211,30.81999969482422,0
2020-06-15,30.81999969482422,33.779998779296875,29.920000076293945,32.58000183105469,0
2020-06-16,32.58000183105469,35.310001373291016,30.40999984741211,32.970001220703125,0
2020-06-17,32.970001220703125,34.02000045776367,29.049999237060547,33.349998474121094,0
2020-06-18,33.349998474121094,33.41999816894531,31.219999313354492,31.459999084472656,0
2020-06-19,31.459999084472656,31.90999984741211,29.68000030517578,29.969999313354492,0
2020-06-22,29.969999313354492,30.979999542236328,29.969999313354492,30.459999084472656,0
2020-06-23,30.459999084472656,31.149999618530273,29.239999771118164,29.34000015258789,0
2020-06-24,29.34000015258789,30.530000686645508,27.790000915527344,29.579999923706055,0
2020-06-25,29.579999923706055,31.290000915527344,29.059999465942383,29.729999542236328,0
2020-06-26,29.729999542236328,30.06999969482422,28.31999969482422,28.739999771118164,0
2020-06-29,28.739999771118164,30.450000762939453,27.979999542236328,28.90999984741211,0
2020-06-30,28.90999984741211,29.6299991607666,28.40999984741211,29.1200008392334,0
2020-07-01,29.1200008392334,29.15999984741211,27.940000534057617,28.1200008392334,0
2020-07-02,28.1200008392334,28.1200008392334,26.31999969482422,26.510000228881836,0
2020-07-03,26.510000228881836,26.780000686645508,25.6299991607666,25.770000457763672,0
2020-07-06,25.770000457763672,26.18000030517578,24.540000915527344,25.200000762939453,0
2020-07-07,25.200000762939453,25.649999618530273,24.239999771118164,25.100000381469727,0
2020-07-08,25.100000381469727,26.360000610351562,25.030000686645508,26.100000381469727,0
2020-07-09,26.100000381469727,27.65999984741211,24.739999771118164,24.90999984741211,0
2020-07-10,24.90999984741211,25.479999542236328,23.489999771118164,24.940000534057617,0
2020-07-13,24.940000534057617,25.90999984741211,22.809999465942383,25.25,0
2020-07-14,25.25,27.270000457763672,25.25,26.639999389648438,0
2020-07-15,26.639999389648438,26.639999389648438,23.739999771118164,26.290000915527344,0
2020-07-16,26.290000915527344,26.600000381469727,25.25,25.360000610351562,0
2020-07-17,25.360000610351562,25.5,23.770000457763672,24.15999984741211,0
2020-07-20,24.15999984741211,25.1200008392334,24.15999984741211,24.709999084472656,0
2020-07-21,24.709999084472656,24.709999084472656,23.729999542236328,24.43000030517578,0
2020-07-22,24.43000030517578,25.799999237060547,23.729999542236328,24.889999389648438,0
2020-07-23,24.889999389648438,24.940000534057617,24.010000228881836,24.639999389648438,0
2020-07-24,24.639999389648438,25.299999237060547,22.739999771118164,24.540000915527344,0
2020-07-27,24.540000915527344,25.719999313354492,23.290000915527344,25.020000457763672,0
2020-07-28,25.020000457763672,25.219999313354492,23.549999237060547,23.639999389648438,0
2020-07-29,23.639999389648438,24.5,23.639999389648438,24.110000610351562,0
2020-07-30,24.110000610351562,25.139999389648438,22.09000015258789,24.729999542236328,0
2020-07-31,24.729999542236328,25.3700008392334,23.969999313354492,24.190000534057617,0
2020-08-03,24.190000534057617,25.690000534057617,23.260000228881836,25.190000534057617,0
2020-08-04,25.190000534057617,25.190000534057617,23.559999465942383,23.81999969482422,0
2020-08-05,23.81999969482422,23.93000030517578,21.829999923706055,23.56999969482422,0
2020-08-06,23.56999969482422,23.709999084472656,22.530000686645508,23.149999618530273,0
2020-08-07,23.149999618530273,23.309999465942383,21.760000228881836,22.579999923706055,0
2020-08-10,22.579999923706055,23.020000457763672,21.450000762939453,22.510000228881836,0
2020-08-11,22.510000228881836,22.510000228881836,20.219999313354492,21.360000610351562,0
2020-08-12,21.360000610351562,21.920000076293945,16.850000381469727,20.850000381469727,0
2020-08-13,20.850000381469727,21.190000534057617,19.459999084472656,20.56999969482422,0
2020-08-14,20.56999969482422,22.969999313354492,16.34000015258789,21.670000076293945,0
2020-08-17,21.670000076293945,22.8799991607666,19.559999465942383,21.309999465942383,0
2020-08-18,21.309999465942383,21.309999465942383,18.25,20.43000030517578,0
2020-08-19,20.43000030517578,20.43000030517578,17.84000015258789,19.959999084472656,0
2020-08-20,19.959999084472656,21.079999923706055,17.65999984741211,20.6200008392334,0
2020-08-21,20.6200008392334,20.6200008392334,14.890000343322754,19.940000534057617,0
2020-08-24,19.940000534057617,20.06999969482422,17.889999389648438,19.229999542236328,0
2020-08-25,19.229999542236328,19.809999465942383,15.420000076293945,19.31999969482422,0
2020-08-26,19.31999969482422,19.59000015258789,17.219999313354492,19.299999237060547,0
2020-08-27,19.299999237060547,19.469999313354492,17.450000762939453,18.899999618530273,0
2020-08-28,18.899999618530273,18.899999618530273,16.65999984741211,18.350000381469727,0
2020-08-31,18.350000381469727,23.8700008392334,16.399999618530273,22.84000015258789,0
2020-09-01,22.84000015258789,23.239999771118164,21.110000610351562,21.799999237060547,0
2020-09-02,21.799999237060547,22.5,19.850000381469727,21.110000610351562,0
2020-09-03,21.110000610351562,21.110000610351562,18.15999984741211,20.5,0
2020-09-04,20.5,22.649999618530273,19.860000610351562,22.149999618530273,0
2020-09-07,22.149999618530273,23.25,17.25,22.010000228881836,0
2020-09-08,22.010000228881836,23.06999969482422,17.56999969482422,22.719999313354492,0
2020-09-09,22.719999313354492,23.270000457763672,20.200000762939453,22.229999542236328,0
2020-09-10,22.229999542236328,22.229999542236328,17.700000762939453,21.260000228881836,0
2020-09-11,21.260000228881836,21.350000381469727,18.170000076293945,20.709999084472656,0
2020-09-14,20.709999084472656,21.739999771118164,17.530000686645508,21.190000534057617,0
2020-09-15,21.190000534057617,21.190000534057617,18.899999618530273,20.600000381469727,0
2020-09-16,20.600000381469727,20.600000381469727,16.329999923706055,19.65999984741211,0
2020-09-17,19.65999984741211,20.68000030517578,17.549999237060547,20.100000381469727,0
2020-09-18,20.100000381469727,20.770000457763672,17.579999923706055,20.049999237060547,0
2020-09-21,20.049999237060547,22.989999771118164,18.270000457763672,22.190000534057617,0
2020-09-22,22.190000534057617,23.280000686645508,15.760000228881836,21.40999984741211,0
2020-09-23,21.40999984741211,22.479999542236328,19.3700008392334,20.989999771118164,0
2020-09-24,20.989999771118164,23.81999969482422,20.93000030517578,23.510000228881836,0
2020-09-25,23.510000228881836,23.510000228881836,18.670000076293945,20.68000030517578,0
2020-09-28,20.68000030517578,21.100000381469727,19.350000381469727,19.56999969482422,0
2020-09-29,19.56999969482422,20.200000762939453,18.43000030517578,19.770000457763672,0
2020-09-30,19.770000457763672,20.219999313354492,17.68000030517578,19.530000686645508,0
2020-10-01,19.530000686645508,19.530000686645508,17.3799991607666,18.350000381469727,0
2020-10-05,18.350000381469727,20.020000457763672,18.350000381469727,19.700000762939453,0
2020-10-06,19.700000762939453,19.889999389648438,18.360000610351562,19.639999389648438,0
2020-10-07,19.639999389648438,20.34000015258789,19.06999969482422,20.059999465942383,0
2020-10-08,20.059999465942383,20.860000610351562,18.979999542236328,20.3799991607666,0
2020-10-09,20.3799991607666,21.010000228881836,17.510000228881836,20.3799991607666,0
2020-10-12,20.3799991607666,22.100000381469727,19.389999389648438,21.1299991607666,0
2020-10-13,21.1299991607666,21.649999618530273,20.530000686645508,20.719999313354492,0
2020-10-14,20.719999313354492,20.959999084472656,18.43000030517578,20.209999084472656,0
2020-10-15,20.209999084472656,22.280000686645508,19.040000915527344,22.059999465942383,0
2020-10-16,22.059999465942383,22.420000076293945,20.489999771118164,21.649999618530273,0
2020-10-19,21.649999618530273,22.31999969482422,15.470000267028809,21.81999969482422,0
2020-10-20,21.81999969482422,22.790000915527344,18.790000915527344,22.690000534057617,0
2020-10-21,22.690000534057617,23.549999237060547,18.3799991607666,22.920000076293945,0
2020-10-22,22.920000076293945,23.520000457763672,17.440000534057617,22.639999389648438,0
2020-10-23,22.639999389648438,22.780000686645508,19.829999923706055,21.829999923706055,0
2020-10-26,21.829999923706055,23.40999984741211,21.31999969482422,22.829999923706055,0
2020-10-27,22.829999923706055,23.170000076293945,22.1200008392334,22.200000762939453,0
2020-10-28,22.200000762939453,23.469999313354492,20.079999923706055,23.280000686645508,0
2020-10-29,23.280000686645508,24.360000610351562,22.280000686645508,24.020000457763672,0
2020-10-30,24.020000457763672,26.299999237060547,21.729999542236328,24.75,0
2020-11-02,24.75,25.920000076293945,24.219999313354492,25.209999084472656,0
2020-11-03,25.209999084472656,25.329999923706055,22.920000076293945,24.239999771118164,0
2020-11-04,24.239999771118164,24.239999771118164,20.670000076293945,23.200000762939453,0
2020-11-05,23.200000762939453,23.200000762939453,19.989999771118164,20.969999313354492,0
2020-11-06,20.969999313354492,20.969999313354492,19.280000686645508,20.5,0
2020-11-09,20.5,21.049999237060547,17.579999923706055,20.110000610351562,0
2020-11-10,20.110000610351562,21.850000381469727,19.899999618530273,21.579999923706055,0
2020-11-11,21.579999923706055,22.3799991607666,19.0,22.030000686645508,0
2020-11-12,22.030000686645508,22.030000686645508,19.790000915527344,20.6200008392334,0
2020-11-13,20.6200008392334,29.530000686645508,19.559999465942383,19.700000762939453,0
2020-11-17,19.1299991607666,20.40999984741211,18.399999618530273,19.799999237060547,0
2020-11-18,19.799999237060547,19.799999237060547,15.720000267028809,19.1200008392334,0
2020-11-19,19.1200008392334,19.979999542236328,16.329999923706055,19.56999969482422,0
2020-11-20,19.56999969482422,19.809999465942383,17.0,19.6200008392334,0
2020-11-23,19.6200008392334,20.860000610351562,16.90999984741211,20.799999237060547,0
2020-11-24,20.799999237060547,22.0,20.020000457763672,21.059999465942383,0
2020-11-25,21.059999465942383,23.5,20.68000030517578,23.1299991607666,0
2020-11-26,23.1299991607666,23.1299991607666,19.440000534057617,20.020000457763672,0
2020-11-27,20.020000457763672,21.280000686645508,17.6299991607666,19.81999969482422,0
2020-12-01,19.81999969482422,21.239999771118164,19.25,20.18000030517578,0
2020-12-02,20.18000030517578,20.549999237060547,17.959999084472656,19.90999984741211,0
2020-12-03,19.90999984741211,19.90999984741211,17.719999313354492,19.0,0
2020-12-04,19.0,19.040000915527344,16.530000686645508,18.030000686645508,0
2020-12-07,18.030000686645508,18.31999969482422,16.950000762939453,18.020000457763672,0
2020-12-08,18.020000457763672,18.799999237060547,16.270000457763672,18.6200008392334,0
2020-12-09,18.6200008392334,19.6299991607666,16.219999313354492,18.920000076293945,0
2020-12-10,18.920000076293945,19.389999389648438,17.420000076293945,18.709999084472656,0
2020-12-11,18.709999084472656,19.290000915527344,17.360000610351562,18.790000915527344,0
2020-12-14,18.790000915527344,19.639999389648438,15.329999923706055,19.399999618530273,0
2020-12-15,19.399999618530273,19.829999923706055,15.6899995803833,19.350000381469727,0
2020-12-16,19.350000381469727,19.399999618530273,18.610000610351562,19.200000762939453,0
2020-12-17,19.200000762939453,21.6200008392334,14.050000190734863,19.15999984741211,0
2020-12-18,19.15999984741211,19.489999771118164,14.5600004196167,18.6200008392334,0
2020-12-21,18.6200008392334,23.68000030517578,18.6200008392334,23.190000534057617,0
2020-12-22,23.190000534057617,24.479999542236328,16.59000015258789,21.989999771118164,0
2020-12-23,21.989999771118164,22.079999923706055,19.399999618530273,20.5,0
2020-12-24,20.5,20.950000762939453,15.649999618530273,19.969999313354492,0
2020-12-28,19.969999313354492,21.020000457763672,18.600000381469727,20.43000030517578,0
2020-12-29,20.43000030517578,21.209999084472656,17.6299991607666,20.790000915527344,0
2020-12-30,20.790000915527344,21.59000015258789,20.790000915527344,21.110000610351562,0
2020-12-31,21.110000610351562,21.510000228881836,19.190000534057617,21.100000381469727,0
2021-01-04,19.559999465942383,21.030000686645508,19.34000015258789,20.030000686645508,0
2021-01-05,20.030000686645508,21.010000228881836,20.030000686645508,20.459999084472656,0
2021-01-06,20.459999084472656,21.6299991607666,20.43000030517578,21.0,0
2021-01-07,21.0,21.0,20.139999389648438,20.6200008392334,0
2021-01-08,20.6200008392334,20.850000381469727,17.3799991607666,20.639999389648438,0
2021-01-11,20.639999389648438,22.75,20.639999389648438,22.3799991607666,0
2021-01-12,22.3799991607666,23.260000228881836,22.290000915527344,22.850000381469727,0
2021-01-13,22.850000381469727,24.049999237060547,22.3700008392334,23.290000915527344,0
2021-01-14,23.290000915527344,23.700000762939453,22.809999465942383,23.030000686645508,0
2021-01-15,23.030000686645508,24.68000030517578,23.030000686645508,24.010000228881836,0
2021-01-18,24.010000228881836,25.40999984741211,23.56999969482422,24.399999618530273,0
2021-01-19,24.399999618530273,24.399999618530273,20.360000610351562,22.899999618530273,0
2021-01-20,22.899999618530273,23.190000534057617,19.329999923706055,21.549999237060547,0
2021-01-21,21.549999237060547,22.780000686645508,18.6200008392334,22.18000030517578,0
2021-01-25,22.420000076293945,23.809999465942383,20.34000015258789,23.25,0
2021-01-27,23.25,24.75,20.829999923706055,24.389999389648438,0
2021-01-28,24.389999389648438,25.299999237060547,23.440000534057617,24.290000915527344,0
2021-01-29,24.290000915527344,25.989999771118164,22.079999923706055,25.34000015258789,0
2021-02-01,25.34000015258789,25.93000030517578,22.600000381469727,23.31999969482422,0
2021-02-02,23.31999969482422,23.610000610351562,21.0,23.350000381469727,0
2021-02-03,23.350000381469727,24.200000762939453,20.950000762939453,23.75,0
2021-02-04,23.75,23.93000030517578,22.09000015258789,23.1200008392334,0
2021-02-05,23.1200008392334,23.940000534057617,20.079999923706055,23.420000076293945,0
2021-02-08,23.420000076293945,24.350000381469727,22.18000030517578,23.959999084472656,0
2021-02-09,23.959999084472656,24.469999313354492,21.43000030517578,24.270000457763672,0
2021-02-10,24.270000457763672,24.959999084472656,20.90999984741211,23.950000762939453,0
2021-02-11,23.950000762939453,24.219999313354492,21.020000457763672,23.049999237060547,0
2021-02-12,23.049999237060547,23.06999969482422,20.889999389648438,22.040000915527344,0
2021-02-16,21.479999542236328,22.1200008392334,20.540000915527344,21.780000686645508,0
2021-02-18,21.510000228881836,22.09000015258789,19.959999084472656,21.540000915527344,0
2021-02-19,21.540000915527344,22.8700008392334,19.350000381469727,22.25,0
2021-02-22,22.25,25.81999969482422,20.020000457763672,25.469999313354492,0
2021-02-23,25.469999313354492,25.639999389648438,23.860000610351562,25.229999542236328,0
2021-02-24,25.229999542236328,25.229999542236328,23.479999542236328,24.170000076293945,0
2021-02-25,24.170000076293945,24.170000076293945,22.6299991607666,22.889999389648438,0
2021-02-26,22.889999389648438,29.649999618530273,22.889999389648438,28.139999389648438,0
2021-03-01,28.139999389648438,28.139999389648438,24.950000762939453,25.6299991607666,0
2021-03-02,25.6299991607666,25.6299991607666,23.209999084472656,23.610000610351562,0
2021-03-03,23.610000610351562,23.610000610351562,21.81999969482422,22.09000015258789,0
2021-03-04,22.09000015258789,24.579999923706055,22.09000015258789,24.149999618530273,0
2021-03-05,24.149999618530273,26.40999984741211,22.860000610351562,25.559999465942383,0
2021-03-08,25.559999465942383,25.649999618530273,21.200000762939453,24.68000030517578,0
2021-03-09,24.68000030517578,24.68000030517578,21.440000534057617,22.5,0
2021-03-10,22.5,22.5,19.31999969482422,20.75,0
2021-03-12,20.75,22.670000076293945,18.540000915527344,21.709999084472656,0
2021-03-15,21.709999084472656,22.93000030517578,21.0,21.229999542236328,0
2021-03-16,21.229999542236328,21.229999542236328,18.059999465942383,20.190000534057617,0
2021-03-17,20.190000534057617,20.420000076293945,18.6200008392334,20.15999984741211,0
2021-03-18,20.15999984741211,20.950000762939453,16.68000030517578,20.079999923706055,0
2021-03-19,20.079999923706055,21.8700008392334,18.729999542236328,19.989999771118164,0
2021-03-22,19.989999771118164,21.229999542236328,18.969999313354492,20.489999771118164,0
2021-03-23,20.489999771118164,22.139999389648438,20.489999771118164,20.670000076293945,0
2021-03-24,20.670000076293945,22.690000534057617,19.75,22.459999084472656,0
2021-03-25,22.459999084472656,23.309999465942383,21.1200008392334,22.700000762939453,0
2021-03-26,22.700000762939453,22.920000076293945,18.229999542236328,20.649999618530273,0
2021-03-30,20.649999618530273,20.649999618530273,19.56999969482422,20.489999771118164,0
2021-03-31,20.489999771118164,20.829999923706055,20.0,20.649999618530273,0
2021-04-01,20.649999618530273,20.68000030517578,19.729999542236328,19.989999771118164,0
2021-04-05,19.989999771118164,23.309999465942383,19.989999771118164,21.219999313354492,0
2021-04-06,21.219999313354492,22.239999771118164,19.809999465942383,20.84000015258789,0
2021-04-07,20.84000015258789,21.299999237060547,19.43000030517578,20.25,0
2021-04-08,20.25,20.59000015258789,19.170000076293945,20.309999465942383,0
2021-04-09,20.309999465942383,20.969999313354492,19.68000030517578,19.790000915527344,0
2021-04-12,19.790000915527344,23.299999237060547,19.790000915527344,23.0,0
2021-04-13,23.0,23.0,20.299999237060547,20.459999084472656,0
2021-04-15,20.459999084472656,21.549999237060547,18.25,20.889999389648438,0
2021-04-16,20.889999389648438,21.09000015258789,19.479999542236328,20.399999618530273,0
2021-04-19,20.399999618530273,23.110000610351562,19.809999465942383,22.489999771118164,0
2021-04-20,22.489999771118164,22.75,21.239999771118164,22.43000030517578,0
2021-04-22,22.43000030517578,23.610000610351562,22.43000030517578,23.030000686645508,0
2021-04-23,23.030000686645508,23.049999237060547,20.209999084472656,22.690000534057617,0
2021-04-26,22.690000534057617,23.559999465942383,22.6200008392334,23.5,0
2021-04-27,23.5,23.6299991607666,22.31999969482422,23.079999923706055,0
2021-04-28,23.079999923706055,23.110000610351562,20.969999313354492,22.579999923706055,0
2021-04-29,22.579999923706055,23.420000076293945,22.110000610351562,23.309999465942383,0
2021-04-30,23.309999465942383,23.770000457763672,22.600000381469727,23.030000686645508,0
2021-05-03,23.030000686645508,24.540000915527344,21.84000015258789,23.690000534057617,0
2021-05-04,23.690000534057617,23.690000534057617,22.18000030517578,23.010000228881836,0
2021-05-06,21.959999084472656,22.610000610351562,20.1200008392334,22.040000915527344,0
2021-05-07,22.040000915527344,22.040000915527344,20.309999465942383,20.81999969482422,0
2021-05-10,20.81999969482422,21.149999618530273,20.139999389648438,20.229999542236328,0
2021-05-12,19.829999923706055,20.90999984741211,18.360000610351562,20.079999923706055,0
2021-05-14,20.079999923706055,21.149999618530273,18.229999542236328,20.270000457763672,0
2021-05-17,20.270000457763672,20.43000030517578,18.360000610351562,19.610000610351562,0
2021-05-18,19.610000610351562,19.610000610351562,18.309999465942383,19.239999771118164,0
2021-05-19,19.239999771118164,19.56999969482422,17.229999542236328,19.31999969482422,0
2021-05-21,19.649999618530273,19.649999618530273,17.1299991607666,19.079999923706055,0
2021-05-24,19.079999923706055,19.889999389648438,18.719999313354492,19.1299991607666,0
2021-05-26,18.84000015258789,21.299999237060547,17.229999542236328,20.8700008392334,0
2021-05-27,20.8700008392334,21.31999969482422,18.350000381469727,19.90999984741211,0
2021-05-28,19.90999984741211,19.90999984741211,17.360000610351562,17.399999618530273,0
2021-06-01,16.889999389648438,17.959999084472656,15.3100004196167,17.389999389648438,0
2021-06-02,17.389999389648438,17.649999618530273,15.170000076293945,17.209999084472656,0
2021-06-03,17.209999084472656,17.209999084472656,14.149999618530273,15.75,0
2021-06-04,15.75,16.3799991607666,14.9399995803833,15.9399995803833,0
2021-06-07,15.9399995803833,15.9399995803833,14.739999771118164,15.569999694824219,0
2021-06-08,15.569999694824219,15.600000381469727,13.569999694824219,15.229999542236328,0
2021-06-09,15.229999542236328,15.739999771118164,11.949999809265137,14.75,0
2021-06-10,14.75,15.199999809265137,14.180000305175781,15.0,0
2021-06-11,15.0,15.0,13.9399995803833,14.100000381469727,0
2021-06-14,14.100000381469727,15.3100004196167,13.739999771118164,14.720000267028809,0
2021-06-15,14.720000267028809,15.15999984741211,13.279999732971191,14.609999656677246,0
2021-06-16,14.609999656677246,15.319999694824219,13.619999885559082,14.869999885559082,0
2021-06-17,14.869999885559082,16.049999237060547,14.529999732971191,15.289999961853027,0
2021-06-18,15.289999961853027,16.6200008392334,10.600000381469727,14.800000190734863,0
2021-06-21,14.800000190734863,16.459999084472656,14.380000114440918,15.0600004196167,0
2021-06-22,15.0600004196167,15.109999656677246,14.430000305175781,14.739999771118164,0
2021-06-23,14.739999771118164,15.539999961853027,13.630000114440918,15.369999885559082,0
2021-06-24,15.369999885559082,15.640000343322754,14.930000305175781,15.100000381469727,0
2021-06-25,15.100000381469727,15.270000457763672,13.279999732971191,13.369999885559082,0
2021-06-28,13.369999885559082,13.770000457763672,13.119999885559082,13.399999618530273,0
2021-06-29,13.399999618530273,13.399999618530273,12.899999618530273,13.0,0
2021-06-30,13.0,13.140000343322754,12.600000381469727,13.050000190734863,0
2021-07-01,13.050000190734863,13.279999732971191,12.329999923706055,12.84000015258789,0
2021-07-02,12.84000015258789,13.020000457763672,12.020000457763672,12.09000015258789,0
2021-07-06,12.069999694824219,12.359999656677246,11.289999961853027,12.279999732971191,0
2021-07-07,12.279999732971191,12.59000015258789,11.149999618530273,12.210000038146973,0
2021-07-08,12.210000038146973,14.010000228881836,12.0600004196167,13.5600004196167,0
2021-07-09,13.5600004196167,14.0,12.180000305175781,12.9399995803833,0
2021-07-12,12.9399995803833,13.609999656677246,11.8100004196167,12.989999771118164,0
2021-07-13,12.989999771118164,12.989999771118164,10.670000076293945,12.619999885559082,0
2021-07-14,12.619999885559082,12.960000038146973,10.489999771118164,12.59000015258789,0
2021-07-15,12.59000015258789,12.949999809265137,11.079999923706055,12.270000457763672,0
2021-07-16,12.270000457763672,12.369999885559082,11.630000114440918,11.710000038146973,0
2021-07-19,11.710000038146973,13.199999809265137,11.710000038146973,12.680000305175781,0
2021-07-20,12.680000305175781,14.09000015258789,11.789999961853027,13.210000038146973,0
2021-07-22,13.210000038146973,13.210000038146973,11.720000267028809,11.890000343322754,0
2021-07-23,11.890000343322754,12.119999885559082,11.569999694824219,11.760000228881836,0
2021-07-26,11.760000228881836,12.539999961853027,10.399999618530273,12.449999809265137,0
2021-07-27,12.449999809265137,13.529999732971191,12.100000381469727,13.229999542236328,0
2021-07-28,13.229999542236328,15.979999542236328,11.359999656677246,13.6899995803833,0
2021-07-29,13.6899995803833,13.6899995803833,12.4399995803833,12.949999809265137,0
2021-07-30,12.949999809265137,13.319999694824219,12.180000305175781,12.800000190734863,0
2021-08-02,12.800000190734863,13.09000015258789,11.520000457763672,12.8100004196167,0
2021-08-03,12.8100004196167,13.90999984741211,11.960000038146973,13.75,0
2021-08-04,13.75,14.0600004196167,12.649999618530273,13.210000038146973,0
2021-08-05,13.210000038146973,13.420000076293945,11.199999809265137,12.869999885559082,0
2021-08-06,12.869999885559082,13.15999984741211,11.640000343322754,12.609999656677246,0
2021-08-09,12.609999656677246,13.109999656677246,12.029999732971191,12.609999656677246,0
2021-08-10,12.609999656677246,13.069999694824219,9.979999542236328,12.710000038146973,0
2021-08-11,12.710000038146973,13.329999923706055,10.470000267028809,12.710000038146973,0
2021-08-12,12.710000038146973,12.819999694824219,11.359999656677246,12.369999885559082,0
2021-08-13,12.369999885559082,13.15999984741211,11.399999618530273,12.989999771118164,0
2021-08-16,12.989999771118164,13.65999984741211,11.380000114440918,13.460000038146973,0
2021-08-17,13.460000038146973,13.609999656677246,12.029999732971191,13.40999984741211,0
2021-08-18,13.40999984741211,13.40999984741211,11.119999885559082,12.90999984741211,0
2021-08-20,12.90999984741211,14.140000343322754,12.350000381469727,14.020000457763672,0
2021-08-23,14.020000457763672,14.4399995803833,12.729999542236328,13.6899995803833,0
2021-08-24,13.6899995803833,14.510000228881836,13.100000381469727,13.1899995803833,0
2021-08-25,13.1899995803833,13.970000267028809,12.270000457763672,13.5,0
2021-08-26,13.5,14.199999809265137,12.109999656677246,13.539999961853027,0
2021-08-27,13.539999961853027,13.760000228881836,12.9399995803833,13.40999984741211,0
2021-08-30,13.40999984741211,13.6899995803833,12.399999618530273,13.319999694824219,0
2021-08-31,13.319999694824219,14.770000457763672,12.640000343322754,14.520000457763672,0
2021-09-01,14.520000457763672,15.630000114440918,13.899999618530273,14.1899995803833,0
2021-09-02,14.1899995803833,14.390000343322754,13.609999656677246,14.239999771118164,0
2021-09-03,14.239999771118164,14.649999618530273,13.579999923706055,14.539999961853027,0
2021-09-06,14.539999961853027,15.279999732971191,14.0600004196167,15.109999656677246,0
2021-09-07,15.109999656677246,15.229999542236328,14.59000015258789,14.899999618530273,0
2021-09-08,14.899999618530273,15.0600004196167,12.489999771118164,14.40999984741211,0
2021-09-09,14.40999984741211,14.40999984741211,13.640000343322754,13.9399995803833,0
2021-09-13,13.9399995803833,14.779999732971191,11.920000076293945,14.029999732971191,0
2021-09-14,14.029999732971191,14.029999732971191,10.869999885559082,13.579999923706055,0
2021-09-15,13.579999923706055,13.880000114440918,12.369999885559082,13.729999542236328,0
2021-09-16,13.729999542236328,14.529999732971191,9.029999732971191,14.40999984741211,0
2021-09-17,14.40999984741211,15.649999618530273,12.140000343322754,15.229999542236328,0
2021-09-20,15.229999542236328,17.809999465942383,10.229999542236328,17.489999771118164,0
2021-09-21,17.489999771118164,18.0,13.0,16.520000457763672,0
2021-09-22,16.520000457763672,16.860000610351562,13.279999732971191,16.489999771118164,0
2021-09-23,16.489999771118164,16.940000534057617,10.3100004196167,16.600000381469727,0
2021-09-24,16.600000381469727,17.329999923706055,12.770000457763672,16.920000076293945,0
2021-09-27,16.920000076293945,18.139999389648438,13.520000457763672,18.049999237060547,0
2021-09-28,18.049999237060547,18.56999969482422,15.369999885559082,18.540000915527344,0
2021-09-29,18.540000915527344,19.43000030517578,16.760000228881836,18.84000015258789,0
2021-09-30,18.84000015258789,19.139999389648438,17.149999618530273,18.399999618530273,0
2021-10-01,18.399999618530273,19.079999923706055,17.0,17.209999084472656,0
2021-10-04,17.209999084472656,17.530000686645508,15.319999694824219,16.739999771118164,0
2021-10-05,16.739999771118164,17.1299991607666,16.299999237060547,16.399999618530273,0
2021-10-06,16.399999618530273,17.59000015258789,16.110000610351562,17.329999923706055,0
2021-10-07,17.329999923706055,17.329999923706055,14.449999809265137,16.15999984741211,0
2021-10-08,16.15999984741211,16.399999618530273,15.529999732971191,15.649999618530273,0
2021-10-11,15.649999618530273,16.40999984741211,12.229999542236328,16.09000015258789,0
2021-10-12,16.09000015258789,16.399999618530273,13.9399995803833,15.850000381469727,0
2021-10-13,15.850000381469727,16.219999313354492,13.380000114440918,16.100000381469727,0
2021-10-14,16.100000381469727,16.290000915527344,12.609999656677246,15.770000457763672,0
2021-10-18,15.770000457763672,17.31999969482422,14.15999984741211,17.18000030517578,0
2021-10-19,17.18000030517578,17.540000915527344,14.239999771118164,17.3799991607666,0
2021-10-20,17.3799991607666,18.860000610351562,15.229999542236328,18.309999465942383,0
2021-10-21,18.309999465942383,18.799999237060547,14.90999984741211,18.040000915527344,0
2021-10-22,18.040000915527344,18.040000915527344,14.359999656677246,17.549999237060547,0
2021-10-25,17.549999237060547,18.760000228881836,14.510000228881836,17.610000610351562,0
2021-10-26,17.610000610351562,17.729999542236328,16.649999618530273,16.75,0
2021-10-27,16.75,17.030000686645508,15.399999618530273,16.829999923706055,0
2021-10-28,16.829999923706055,18.43000030517578,16.809999465942383,17.90999984741211,0
2021-10-29,17.90999984741211,19.639999389648438,16.280000686645508,17.43000030517578,0
2021-11-01,17.43000030517578,18.100000381469727,15.380000114440918,17.239999771118164,0
2021-11-02,17.239999771118164,17.790000915527344,16.360000610351562,17.059999465942383,0
2021-11-03,17.059999465942383,17.059999465942383,15.699999809265137,16.1299991607666,0
2021-11-04,16.1299991607666,16.40999984741211,14.3100004196167,15.75,0
2021-11-08,15.75,16.93000030517578,13.989999771118164,16.34000015258789,0
2021-11-09,16.34000015258789,16.610000610351562,14.640000343322754,16.0,0
2021-11-10,16.0,16.68000030517578,15.140000343322754,16.309999465942383,0
2021-11-11,16.309999465942383,17.290000915527344,14.649999618530273,16.350000381469727,0
2021-11-12,16.350000381469727,16.350000381469727,14.649999618530273,15.220000267028809,0
2021-11-15,15.220000267028809,15.84000015258789,13.430000305175781,15.470000267028809,0
2021-11-16,15.470000267028809,15.680000305175781,13.579999923706055,15.199999809265137,0
2021-11-17,15.199999809265137,15.40999984741211,13.920000076293945,14.979999542236328,0
2021-11-18,14.979999542236328,16.149999618530273,12.079999923706055,14.859999656677246,0
2021-11-22,14.859999656677246,18.079999923706055,13.5600004196167,17.520000457763672,0
2021-11-23,17.520000457763672,20.020000457763672,16.790000915527344,18.020000457763672,0
2021-11-24,18.020000457763672,18.020000457763672,15.579999923706055,17.100000381469727,0
2021-11-25,17.100000381469727,18.06999969482422,16.0,16.65999984741211,0
2021-11-26,16.65999984741211,21.389999389648438,16.049999237060547,20.799999237060547,0
2021-11-29,20.799999237060547,23.81999969482422,18.889999389648438,20.829999923706055,0
2021-11-30,20.829999923706055,21.969999313354492,18.809999465942383,21.170000076293945,0
2021-12-01,21.170000076293945,21.170000076293945,18.93000030517578,19.450000762939453,0
2021-12-02,19.450000762939453,22.969999313354492,18.0,18.09000015258789,0
2021-12-03,18.09000015258789,18.829999923706055,17.209999084472656,18.450000762939453,0
2021-12-06,18.450000762939453,20.479999542236328,18.299999237060547,20.079999923706055,0
2021-12-07,20.079999923706055,20.079999923706055,18.239999771118164,18.459999084472656,0
2021-12-08,18.459999084472656,18.459999084472656,16.56999969482422,17.270000457763672,0
2021-12-09,17.270000457763672,17.43000030517578,15.539999961853027,16.600000381469727,0
2021-12-10,16.600000381469727,16.93000030517578,15.210000038146973,16.059999465942383,0
2021-12-13,16.059999465942383,16.860000610351562,14.680000305175781,16.56999969482422,0
2021-12-14,16.56999969482422,17.329999923706055,13.9399995803833,16.950000762939453,0
2021-12-15,16.950000762939453,17.709999084472656,15.770000457763672,17.219999313354492,0
2021-12-16,17.219999313354492,17.219999313354492,15.260000228881836,15.899999618530273,0
2021-12-17,15.899999618530273,16.90999984741211,13.760000228881836,16.34000015258789,0
2021-12-20,16.34000015258789,20.139999389648438,16.34000015258789,18.969999313354492,0
2021-12-21,18.969999313354492,18.969999313354492,16.6299991607666,17.540000915527344,0
2021-12-22,17.540000915527344,17.540000915527344,15.6899995803833,16.579999923706055,0
2021-12-23,16.579999923706055,16.579999923706055,15.680000305175781,15.829999923706055,0
2021-12-24,15.829999923706055,16.649999618530273,15.329999923706055,16.149999618530273,0
2021-12-27,16.149999618530273,17.280000686645508,15.260000228881836,17.1200008392334,0
2021-12-28,17.1200008392334,17.1200008392334,15.210000038146973,16.479999542236328,0
2021-12-29,16.479999542236328,16.860000610351562,15.800000190734863,16.239999771118164,0
2021-12-30,16.239999771118164,16.790000915527344,15.289999961853027,16.56999969482422,0
2021-12-31,16.56999969482422,16.770000457763672,15.399999618530273,16.219999313354492,0
2022-01-03,16.219999313354492,16.809999465942383,15.449999809265137,16.450000762939453,0
2022-01-04,16.450000762939453,16.68000030517578,15.710000038146973,16.1200008392334,0
2022-01-05,16.1200008392334,17.3799991607666,15.09000015258789,17.229999542236328,0
2022-01-06,17.229999542236328,18.420000076293945,16.399999618530273,17.979999542236328,0
2022-01-07,17.979999542236328,18.09000015258789,16.860000610351562,17.600000381469727,0
2022-01-10,17.600000381469727,18.389999389648438,15.84000015258789,17.68000030517578,0
2022-01-11,17.68000030517578,18.25,16.440000534057617,17.760000228881836,0
2022-01-12,17.760000228881836,17.93000030517578,16.549999237060547,17.18000030517578,0
2022-01-13,17.18000030517578,17.520000457763672,16.610000610351562,16.700000762939453,0
2022-01-14,16.700000762939453,17.100000381469727,15.34000015258789,16.559999465942383,0
2022-01-17,16.559999465942383,17.549999237060547,16.270000457763672,16.770000457763672,0
2022-01-18,16.770000457763672,17.8799991607666,16.770000457763672,17.780000686645508,0
2022-01-19,17.780000686645508,18.450000762939453,15.9399995803833,17.81999969482422,0
2022-01-20,17.81999969482422,18.450000762939453,17.31999969482422,17.790000915527344,0
2022-01-21,17.790000915527344,19.610000610351562,16.979999542236328,18.889999389648438,0
2022-01-24,18.889999389648438,23.899999618530273,18.889999389648438,22.829999923706055,0
2022-01-25,22.829999923706055,24.139999389648438,21.18000030517578,21.360000610351562,0
2022-01-27,21.360000610351562,23.8700008392334,20.440000534057617,21.06999969482422,0
2022-01-28,21.06999969482422,21.31999969482422,20.280000686645508,20.700000762939453,0
2022-01-31,20.700000762939453,22.110000610351562,20.700000762939453,21.950000762939453,0
2022-02-01,21.950000762939453,22.06999969482422,19.75,19.979999542236328,0
2022-02-02,19.979999542236328,19.979999542236328,18.549999237060547,18.649999618530273,0
2022-02-03,18.649999618530273,19.600000381469727,17.40999984741211,19.15999984741211,0
2022-02-04,19.15999984741211,19.780000686645508,18.600000381469727,18.899999618530273,0
2022-02-07,18.899999618530273,21.079999923706055,18.18000030517578,20.440000534057617,0
2022-02-08,20.440000534057617,20.940000534057617,19.559999465942383,19.68000030517578,0
2022-02-09,19.68000030517578,19.68000030517578,17.889999389648438,18.559999465942383,0
2022-02-10,18.559999465942383,18.93000030517578,16.799999237060547,17.709999084472656,0
2022-02-11,17.709999084472656,19.530000686645508,16.860000610351562,18.68000030517578,0
2022-02-14,18.68000030517578,23.540000915527344,18.68000030517578,22.979999542236328,0
2022-02-15,22.979999542236328,23.139999389648438,20.43000030517578,20.610000610351562,0
2022-02-16,20.610000610351562,21.020000457763672,19.350000381469727,20.59000015258789,0
2022-02-17,20.59000015258789,22.3700008392334,19.459999084472656,22.010000228881836,0
2022-02-18,22.010000228881836,23.209999084472656,21.639999389648438,22.170000076293945,0
2022-02-21,22.170000076293945,23.760000228881836,20.56999969482422,22.899999618530273,0
2022-02-22,22.899999618530273,27.81999969482422,22.899999618530273,26.65999984741211,0
2022-02-23,26.65999984741211,26.65999984741211,23.90999984741211,24.540000915527344,0
2022-02-24,24.540000915527344,33.970001220703125,24.540000915527344,31.979999542236328,0
2022-02-25,31.979999542236328,31.979999542236328,26.149999618530273,26.739999771118164,0
2022-02-28,26.739999771118164,29.790000915527344,26.739999771118164,28.56999969482422,0
2022-03-02,28.56999969482422,30.84000015258789,28.56999969482422,29.229999542236328,0
2022-03-03,29.229999542236328,29.229999542236328,27.219999313354492,28.15999984741211,0
2022-03-04,28.15999984741211,29.93000030517578,27.219999313354492,27.959999084472656,0
2022-03-07,27.959999084472656,30.280000686645508,27.959999084472656,29.329999923706055,0
2022-03-08,29.329999923706055,30.059999465942383,27.110000610351562,28.59000015258789,0
2022-03-09,28.59000015258789,28.59000015258789,27.309999465942383,27.469999313354492,0
2022-03-10,27.469999313354492,27.469999313354492,22.959999084472656,25.579999923706055,0
2022-03-11,25.579999923706055,25.8700008392334,24.579999923706055,25.350000381469727,0
2022-03-14,25.350000381469727,26.209999084472656,25.09000015258789,25.68000030517578,0
2022-03-15,25.68000030517578,27.540000915527344,23.65999984741211,26.729999542236328,0
2022-03-16,26.729999542236328,26.729999542236328,24.010000228881836,24.1200008392334,0
2022-03-17,24.1200008392334,24.1200008392334,20.770000457763672,22.610000610351562,0
2022-03-21,22.610000610351562,24.709999084472656,22.610000610351562,24.6200008392334,0
2022-03-22,24.6200008392334,25.15999984741211,23.760000228881836,24.06999969482422,0
2022-03-23,24.06999969482422,24.979999542236328,20.450000762939453,24.75,0
2022-03-24,24.75,25.530000686645508,23.809999465942383,23.93000030517578,0
2022-03-25,23.93000030517578,24.270000457763672,22.90999984741211,23.43000030517578,0
2022-03-28,23.43000030517578,24.209999084472656,19.59000015258789,22.610000610351562,0
2022-03-29,22.610000610351562,22.610000610351562,21.100000381469727,21.299999237060547,0
2022-03-30,21.299999237060547,21.299999237060547,19.729999542236328,20.610000610351562,0
2022-03-31,20.610000610351562,20.940000534057617,20.209999084472656,20.559999465942383,0
2022-04-01,20.559999465942383,20.860000610351562,18.1200008392334,18.43000030517578,0
2022-04-04,18.43000030517578,18.829999923706055,17.59000015258789,17.90999984741211,0
2022-04-05,17.90999984741211,18.6299991607666,16.790000915527344,18.489999771118164,0
2022-04-06,18.489999771118164,19.280000686645508,16.809999465942383,19.020000457763672,0
2022-04-07,19.020000457763672,19.489999771118164,17.719999313354492,19.0,0
2022-04-08,19.0,20.09000015258789,17.530000686645508,17.690000534057617,0
2022-04-11,17.690000534057617,19.149999618530273,16.639999389648438,18.270000457763672,0
2022-04-12,18.270000457763672,18.670000076293945,15.09000015258789,18.15999984741211,0
2022-04-13,18.15999984741211,18.399999618530273,16.190000534057617,17.790000915527344,0
2022-04-18,17.790000915527344,20.479999542236328,17.790000915527344,19.34000015258789,0
2022-04-19,19.34000015258789,20.809999465942383,14.630000114440918,19.770000457763672,0
2022-04-20,19.770000457763672,20.270000457763672,17.84000015258789,18.670000076293945,0
2022-04-21,18.670000076293945,18.670000076293945,13.350000381469727,17.850000381469727,0
2022-04-22,17.850000381469727,18.760000228881836,17.809999465942383,18.350000381469727,0
2022-04-25,18.350000381469727,21.760000228881836,18.350000381469727,21.260000228881836,0
2022-04-26,21.260000228881836,21.260000228881836,19.010000228881836,19.190000534057617,0
2022-04-27,19.190000534057617,21.3700008392334,19.190000534057617,20.610000610351562,0
2022-04-28,20.610000610351562,20.610000610351562,19.020000457763672,19.3799991607666,0
2022-04-29,19.3799991607666,19.649999618530273,18.209999084472656,19.420000076293945,0
2022-05-02,19.420000076293945,21.059999465942383,19.420000076293945,20.280000686645508,0
2022-05-04,20.280000686645508,22.389999389648438,18.43000030517578,21.8799991607666,0
2022-05-05,21.8799991607666,21.8799991607666,19.610000610351562,20.290000915527344,0
2022-05-06,20.290000915527344,21.809999465942383,19.329999923706055,21.25,0
2022-05-09,21.25,22.520000457763672,18.959999084472656,22.030000686645508,0
2022-05-10,22.030000686645508,22.520000457763672,21.219999313354492,22.299999237060547,0
2022-05-11,22.299999237060547,24.190000534057617,20.479999542236328,22.799999237060547,0
2022-05-12,22.799999237060547,25.31999969482422,21.149999618530273,24.270000457763672,0
2022-05-13,24.270000457763672,24.270000457763672,20.969999313354492,23.489999771118164,0
2022-05-16,23.489999771118164,24.709999084472656,21.280000686645508,24.530000686645508,0
2022-05-17,24.530000686645508,24.84000015258789,17.100000381469727,22.739999771118164,0
2022-05-18,22.739999771118164,23.059999465942383,21.34000015258789,22.299999237060547,0
2022-05-19,22.299999237060547,25.149999618530273,22.299999237060547,24.559999465942383,0
2022-05-20,24.559999465942383,24.559999465942383,22.440000534057617,23.100000381469727,0
2022-05-23,23.100000381469727,23.979999542236328,20.5,23.399999618530273,0
2022-05-24,23.399999618530273,25.989999771118164,23.15999984741211,25.639999389648438,0
2022-05-25,25.639999389648438,25.639999389648438,24.360000610351562,25.280000686645508,0
2022-05-26,25.280000686645508,25.280000686645508,22.540000915527344,22.719999313354492,0
2022-05-27,22.719999313354492,22.719999313354492,21.200000762939453,21.479999542236328,0
2022-05-30,21.479999542236328,21.479999542236328,19.719999313354492,19.979999542236328,0
2022-05-31,19.979999542236328,20.75,19.68000030517578,20.479999542236328,0
2022-06-01,20.479999542236328,21.34000015258789,18.229999542236328,20.850000381469727,0
2022-06-02,20.850000381469727,21.0,18.3799991607666,20.31999969482422,0
2022-06-03,20.31999969482422,20.31999969482422,18.739999771118164,19.979999542236328,0
2022-06-06,19.979999542236328,20.68000030517578,18.649999618530273,20.200000762939453,0
2022-06-07,20.200000762939453,21.06999969482422,19.43000030517578,20.43000030517578,0
2022-06-08,20.43000030517578,20.690000534057617,19.389999389648438,19.84000015258789,0
2022-06-09,19.84000015258789,19.84000015258789,18.15999984741211,19.139999389648438,0
2022-06-10,19.139999389648438,19.760000228881836,18.260000228881836,19.579999923706055,0
2022-06-13,19.579999923706055,22.799999237060547,19.579999923706055,22.3700008392334,0
2022-06-14,22.3700008392334,22.639999389648438,18.950000762939453,21.889999389648438,0
2022-06-15,21.889999389648438,22.3700008392334,20.950000762939453,22.149999618530273,0
2022-06-16,22.149999618530273,28.1299991607666,19.75,22.8700008392334,0
2022-06-17,22.8700008392334,23.690000534057617,18.020000457763672,22.760000228881836,0
2022-06-20,22.760000228881836,23.639999389648438,16.0,22.40999984741211,0
2022-06-21,22.40999984741211,22.40999984741211,20.479999542236328,21.139999389648438,0
2022-06-22,21.139999389648438,21.790000915527344,19.31999969482422,21.299999237060547,0
2022-06-23,21.299999237060547,21.709999084472656,18.360000610351562,20.8799991607666,0
2022-06-24,20.8799991607666,21.270000457763672,18.68000030517578,20.549999237060547,0
2022-06-27,20.549999237060547,21.1200008392334,19.549999237060547,21.010000228881836,0
2022-06-28,21.010000228881836,21.68000030517578,20.510000228881836,21.450000762939453,0
2022-06-29,21.450000762939453,22.09000015258789,21.450000762939453,21.899999618530273,0
2022-06-30,21.899999618530273,22.270000457763672,21.540000915527344,21.84000015258789,0
2022-07-01,21.84000015258789,22.43000030517578,21.139999389648438,21.25,0
2022-07-04,21.25,22.25,20.920000076293945,20.969999313354492,0
2022-07-05,20.969999313354492,20.989999771118164,20.239999771118164,20.790000915527344,0
2022-07-06,20.790000915527344,20.790000915527344,19.81999969482422,20.270000457763672,0
2022-07-07,20.270000457763672,20.270000457763672,19.010000228881836,19.200000762939453,0
2022-07-08,19.200000762939453,19.200000762939453,18.219999313354492,18.399999618530273,0
2022-07-11,18.399999618530273,19.219999313354492,16.649999618530273,18.3700008392334,0
2022-07-12,18.3700008392334,18.639999389648438,17.299999237060547,18.549999237060547,0
2022-07-13,18.549999237060547,18.760000228881836,17.739999771118164,18.520000457763672,0
2022-07-14,18.520000457763672,18.690000534057617,17.75,18.34000015258789,0
2022-07-15,18.34000015258789,18.34000015258789,17.530000686645508,17.600000381469727,0
2022-07-18,17.600000381469727,18.18000030517578,16.469999313354492,17.15999984741211,0
2022-07-19,17.15999984741211,17.670000076293945,16.350000381469727,17.200000762939453,0
2022-07-20,17.200000762939453,17.270000457763672,15.65999984741211,16.81999969482422,0
2022-07-21,16.81999969482422,17.209999084472656,15.970000267028809,16.860000610351562,0
2022-07-22,16.860000610351562,16.959999084472656,16.15999984741211,16.649999618530273,0
2022-07-25,16.649999618530273,17.90999984741211,16.18000030517578,17.68000030517578,0
2022-07-26,17.68000030517578,18.270000457763672,17.360000610351562,18.170000076293945,0
2022-07-27,18.170000076293945,18.639999389648438,17.75,18.1299991607666,0
2022-07-28,18.1299991607666,18.1299991607666,16.84000015258789,17.010000228881836,0
2022-07-29,17.010000228881836,18.649999618530273,16.489999771118164,16.549999237060547,0
2022-08-01,16.549999237060547,17.6299991607666,15.890000343322754,17.489999771118164,0
2022-08-02,17.489999771118164,18.760000228881836,17.489999771118164,18.530000686645508,0
2022-08-03,18.530000686645508,19.170000076293945,17.950000762939453,18.450000762939453,0
2022-08-04,18.450000762939453,21.059999465942383,17.6299991607666,19.260000228881836,0
2022-08-05,19.260000228881836,19.389999389648438,18.010000228881836,18.920000076293945,0
2022-08-08,18.920000076293945,20.18000030517578,17.780000686645508,19.299999237060547,0
2022-08-10,19.299999237060547,20.770000457763672,18.860000610351562,19.59000015258789,0
2022-08-11,19.59000015258789,19.59000015258789,18.200000762939453,18.360000610351562,0
2022-08-12,18.360000610351562,18.520000457763672,17.40999984741211,17.610000610351562,0
2022-08-16,17.610000610351562,18.360000610351562,17.010000228881836,17.68000030517578,0
2022-08-17,17.68000030517578,17.790000915527344,16.549999237060547,17.68000030517578,0
2022-08-18,17.68000030517578,18.440000534057617,16.719999313354492,17.350000381469727,0
2022-08-19,17.350000381469727,18.56999969482422,16.8799991607666,18.290000915527344,0
2022-08-22,18.290000915527344,19.299999237060547,17.200000762939453,19.040000915527344,0
2022-08-23,19.040000915527344,19.59000015258789,18.18000030517578,19.049999237060547,0
2022-08-24,19.049999237060547,19.34000015258789,17.989999771118164,18.43000030517578,0
2022-08-25,18.43000030517578,20.219999313354492,17.270000457763672,19.56999969482422,0
2022-08-26,19.56999969482422,19.56999969482422,15.829999923706055,18.219999313354492,0
2022-08-29,18.219999313354492,21.209999084472656,18.219999313354492,19.81999969482422,0
2022-08-30,19.81999969482422,19.81999969482422,17.260000228881836,18.700000762939453,0
2022-09-01,18.700000762939453,20.989999771118164,18.110000610351562,19.8700008392334,0
2022-09-02,19.8700008392334,20.139999389648438,17.399999618530273,19.549999237060547,0
2022-09-05,19.549999237060547,20.290000915527344,19.450000762939453,19.65999984741211,0
2022-09-06,19.65999984741211,20.0,18.649999618530273,19.520000457763672,0
2022-09-07,19.520000457763672,20.18000030517578,18.280000686645508,19.3700008392334,0
2022-09-08,19.3700008392334,19.3700008392334,17.299999237060547,18.309999465942383,0
2022-09-09,18.309999465942383,18.510000228881836,16.549999237060547,17.719999313354492,0
2022-09-12,17.719999313354492,18.3799991607666,16.389999389648438,17.940000534057617,0
2022-09-13,17.940000534057617,17.940000534057617,16.860000610351562,17.469999313354492,0
2022-09-14,17.469999313354492,18.56999969482422,17.260000228881836,18.280000686645508,0
2022-09-15,18.280000686645508,19.219999313354492,16.780000686645508,18.389999389648438,0
2022-09-16,18.389999389648438,20.239999771118164,18.299999237060547,19.81999969482422,0
2022-09-19,19.81999969482422,21.209999084472656,16.469999313354492,19.940000534057617,0
2022-09-20,19.940000534057617,19.940000534057617,18.110000610351562,18.799999237060547,0
2022-09-21,18.799999237060547,20.290000915527344,18.309999465942383,19.329999923706055,0
2022-09-22,19.329999923706055,20.139999389648438,17.40999984741211,18.81999969482422,0
2022-09-23,18.81999969482422,20.809999465942383,17.350000381469727,20.59000015258789,0
2022-09-26,20.59000015258789,22.899999618530273,18.809999465942383,21.889999389648438,0
2022-09-27,21.889999389648438,22.290000915527344,20.790000915527344,21.56999969482422,0
2022-09-28,21.56999969482422,22.360000610351562,21.489999771118164,22.100000381469727,0
2022-09-29,22.100000381469727,22.290000915527344,21.06999969482422,21.299999237060547,0
2022-09-30,21.299999237060547,21.989999771118164,19.700000762939453,19.969999313354492,0
2022-10-03,19.969999313354492,21.68000030517578,19.969999313354492,21.3700008392334,0
2022-10-04,21.3700008392334,21.3700008392334,19.450000762939453,19.56999969482422,0
2022-10-06,19.56999969482422,20.020000457763672,18.59000015258789,19.31999969482422,0
2022-10-07,19.31999969482422,19.729999542236328,18.690000534057617,18.809999465942383,0
2022-10-10,18.809999465942383,20.34000015258789,18.809999465942383,19.6200008392334,0
2022-10-11,19.6200008392334,20.81999969482422,19.09000015258789,20.489999771118164,0
2022-10-12,20.489999771118164,20.889999389648438,19.889999389648438,20.18000030517578,0
2022-10-13,20.18000030517578,20.940000534057617,18.399999618530273,20.290000915527344,0
2022-10-14,20.290000915527344,20.6299991607666,18.079999923706055,18.260000228881836,0
2022-10-17,18.260000228881836,19.079999923706055,18.260000228881836,18.420000076293945,0
2022-10-18,18.420000076293945,18.420000076293945,16.579999923706055,17.450000762939453,0
2022-10-19,17.450000762939453,17.559999465942383,16.229999542236328,17.489999771118164,0
2022-10-20,17.489999771118164,17.760000228881836,15.569999694824219,17.229999542236328,0
2022-10-21,17.229999542236328,17.43000030517578,16.59000015258789,17.280000686645508,0
2022-10-24,17.280000686645508,17.670000076293945,17.06999969482422,17.420000076293945,0
2022-10-25,17.420000076293945,17.6200008392334,16.489999771118164,16.8799991607666,0
2022-10-27,16.8799991607666,17.06999969482422,14.789999961853027,16.600000381469727,0
2022-10-28,16.600000381469727,17.040000915527344,15.850000381469727,15.920000076293945,0
2022-10-31,15.920000076293945,16.6299991607666,15.069999694824219,15.800000190734863,0
2022-11-01,15.800000190734863,16.200000762939453,15.109999656677246,16.1299991607666,0
2022-11-02,16.1299991607666,16.860000610351562,14.680000305175781,16.65999984741211,0
2022-11-03,16.65999984741211,16.729999542236328,14.989999771118164,15.9399995803833,0
2022-11-04,15.9399995803833,16.209999084472656,15.479999542236328,15.65999984741211,0
2022-11-07,15.65999984741211,16.360000610351562,15.279999732971191,15.59000015258789,0
2022-11-09,15.59000015258789,16.06999969482422,15.020000457763672,15.920000076293945,0
2022-11-10,15.920000076293945,16.290000915527344,15.489999771118164,15.569999694824219,0
2022-11-11,15.569999694824219,15.569999694824219,14.279999732971191,14.40999984741211,0
2022-11-14,14.40999984741211,15.270000457763672,12.5600004196167,14.90999984741211,0
2022-11-15,14.90999984741211,15.020000457763672,13.829999923706055,14.640000343322754,0
2022-11-16,14.640000343322754,15.529999732971191,13.930000305175781,15.100000381469727,0
2022-11-17,15.100000381469727,16.260000228881836,13.09000015258789,14.880000114440918,0
2022-11-18,14.880000114440918,15.6899995803833,13.859999656677246,14.390000343322754,0
2022-11-21,14.390000343322754,15.550000190734863,13.359999656677246,14.800000190734863,0
2022-11-22,14.800000190734863,16.270000457763672,13.319999694824219,13.84000015258789,0
2022-11-23,13.84000015258789,14.329999923706055,11.880000114440918,14.039999961853027,0
2022-11-24,14.039999961853027,14.039999961853027,13.0,13.479999542236328,0
2022-11-25,13.479999542236328,15.770000457763672,12.770000457763672,13.329999923706055,0
2022-11-28,13.329999923706055,14.0600004196167,12.40999984741211,13.569999694824219,0
2022-11-29,13.569999694824219,14.619999885559082,12.40999984741211,13.619999885559082,0
2022-11-30,13.619999885559082,14.050000190734863,12.75,13.8100004196167,0
2022-12-01,13.8100004196167,14.229999542236328,12.989999771118164,13.359999656677246,0
2022-12-02,13.359999656677246,14.09000015258789,12.960000038146973,13.449999809265137,0
2022-12-05,13.449999809265137,14.420000076293945,13.449999809265137,13.729999542236328,0
2022-12-06,13.729999542236328,14.25,12.180000305175781,14.039999961853027,0
2022-12-07,14.039999961853027,14.460000038146973,13.800000190734863,14.079999923706055,0
2022-12-08,14.079999923706055,14.890000343322754,13.260000228881836,13.399999618530273,0
2022-12-09,13.399999618530273,13.960000038146973,11.90999984741211,13.479999542236328,0
2022-12-12,13.479999542236328,14.149999618530273,12.529999732971191,13.319999694824219,0
2022-12-13,13.319999694824219,13.579999923706055,11.430000305175781,12.880000114440918,0
2022-12-14,12.880000114440918,13.079999923706055,11.529999732971191,12.890000343322754,0
2022-12-15,12.890000343322754,13.880000114440918,12.59000015258789,13.729999542236328,0
2022-12-16,13.729999542236328,14.220000267028809,12.489999771118164,14.069999694824219,0
2022-12-19,14.069999694824219,14.489999771118164,13.5,13.550000190734863,0
2022-12-20,13.550000190734863,14.920000076293945,13.039999961853027,13.779999732971191,0
2022-12-21,13.779999732971191,16.010000228881836,12.460000038146973,15.5600004196167,0
2022-12-22,15.5600004196167,16.299999237060547,14.4399995803833,15.1899995803833,0
2022-12-23,15.1899995803833,16.479999542236328,14.479999542236328,16.15999984741211,0
2022-12-27,15.930000305175781,16.1299991607666,14.930000305175781,15.289999961853027,0
2022-12-28,15.289999961853027,15.649999618530273,15.270000457763672,15.399999618530273,0
2022-12-29,15.399999618530273,15.770000457763672,14.710000038146973,14.8100004196167,0
2022-12-30,14.8100004196167,15.119999885559082,14.279999732971191,14.869999885559082,0
2023-01-02,14.869999885559082,15.449999809265137,14.569999694824219,14.6899995803833,0
2023-01-03,14.6899995803833,14.989999771118164,14.3100004196167,14.390000343322754,0
2023-01-04,14.390000343322754,15.680000305175781,14.329999923706055,15.199999809265137,0
2023-01-05,15.199999809265137,15.600000381469727,14.8100004196167,14.979999542236328,0
2023-01-06,14.979999542236328,15.4399995803833,14.619999885559082,15.029999732971191,0
2023-01-09,15.029999732971191,15.380000114440918,14.529999732971191,14.649999618530273,0
2023-01-10,14.649999618530273,15.9399995803833,14.5600004196167,15.510000228881836,0
2023-01-11,15.510000228881836,16.229999542236328,15.119999885559082,15.4399995803833,0
2023-01-12,15.4399995803833,16.040000915527344,14.420000076293945,15.279999732971191,0
2023-01-13,15.279999732971191,15.600000381469727,14.399999618530273,14.460000038146973,0
2023-01-16,14.460000038146973,15.359999656677246,14.460000038146973,15.020000457763672,0
2023-01-17,15.020000457763672,15.3100004196167,13.84000015258789,14.59000015258789,0
2023-01-18,14.59000015258789,14.75,12.470000267028809,14.369999885559082,0
2023-01-19,14.369999885559082,14.829999923706055,13.890000343322754,13.960000038146973,0
2023-01-20,13.960000038146973,14.1899995803833,11.640000343322754,13.789999961853027,0
2023-01-23,13.789999961853027,14.260000228881836,13.479999542236328,13.619999885559082,0
2023-01-24,13.619999885559082,13.8100004196167,13.300000190734863,13.65999984741211,0
2023-01-25,13.65999984741211,15.420000076293945,13.520000457763672,14.65999984741211,0
2023-01-27,14.65999984741211,18.010000228881836,14.579999923706055,17.31999969482422,0
2023-01-30,17.31999969482422,19.389999389648438,17.290000915527344,17.709999084472656,0
2023-01-31,17.709999084472656,18.3700008392334,16.56999969482422,16.8799991607666,0
2023-02-01,16.8799991607666,18.540000915527344,14.850000381469727,16.780000686645508,0
2023-02-02,16.780000686645508,17.770000457763672,15.510000228881836,15.729999542236328,0
2023-02-03,15.729999542236328,15.760000228881836,14.270000457763672,14.399999618530273,0
2023-02-06,14.399999618530273,15.210000038146973,14.1899995803833,14.6899995803833,0
2023-02-07,14.6899995803833,14.880000114440918,13.670000076293945,14.130000114440918,0
2023-02-08,14.130000114440918,14.25,13.539999961853027,13.600000381469727,0
2023-02-09,13.600000381469727,13.819999694824219,12.0600004196167,13.039999961853027,0
2023-02-10,13.039999961853027,13.279999732971191,12.210000038146973,12.75,0
2023-02-13,12.75,14.100000381469727,11.829999923706055,13.680000305175781,0
2023-02-14,13.680000305175781,13.680000305175781,12.449999809265137,13.449999809265137,0
2023-02-15,13.449999809265137,13.449999809265137,11.279999732971191,12.859999656677246,0
2023-02-16,12.859999656677246,13.15999984741211,10.170000076293945,12.890000343322754,0
2023-02-17,12.890000343322754,13.520000457763672,10.800000190734863,13.09000015258789,0
2023-02-20,13.09000015258789,13.710000038146973,10.920000076293945,13.380000114440918,0
2023-02-21,13.380000114440918,14.300000190734863,13.380000114440918,14.010000228881836,0
2023-02-22,14.010000228881836,15.920000076293945,12.380000114440918,15.59000015258789,0
2023-02-23,15.59000015258789,16.010000228881836,14.520000457763672,15.079999923706055,0
2023-02-24,15.079999923706055,15.140000343322754,14.010000228881836,14.1899995803833,0
2023-02-27,14.1899995803833,15.100000381469727,13.75,13.880000114440918,0
2023-02-28,13.880000114440918,14.569999694824219,13.5,14.020000457763672,0
2023-03-01,14.020000457763672,14.020000457763672,12.279999732971191,13.0,0
2023-03-02,13.0,13.550000190734863,11.100000381469727,12.970000267028809,0
2023-03-03,12.970000267028809,12.970000267028809,11.979999542236328,12.180000305175781,0
2023-03-06,12.180000305175781,12.470000267028809,11.84000015258789,12.270000457763672,0
2023-03-08,12.270000457763672,12.850000381469727,11.899999618530273,12.449999809265137,0
2023-03-09,12.449999809265137,12.84000015258789,11.779999732971191,12.729999542236328,0
2023-03-10,12.729999542236328,13.819999694824219,12.729999542236328,13.40999984741211,0
2023-03-13,13.40999984741211,16.43000030517578,13.40999984741211,16.219999313354492,0
2023-03-14,16.219999313354492,16.639999389648438,15.0,16.219999313354492,0
2023-03-15,16.219999313354492,16.510000228881836,14.520000457763672,16.299999237060547,0
2023-03-16,16.299999237060547,17.360000610351562,13.949999809265137,16.219999313354492,0
2023-03-17,16.219999313354492,16.219999313354492,14.600000381469727,14.770000457763672,0
2023-03-20,14.770000457763672,17.219999313354492,14.520000457763672,16.010000228881836,0
2023-03-21,16.010000228881836,16.040000915527344,14.079999923706055,15.079999923706055,0
2023-03-22,15.079999923706055,15.09000015258789,14.239999771118164,14.8100004196167,0
2023-03-23,14.8100004196167,15.0600004196167,13.899999618530273,14.489999771118164,0
2023-03-24,14.489999771118164,15.430000305175781,14.199999809265137,15.239999771118164,0
2023-03-27,15.239999771118164,16.09000015258789,15.100000381469727,15.449999809265137,0
2023-03-28,15.449999809265137,15.609999656677246,14.869999885559082,15.100000381469727,0
2023-03-29,15.100000381469727,15.100000381469727,13.319999694824219,13.630000114440918,0
2023-03-31,13.630000114440918,13.630000114440918,12.069999694824219,12.9399995803833,0
2023-04-03,12.9399995803833,13.489999771118164,12.470000267028809,12.59000015258789,0
2023-04-05,12.59000015258789,12.8100004196167,12.050000190734863,12.40999984741211,0
2023-04-06,12.40999984741211,12.569999694824219,11.649999618530273,11.800000190734863,0
2023-04-10,11.800000190734863,12.5600004196167,11.800000190734863,12.270000457763672,0
2023-04-11,12.270000457763672,12.270000457763672,11.670000076293945,11.979999542236328,0
2023-04-12,11.979999542236328,12.399999618530273,11.979999542236328,12.270000457763672,0
2023-04-13,12.270000457763672,12.510000228881836,11.84000015258789,11.90999984741211,0
2023-04-17,11.90999984741211,13.270000457763672,11.90999984741211,12.270000457763672,0
2023-04-18,12.270000457763672,12.529999732971191,11.859999656677246,12.079999923706055,0
2023-04-19,12.079999923706055,12.470000267028809,11.109999656677246,12.149999618530273,0
2023-04-20,12.149999618530273,12.399999618530273,11.579999923706055,11.9399995803833,0
2023-04-21,11.9399995803833,12.039999961853027,11.520000457763672,11.630000114440918,0
2023-04-24,11.630000114440918,12.210000038146973,11.579999923706055,11.670000076293945,0
2023-04-25,11.670000076293945,11.8100004196167,11.430000305175781,11.520000457763672,0
2023-04-26,11.520000457763672,11.899999618530273,11.300000190734863,11.649999618530273,0
2023-04-27,11.649999618530273,12.020000457763672,10.960000038146973,11.430000305175781,0
2023-04-28,11.430000305175781,11.539999961853027,10.789999961853027,10.949999809265137,0
2023-05-02,10.949999809265137,12.0600004196167,10.949999809265137,11.899999618530273,0
2023-05-03,11.899999618530273,12.25,11.130000114440918,11.84000015258789,0
2023-05-04,11.84000015258789,12.029999732971191,11.1899995803833,11.729999542236328,0
2023-05-05,11.729999542236328,12.380000114440918,11.529999732971191,12.300000190734863,0
2023-05-08,12.300000190734863,12.90999984741211,11.720000267028809,12.640000343322754,0
2023-05-09,12.640000343322754,12.819999694824219,11.65999984741211,12.680000305175781,0
2023-05-10,12.680000305175781,13.300000190734863,11.539999961853027,13.079999923706055,0
2023-05-11,13.079999923706055,13.739999771118164,12.819999694824219,13.220000267028809,0
2023-05-12,13.220000267028809,13.510000228881836,12.739999771118164,12.850000381469727,0
2023-05-15,12.850000381469727,13.619999885559082,12.539999961853027,13.170000076293945,0
2023-05-16,13.170000076293945,13.489999771118164,11.710000038146973,13.289999961853027,0
2023-05-17,13.289999961853027,13.579999923706055,11.899999618530273,13.109999656677246,0
2023-05-18,13.109999656677246,13.109999656677246,11.140000343322754,12.800000190734863,0
2023-05-19,12.800000190734863,12.819999694824219,11.6899995803833,12.300000190734863,0
2023-05-22,12.300000190734863,12.819999694824219,11.5600004196167,12.569999694824219,0
2023-05-23,12.569999694824219,13.079999923706055,12.319999694824219,12.609999656677246,0
2023-05-24,12.609999656677246,13.4399995803833,12.40999984741211,13.109999656677246,0
2023-05-25,13.109999656677246,13.130000114440918,8.180000305175781,12.520000457763672,0
2023-05-26,12.520000457763672,12.859999656677246,11.699999809265137,11.899999618530273,0
2023-05-29,11.899999618530273,12.489999771118164,8.8100004196167,12.300000190734863,0
2023-05-30,12.300000190734863,12.380000114440918,11.770000457763672,12.010000228881836,0
2023-05-31,12.010000228881836,12.470000267028809,11.579999923706055,11.970000267028809,0
2023-06-01,11.970000267028809,11.970000267028809,11.220000267028809,11.600000381469727,0
2023-06-02,11.600000381469727,11.739999771118164,10.859999656677246,11.130000114440918,0
2023-06-05,11.130000114440918,11.34000015258789,10.319999694824219,11.140000343322754,0
2023-06-06,11.140000343322754,11.619999885559082,10.470000267028809,11.380000114440918,0
2023-06-07,11.380000114440918,11.539999961853027,9.640000343322754,11.4399995803833,0
2023-06-08,11.4399995803833,11.569999694824219,10.130000114440918,11.260000228881836,0
2023-06-09,11.260000228881836,11.300000190734863,10.3100004196167,11.119999885559082,0
2023-06-12,11.119999885559082,11.800000190734863,10.579999923706055,11.25,0
2023-06-13,11.25,11.25,9.989999771118164,11.109999656677246,0
2023-06-14,11.109999656677246,11.369999885559082,10.630000114440918,11.15999984741211,0
2023-06-15,11.15999984741211,11.369999885559082,9.6899995803833,11.079999923706055,0
2023-06-16,11.079999923706055,11.079999923706055,10.5600004196167,10.84000015258789,0
2023-06-19,10.84000015258789,11.5,10.329999923706055,11.229999542236328,0
2023-06-20,11.229999542236328,11.4399995803833,10.569999694824219,11.130000114440918,0
2023-06-21,11.130000114440918,11.430000305175781,10.770000457763672,11.289999961853027,0
2023-06-22,11.289999961853027,11.710000038146973,10.6899995803833,11.550000190734863,0
2023-06-23,11.550000190734863,11.84000015258789,11.140000343322754,11.239999771118164,0
2023-06-26,11.239999771118164,11.930000305175781,11.239999771118164,11.399999618530273,0
2023-06-27,11.399999618530273,11.420000076293945,10.6899995803833,10.779999732971191,0
2023-06-28,10.779999732971191,11.539999961853027,10.649999618530273,10.890000343322754,0
2023-06-30,10.890000343322754,11.220000267028809,10.069999694824219,10.800000190734863,0
2023-07-03,10.800000190734863,12.029999732971191,10.800000190734863,11.539999961853027,0
2023-07-04,11.539999961853027,11.989999771118164,11.520000457763672,11.699999809265137,0
2023-07-05,11.699999809265137,12.210000038146973,11.569999694824219,11.880000114440918,0
2023-07-06,11.880000114440918,12.210000038146973,11.779999732971191,11.84000015258789,0
2023-07-07,11.84000015258789,12.069999694824219,11.079999923706055,11.529999732971191,0
2023-07-10,11.529999732971191,12.010000228881836,11.359999656677246,11.460000038146973,0
2023-07-11,11.460000038146973,11.460000038146973,10.949999809265137,11.010000228881836,0
2023-07-12,11.010000228881836,11.199999809265137,10.720000267028809,10.9399995803833,0
2023-07-13,10.9399995803833,11.170000076293945,10.699999809265137,10.9399995803833,0
2023-07-14,10.9399995803833,10.9399995803833,10.609999656677246,10.680000305175781,0
2023-07-17,10.680000305175781,11.399999618530273,9.859999656677246,11.319999694824219,0
2023-07-18,11.319999694824219,12.020000457763672,11.069999694824219,11.710000038146973,0
2023-07-19,11.710000038146973,11.9399995803833,11.539999961853027,11.600000381469727,0
2023-07-20,11.600000381469727,12.260000228881836,11.369999885559082,11.789999961853027,0
2023-07-21,11.789999961853027,12.029999732971191,11.0600004196167,11.489999771118164,0
2023-07-24,11.489999771118164,12.0,10.539999961853027,11.649999618530273,0
2023-07-25,11.649999618530273,11.649999618530273,10.109999656677246,10.239999771118164,0
2023-07-26,10.239999771118164,10.859999656677246,10.220000267028809,10.460000038146973,0
2023-07-27,10.460000038146973,10.979999542236328,9.890000343322754,10.510000228881836,0
2023-07-28,10.510000228881836,10.8100004196167,10.039999961853027,10.140000343322754,0
2023-07-31,10.140000343322754,11.1899995803833,10.140000343322754,10.40999984741211,0
2023-08-01,10.40999984741211,10.699999809265137,10.199999809265137,10.279999732971191,0
2023-08-02,10.279999732971191,11.8100004196167,9.949999809265137,11.279999732971191,0
2023-08-03,11.279999732971191,11.960000038146973,10.979999542236328,11.1899995803833,0
2023-08-04,11.1899995803833,11.1899995803833,10.479999542236328,10.569999694824219,0
2023-08-07,10.569999694824219,11.420000076293945,10.399999618530273,11.100000381469727,0
2023-08-08,11.100000381469727,11.529999732971191,11.100000381469727,11.329999923706055,0
2023-08-09,11.329999923706055,11.770000457763672,10.489999771118164,11.140000343322754,0
2023-08-10,11.140000343322754,11.90999984741211,10.630000114440918,11.399999618530273,0
2023-08-11,11.399999618530273,11.869999885559082,11.359999656677246,11.520000457763672,0
2023-08-14,11.520000457763672,12.760000228881836,10.479999542236328,12.0,0
2023-08-16,12.0,12.680000305175781,12.0,12.130000114440918,0
2023-08-17,12.130000114440918,12.670000076293945,12.109999656677246,12.239999771118164,0
2023-08-18,12.239999771118164,12.489999771118164,10.789999961853027,12.140000343322754,0
2023-08-21,12.140000343322754,12.59000015258789,11.170000076293945,11.960000038146973,0
2023-08-22,11.960000038146973,12.09000015258789,11.59000015258789,11.75,0
2023-08-23,11.75,11.890000343322754,10.3100004196167,11.729999542236328,0
2023-08-24,11.729999542236328,12.239999771118164,10.199999809265137,11.699999809265137,0
2023-08-25,11.699999809265137,12.239999771118164,9.979999542236328,12.079999923706055,0
2023-08-28,12.079999923706055,12.720000267028809,9.5,12.399999618530273,0
2023-08-29,12.399999618530273,12.460000038146973,10.649999618530273,12.229999542236328,0
2023-08-30,12.229999542236328,12.239999771118164,11.460000038146973,11.800000190734863,0
2023-08-31,11.800000190734863,12.279999732971191,11.760000228881836,12.0600004196167,0
2023-09-01,12.0600004196167,12.180000305175781,10.40999984741211,11.369999885559082,0
2023-09-04,11.369999885559082,11.539999961853027,10.859999656677246,10.960000038146973,0
2023-09-05,10.960000038146973,11.09000015258789,9.369999885559082,10.819999694824219,0
2023-09-06,10.819999694824219,10.979999542236328,9.8100004196167,10.680000305175781,0
2023-09-07,10.680000305175781,11.029999732971191,9.800000190734863,10.869999885559082,0
2023-09-08,10.869999885559082,10.970000267028809,10.079999923706055,10.779999732971191,0
2023-09-11,10.779999732971191,11.5,10.34000015258789,11.350000381469727,0
2023-09-12,11.350000381469727,12.020000457763672,10.710000038146973,11.6899995803833,0
2023-09-13,11.6899995803833,12.050000190734863,11.539999961853027,11.829999923706055,0
2023-09-14,11.829999923706055,12.039999961853027,11.210000038146973,11.319999694824219,0
2023-09-15,11.319999694824219,11.319999694824219,10.069999694824219,10.899999618530273,0
2023-09-18,10.899999618530273,11.40999984741211,10.449999809265137,10.84000015258789,0
2023-09-20,10.84000015258789,11.470000267028809,10.84000015258789,11.130000114440918,0
2023-09-21,11.130000114440918,11.390000343322754,10.619999885559082,10.819999694824219,0
2023-09-22,10.819999694824219,11.069999694824219,10.390000343322754,10.65999984741211,0
2023-09-25,10.65999984741211,11.3100004196167,10.270000457763672,10.899999618530273,0
2023-09-26,10.899999618530273,11.289999961853027,9.25,11.1899995803833,0
2023-09-27,11.1899995803833,11.819999694824219,9.390000343322754,11.59000015258789,0
2023-09-28,11.59000015258789,13.020000457763672,9.399999618530273,12.819999694824219,0
2023-09-29,12.819999694824219,12.819999694824219,11.3100004196167,11.449999809265137,0
2023-10-03,11.449999809265137,12.40999984741211,10.779999732971191,11.789999961853027,0
2023-10-04,11.789999961853027,12.220000267028809,11.119999885559082,11.65999984741211,0
2023-10-05,11.65999984741211,11.65999984741211,10.84000015258789,10.9399995803833,0
2023-10-06,10.9399995803833,10.9399995803833,9.729999542236328,10.300000190734863,0
2023-10-09,10.300000190734863,11.630000114440918,10.119999885559082,11.399999618530273,0
2023-10-10,11.399999618530273,11.399999618530273,10.859999656677246,11.270000457763672,0
2023-10-11,11.270000457763672,11.319999694824219,10.390000343322754,10.989999771118164,0
2023-10-12,10.989999771118164,11.119999885559082,10.569999694824219,10.619999885559082,0
2023-10-13,10.619999885559082,11.029999732971191,10.399999618530273,10.619999885559082,0
2023-10-16,10.619999885559082,11.149999618530273,9.149999618530273,11.069999694824219,0
2023-10-17,11.069999694824219,11.069999694824219,10.430000305175781,10.699999809265137,0
2023-10-18,10.699999809265137,11.170000076293945,10.489999771118164,10.970000267028809,0
2023-10-19,10.970000267028809,11.210000038146973,10.050000190734863,10.899999618530273,0
2023-10-20,10.899999618530273,11.09000015258789,10.069999694824219,10.819999694824219,0
2023-10-23,10.819999694824219,11.359999656677246,8.819999694824219,10.90999984741211,0
2023-10-25,10.90999984741211,12.180000305175781,9.970000267028809,11.3100004196167,0
2023-10-26,11.3100004196167,12.699999809265137,11.3100004196167,11.729999542236328,0
2023-10-27,11.729999542236328,12.3100004196167,10.670000076293945,10.90999984741211,0
2023-10-30,10.90999984741211,12.1899995803833,10.90999984741211,11.489999771118164,0
2023-10-31,11.489999771118164,12.289999961853027,11.260000228881836,11.829999923706055,0
2023-11-01,11.829999923706055,12.199999809265137,11.829999923706055,12.050000190734863,0
2023-11-02,12.050000190734863,12.050000190734863,10.949999809265137,11.079999923706055,0
2023-11-03,11.079999923706055,11.079999923706055,10.640000343322754,10.880000114440918,0
2023-11-06,10.880000114440918,11.279999732971191,10.380000114440918,11.109999656677246,0
2023-11-07,11.109999656677246,12.180000305175781,11.0,11.1899995803833,0
2023-11-08,11.1899995803833,11.329999923706055,10.630000114440918,11.039999961853027,0
2023-11-09,11.039999961853027,11.25,10.369999885559082,10.979999542236328,0
2023-11-10,10.979999542236328,11.359999656677246,9.859999656677246,11.109999656677246,0
2023-11-13,11.350000381469727,11.630000114440918,10.5,11.1899995803833,0
2023-11-15,11.1899995803833,11.420000076293945,8.399999618530273,11.140000343322754,0
2023-11-16,11.140000343322754,11.8100004196167,10.619999885559082,11.649999618530273,0
2023-11-17,11.649999618530273,12.09000015258789,10.1899995803833,11.829999923706055,0
2023-11-20,11.829999923706055,12.670000076293945,11.199999809265137,12.149999618530273,0
2023-11-21,12.149999618530273,12.4399995803833,10.760000228881836,12.229999542236328,0
2023-11-22,12.229999542236328,12.710000038146973,11.020000457763672,11.869999885559082,0
2023-11-23,11.869999885559082,12.140000343322754,10.979999542236328,11.319999694824219,0
2023-11-24,11.319999694824219,11.470000267028809,8.680000305175781,11.329999923706055,0
2023-11-28,11.329999923706055,12.489999771118164,11.069999694824219,12.180000305175781,0
2023-11-29,12.180000305175781,14.460000038146973,11.329999923706055,12.710000038146973,0
2023-11-30,12.710000038146973,13.350000381469727,11.760000228881836,12.6899995803833,0
2023-12-01,12.6899995803833,12.760000228881836,11.779999732971191,12.380000114440918,0
2023-12-04,12.380000114440918,13.15999984741211,11.34000015258789,12.989999771118164,0
2023-12-05,12.989999771118164,13.880000114440918,11.479999542236328,13.460000038146973,0
2023-12-06,13.460000038146973,14.09000015258789,12.6899995803833,13.739999771118164,0
2023-12-07,13.739999771118164,13.739999771118164,12.550000190734863,12.670000076293945,0
2023-12-08,12.670000076293945,12.880000114440918,12.140000343322754,12.470000267028809,0
2023-12-11,12.470000267028809,13.119999885559082,12.229999542236328,12.760000228881836,0
2023-12-12,12.760000228881836,12.869999885559082,11.6899995803833,12.710000038146973,0
2023-12-13,12.710000038146973,12.819999694824219,11.539999961853027,12.069999694824219,0
2023-12-14,12.069999694824219,12.510000228881836,11.0,12.319999694824219,0
2023-12-15,12.319999694824219,13.34000015258789,10.800000190734863,13.130000114440918,0
2023-12-18,13.130000114440918,14.119999885559082,13.130000114440918,13.899999618530273,0
2023-12-19,13.899999618530273,14.119999885559082,13.550000190734863,13.869999885559082,0
2023-12-20,13.869999885559082,14.869999885559082,12.779999732971191,14.449999809265137,0
2023-12-21,14.449999809265137,15.010000228881836,12.279999732971191,13.760000228881836,0
2023-12-22,13.760000228881836,13.989999771118164,12.229999542236328,13.710000038146973,0
2023-12-26,13.710000038146973,14.949999809265137,13.710000038146973,14.680000305175781,0
2023-12-27,14.680000305175781,15.729999542236328,14.470000267028809,15.5600004196167,0
2023-12-28,15.5600004196167,16.469999313354492,14.960000038146973,15.140000343322754,0
2023-12-29,15.140000343322754,15.430000305175781,14.369999885559082,14.5,0
2024-01-02,14.680000305175781,15.079999923706055,14.239999771118164,14.579999923706055,0
2024-01-03,14.579999923706055,14.779999732971191,14.020000457763672,14.100000381469727,0
2024-01-04,14.100000381469727,14.210000038146973,13.210000038146973,13.329999923706055,0
2024-01-05,13.329999923706055,13.470000267028809,12.489999771118164,12.630000114440918,0
2024-01-08,12.630000114440918,13.600000381469727,12.630000114440918,13.460000038146973,0
2024-01-09,13.460000038146973,13.510000228881836,12.779999732971191,13.260000228881836,0
2024-01-10,13.260000228881836,14.5600004196167,12.8100004196167,12.970000267028809,0
2024-01-11,12.970000267028809,13.1899995803833,12.630000114440918,12.770000457763672,0
2024-01-12,12.770000457763672,13.289999961853027,12.420000076293945,13.100000381469727,0
2024-01-15,13.100000381469727,13.890000343322754,11.789999961853027,13.789999961853027,0
2024-01-16,13.789999961853027,14.039999961853027,12.489999771118164,13.569999694824219,0
2024-01-17,13.569999694824219,15.229999542236328,12.720000267028809,15.079999923706055,0
2024-01-18,15.079999923706055,15.710000038146973,12.979999542236328,14.069999694824219,0
2024-01-19,14.069999694824219,14.109999656677246,13.680000305175781,13.880000114440918,0
2024-01-23,13.800000190734863,15.40999984741211,12.199999809265137,14.850000381469727,0
2024-01-24,14.850000381469727,15.649999618530273,14.029999732971191,14.380000114440918,0
2024-01-25,14.380000114440918,15.34000015258789,13.359999656677246,13.869999885559082,0
2024-01-29,13.869999885559082,15.850000381469727,13.800000190734863,15.680000305175781,0
2024-01-30,15.680000305175781,16.579999923706055,14.989999771118164,16.100000381469727,0
2024-01-31,16.100000381469727,16.530000686645508,15.800000190734863,16.049999237060547,0
2024-02-01,16.049999237060547,16.110000610351562,14.359999656677246,14.460000038146973,0
2024-02-02,14.460000038146973,15.130000114440918,14.029999732971191,14.699999809265137,0
2024-02-05,14.699999809265137,16.049999237060547,14.699999809265137,15.619999885559082,0
2024-02-06,15.619999885559082,15.979999542236328,15.09000015258789,15.789999961853027,0
2024-02-07,15.789999961853027,16.020000457763672,14.739999771118164,15.510000228881836,0
2024-02-08,15.510000228881836,16.030000686645508,15.239999771118164,15.829999923706055,0
2024-02-09,15.829999923706055,16.329999923706055,15.270000457763672,15.449999809265137,0
2024-02-12,15.449999809265137,16.540000915527344,15.449999809265137,16.059999465942383,0
2024-02-13,16.059999465942383,16.56999969482422,15.75,15.8100004196167,0
2024-02-14,15.8100004196167,16.200000762939453,15.34000015258789,15.4399995803833,0
2024-02-15,15.4399995803833,15.65999984741211,15.109999656677246,15.229999542236328,0
2024-02-16,15.229999542236328,15.550000190734863,14.899999618530273,15.220000267028809,0
2024-02-20,16.020000457763672,16.360000610351562,14.210000038146973,16.06999969482422,0
2024-02-21,16.06999969482422,16.309999465942383,15.680000305175781,15.930000305175781,0
2024-02-22,15.930000305175781,16.149999618530273,15.130000114440918,15.199999809265137,0
2024-02-23,15.199999809265137,15.4399995803833,14.84000015258789,14.970000267028809,0
2024-02-26,14.970000267028809,15.960000038146973,13.760000228881836,15.600000381469727,0
2024-02-27,15.600000381469727,16.0,15.529999732971191,15.729999542236328,0
2024-02-28,15.729999542236328,16.739999771118164,15.3100004196167,16.329999923706055,0
2024-02-29,16.329999923706055,16.549999237060547,15.369999885559082,15.569999694824219,0
2024-03-01,15.569999694824219,15.640000343322754,15.0,15.239999771118164,0
2024-03-04,14.989999771118164,15.300000190734863,14.819999694824219,14.920000076293945,0
2024-03-05,14.920000076293945,15.170000076293945,14.180000305175781,14.380000114440918,0
2024-03-06,14.380000114440918,14.710000038146973,13.90999984741211,14.300000190734863,0
2024-03-07,14.300000190734863,14.430000305175781,13.5600004196167,13.609999656677246,0
2024-03-11,13.609999656677246,14.550000190734863,13.609999656677246,14.0,0
2024-03-12,14.0,14.199999809265137,13.579999923706055,13.640000343322754,0
2024-03-13,13.640000343322754,15.010000228881836,13.529999732971191,14.430000305175781,0
2024-03-14,14.430000305175781,14.680000305175781,13.520000457763672,13.619999885559082,0
2024-03-15,13.619999885559082,14.329999923706055,13.59000015258789,13.6899995803833,0
2024-03-18,13.6899995803833,14.619999885559082,13.6899995803833,13.899999618530273,0
2024-03-19,13.899999618530273,14.449999809265137,13.880000114440918,14.109999656677246,0
2024-03-20,14.109999656677246,14.279999732971191,13.09000015258789,13.470000267028809,0
2024-03-21,13.470000267028809,13.470000267028809,12.34000015258789,12.510000228881836,0
2024-03-22,12.510000228881836,13.050000190734863,11.8100004196167,12.220000267028809,0
2024-03-26,12.220000267028809,13.100000381469727,12.09000015258789,12.819999694824219,0
2024-03-27,12.819999694824219,13.010000228881836,12.529999732971191,12.699999809265137,0
2024-03-28,12.699999809265137,13.180000305175781,12.260000228881836,12.829999923706055,0
2024-04-01,12.829999923706055,13.359999656677246,12.010000228881836,12.079999923706055,0
2024-04-02,12.079999923706055,12.3100004196167,11.600000381469727,11.649999618530273,0
2024-04-03,11.649999618530273,11.829999923706055,11.3100004196167,11.369999885559082,0
2024-04-04,11.369999885559082,11.84000015258789,10.859999656677246,11.220000267028809,0
2024-04-05,11.220000267028809,11.680000305175781,11.039999961853027,11.34000015258789,0
2024-04-08,11.34000015258789,11.739999771118164,11.130000114440918,11.609999656677246,0
2024-04-09,11.609999656677246,11.609999656677246,10.619999885559082,11.359999656677246,0
2024-04-10,11.359999656677246,11.359999656677246,10.989999771118164,11.109999656677246,0
2024-04-12,11.109999656677246,11.609999656677246,11.109999656677246,11.529999732971191,0
2024-04-15,11.529999732971191,12.739999771118164,11.3100004196167,12.470000267028809,0
2024-04-16,12.470000267028809,12.930000305175781,12.34000015258789,12.619999885559082,0
2024-04-18,12.619999885559082,13.390000343322754,12.029999732971191,13.039999961853027,0
2024-04-19,13.039999961853027,14.40999984741211,11.920000076293945,13.460000038146973,0
2024-04-22,13.460000038146973,13.460000038146973,12.609999656677246,12.699999809265137,0
2024-04-23,12.699999809265137,12.699999809265137,9.859999656677246,10.199999809265137,0
2024-04-24,10.199999809265137,11.130000114440918,9.949999809265137,10.279999732971191,0
2024-04-25,10.279999732971191,11.460000038146973,10.260000228881836,10.729999542236328,0
2024-04-26,10.729999542236328,11.319999694824219,10.59000015258789,10.930000305175781,0
2024-04-29,10.930000305175781,12.489999771118164,10.930000305175781,12.239999771118164,0
2024-04-30,12.239999771118164,13.210000038146973,12.239999771118164,12.869999885559082,0
2024-05-02,12.869999885559082,13.949999809265137,12.869999885559082,13.449999809265137,0
2024-05-03,13.449999809265137,15.3100004196167,13.449999809265137,14.619999885559082,0
2024-05-06,14.619999885559082,16.959999084472656,14.619999885559082,16.600000381469727,0
2024-05-07,16.600000381469727,17.639999389648438,16.600000381469727,17.010000228881836,0
2024-05-08,17.010000228881836,18.31999969482422,16.459999084472656,17.079999923706055,0
2024-05-09,17.079999923706055,19.170000076293945,17.079999923706055,18.200000762939453,0
2024-05-10,18.200000762939453,19.010000228881836,18.0,18.469999313354492,0
2024-05-13,18.469999313354492,21.489999771118164,18.469999313354492,20.600000381469727,0
2024-05-14,20.600000381469727,21.8799991607666,20.110000610351562,20.200000762939453,0
2024-05-15,20.200000762939453,20.65999984741211,19.8700008392334,20.270000457763672,0
2024-05-16,20.270000457763672,21.110000610351562,18.969999313354492,20.0,0
2024-05-17,20.0,20.3700008392334,18.979999542236328,19.799999237060547,0
2024-05-21,20.530000686645508,22.299999237060547,20.530000686645508,21.809999465942383,0
2024-05-22,21.809999465942383,22.290000915527344,18.18000030517578,21.469999313354492,0
2024-05-23,21.469999313354492,24.219999313354492,18.84000015258789,21.3799991607666,0
2024-05-24,21.3799991607666,21.899999618530273,20.59000015258789,21.709999084472656,0
2024-05-27,21.709999084472656,26.200000762939453,18.43000030517578,23.190000534057617,0
2024-05-28,23.190000534057617,24.479999542236328,22.030000686645508,24.200000762939453,0
2024-05-29,24.200000762939453,24.770000457763672,23.549999237060547,24.18000030517578,0
2024-05-30,24.18000030517578,24.520000457763672,22.75,24.18000030517578,0
2024-05-31,24.18000030517578,24.809999465942383,22.600000381469727,24.600000381469727,0
2024-06-03,24.600000381469727,24.600000381469727,19.110000610351562,20.940000534057617,0
2024-06-04,20.940000534057617,31.709999084472656,18.799999237060547,26.75,0
2024-06-05,26.75,26.93000030517578,18.65999984741211,18.889999389648438,0
2024-06-06,18.889999389648438,18.889999389648438,16.559999465942383,16.799999237060547,0
2024-06-07,16.799999237060547,17.149999618530273,16.3700008392334,16.8799991607666,0
2024-06-10,16.8799991607666,17.25,16.170000076293945,16.399999618530273,0
2024-06-11,16.399999618530273,16.399999618530273,14.680000305175781,14.770000457763672,0
2024-06-12,14.770000457763672,14.770000457763672,13.170000076293945,14.390000343322754,0
2024-06-13,14.390000343322754,14.390000343322754,13.3100004196167,13.489999771118164,0
2024-06-14,13.489999771118164,13.489999771118164,12.65999984741211,12.819999694824219,0
2024-06-18,12.819999694824219,13.420000076293945,12.630000114440918,12.970000267028809,0
2024-06-19,12.970000267028809,13.819999694824219,11.630000114440918,13.710000038146973,0
2024-06-20,13.710000038146973,14.0600004196167,13.100000381469727,13.350000381469727,0
2024-06-21,13.350000381469727,13.59000015258789,12.479999542236328,13.180000305175781,0
2024-06-24,13.180000305175781,14.270000457763672,13.149999618530273,14.0600004196167,0
2024-06-25,14.0600004196167,14.460000038146973,13.84000015258789,14.3100004196167,0
2024-06-26,14.3100004196167,14.550000190734863,13.989999771118164,14.050000190734863,0
2024-06-27,14.050000190734863,14.609999656677246,13.920000076293945,14.149999618530273,0
2024-06-28,14.149999618530273,14.289999961853027,13.6899995803833,13.800000190734863,0
2024-07-01,13.800000190734863,14.229999542236328,13.789999961853027,13.829999923706055,0
2024-07-02,13.829999923706055,14.010000228881836,13.319999694824219,13.640000343322754,0
2024-07-03,13.640000343322754,13.720000267028809,12.869999885559082,13.210000038146973,0
2024-07-04,13.210000038146973,13.210000038146973,12.260000228881836,12.859999656677246,0
2024-07-05,12.859999656677246,12.989999771118164,12.079999923706055,12.699999809265137,0
2024-07-08,12.699999809265137,13.760000228881836,12.699999809265137,13.600000381469727,0
2024-07-09,13.600000381469727,14.399999618530273,12.789999961853027,14.279999732971191,0
2024-07-10,14.279999732971191,14.920000076293945,13.40999984741211,14.430000305175781,0
2024-07-11,14.430000305175781,14.430000305175781,12.680000305175781,14.0,0
2024-07-12,14.0,14.050000190734863,13.220000267028809,13.729999542236328,0
2024-07-15,13.729999542236328,14.34000015258789,13.569999694824219,14.1899995803833,0
2024-07-16,14.1899995803833,14.59000015258789,13.800000190734863,14.220000267028809,0
2024-07-18,14.220000267028809,14.710000038146973,13.75,14.510000228881836,0
2024-07-19,14.510000228881836,14.970000267028809,12.739999771118164,14.829999923706055,0
2024-07-22,14.829999923706055,15.630000114440918,13.119999885559082,15.4399995803833,0
2024-07-23,15.4399995803833,16.06999969482422,12.59000015258789,12.75,0
2024-07-24,12.75,14.039999961853027,11.619999885559082,11.760000228881836,0
2024-07-25,11.760000228881836,13.220000267028809,11.279999732971191,12.619999885559082,0
2024-07-26,12.619999885559082,13.140000343322754,11.979999542236328,12.25,0
2024-07-29,12.25,13.260000228881836,12.029999732971191,12.949999809265137,0
2024-07-30,12.949999809265137,13.260000228881836,11.720000267028809,12.880000114440918,0
2024-07-31,12.880000114440918,13.390000343322754,11.619999885559082,13.25,0
2024-08-01,13.25,13.3100004196167,11.979999542236328,12.930000305175781,0
2024-08-02,12.930000305175781,14.510000228881836,11.6899995803833,14.319999694824219,0
2024-08-05,14.319999694824219,23.149999618530273,13.90999984741211,20.3700008392334,0
2024-08-06,20.3700008392334,20.3700008392334,14.869999885559082,18.739999771118164,0
2024-08-07,18.739999771118164,18.739999771118164,13.720000267028809,16.170000076293945,0
2024-08-08,16.170000076293945,17.229999542236328,14.380000114440918,16.600000381469727,0
2024-08-09,16.600000381469727,16.600000381469727,13.430000305175781,15.34000015258789,0
2024-08-12,15.34000015258789,16.559999465942383,13.399999618530273,15.869999885559082,0
2024-08-13,15.869999885559082,16.3799991607666,14.220000267028809,16.170000076293945,0
2024-08-14,16.170000076293945,16.219999313354492,13.819999694824219,15.4399995803833,0
2024-08-16,15.4399995803833,15.4399995803833,12.949999809265137,14.399999618530273,0
2024-08-19,14.399999618530273,14.829999923706055,13.199999809265137,14.319999694824219,0
2024-08-20,14.319999694824219,14.319999694824219,11.430000305175781,13.819999694824219,0
2024-08-21,13.819999694824219,14.050000190734863,11.819999694824219,13.329999923706055,0
2024-08-22,13.329999923706055,13.779999732971191,10.960000038146973,13.0,0
2024-08-23,13.0,13.619999885559082,10.84000015258789,13.550000190734863,0
2024-08-26,13.550000190734863,13.989999771118164,12.010000228881836,13.800000190734863,0
2024-08-27,13.800000190734863,14.010000228881836,12.710000038146973,13.630000114440918,0
2024-08-28,13.630000114440918,14.09000015258789,12.039999961853027,13.949999809265137,0
2024-08-29,13.949999809265137,14.140000343322754,12.479999542236328,13.789999961853027,0
2024-08-30,13.789999961853027,13.90999984741211,12.539999961853027,13.390000343322754,0
2024-09-02,13.390000343322754,14.25,12.630000114440918,14.0600004196167,0
2024-09-03,14.0600004196167,14.149999618530273,12.6899995803833,13.84000015258789,0
2024-09-04,13.84000015258789,14.5600004196167,12.8100004196167,14.380000114440918,0
2024-09-05,14.380000114440918,14.380000114440918,13.34000015258789,14.210000038146973,0
2024-09-06,14.210000038146973,15.670000076293945,12.350000381469727,15.220000267028809,0
2024-09-09,15.220000267028809,15.5600004196167,14.109999656677246,14.239999771118164,0
2024-09-10,14.239999771118164,14.239999771118164,12.170000076293945,13.359999656677246,0
2024-09-11,13.359999656677246,13.770000457763672,11.329999923706055,13.630000114440918,0
2024-09-12,13.630000114440918,13.630000114440918,11.140000343322754,13.180000305175781,0
2024-09-13,13.180000305175781,13.180000305175781,12.470000267028809,12.550000190734863,0
2024-09-16,12.550000190734863,12.960000038146973,12.3100004196167,12.460000038146973,0
2024-09-17,12.460000038146973,12.75,11.880000114440918,12.59000015258789,0
2024-09-18,12.59000015258789,13.850000381469727,12.260000228881836,13.369999885559082,0
2024-09-19,13.369999885559082,13.369999885559082,12.100000381469727,12.470000267028809,0
2024-09-20,12.470000267028809,13.109999656677246,10.899999618530273,12.789999961853027,0
2024-09-23,12.789999961853027,14.029999732971191,12.430000305175781,13.789999961853027,0
2024-09-24,13.789999961853027,14.109999656677246,12.739999771118164,13.390000343322754,0
2024-09-25,13.390000343322754,13.609999656677246,8.979999542236328,12.739999771118164,0
2024-09-26,12.739999771118164,12.739999771118164,11.350000381469727,12.0,0
2024-09-27,12.0,12.079999923706055,10.5,11.960000038146973,0
2024-09-30,11.960000038146973,13.239999771118164,11.600000381469727,12.789999961853027,0
2024-10-01,12.789999961853027,12.789999961853027,11.710000038146973,11.989999771118164,0
2024-10-03,11.989999771118164,13.930000305175781,11.6899995803833,13.170000076293945,0
2024-10-04,13.170000076293945,14.479999542236328,12.289999961853027,14.130000114440918,0
2024-10-07,14.130000114440918,15.5,13.619999885559082,15.079999923706055,0
2024-10-08,15.079999923706055,15.5600004196167,13.880000114440918,14.59000015258789,0
2024-10-09,14.59000015258789,14.59000015258789,12.699999809265137,14.119999885559082,0
2024-10-10,14.119999885559082,14.119999885559082,11.729999542236328,13.5,0
2024-10-11,13.5,13.699999809265137,11.539999961853027,13.220000267028809,0
2024-10-14,13.220000267028809,13.739999771118164,12.920000076293945,13.0,0
2024-10-15,13.0,13.359999656677246,10.920000076293945,13.0,0
2024-10-16,13.0,13.5600004196167,11.4399995803833,13.050000190734863,0
2024-10-17,13.050000190734863,13.470000267028809,11.0600004196167,13.390000343322754,0
2024-10-18,13.390000343322754,14.0600004196167,12.869999885559082,13.039999961853027,0
2024-10-21,13.039999961853027,14.199999809265137,12.550000190734863,13.760000228881836,0
2024-10-22,13.760000228881836,14.520000457763672,9.470000267028809,14.399999618530273,0
2024-10-23,14.399999618530273,15.029999732971191,11.739999771118164,14.619999885559082,0
2024-10-24,14.619999885559082,14.899999618530273,12.699999809265137,13.970000267028809,0
2024-10-25,13.970000267028809,15.079999923706055,13.350000381469727,14.630000114440918,0
2024-10-28,14.630000114440918,15.479999542236328,13.539999961853027,14.289999961853027,0
2024-10-29,14.289999961853027,15.029999732971191,13.5600004196167,14.520000457763672,0
2024-10-30,14.520000457763672,15.699999809265137,14.279999732971191,15.510000228881836,0
2024-10-31,15.510000228881836,16.239999771118164,14.649999618530273,15.550000190734863,0
2024-11-01,15.550000190734863,16.1299991607666,13.630000114440918,15.899999618530273,0
2024-11-04,15.899999618530273,17.600000381469727,14.779999732971191,16.690000534057617,0
2024-11-05,16.690000534057617,19.020000457763672,15.800000190734863,16.1200008392334,0
2024-11-06,16.1200008392334,20.75,14.710000038146973,14.869999885559082,0
2024-11-07,14.869999885559082,15.520000457763672,14.270000457763672,14.9399995803833,0
2024-11-08,14.9399995803833,15.729999542236328,14.390000343322754,14.470000267028809,0
2024-11-11,14.470000267028809,15.470000267028809,13.119999885559082,14.270000457763672,0
2024-11-12,14.270000457763672,14.84000015258789,12.739999771118164,14.59000015258789,0
2024-11-13,14.59000015258789,15.869999885559082,13.930000305175781,15.4399995803833,0
2024-11-14,15.4399995803833,15.6899995803833,13.40999984741211,14.779999732971191,0
2024-11-18,14.779999732971191,16.579999923706055,13.760000228881836,15.170000076293945,0
2024-11-19,15.170000076293945,16.18000030517578,12.729999542236328,15.65999984741211,0
2024-11-21,15.65999984741211,16.780000686645508,14.84000015258789,15.989999771118164,0
2024-11-22,15.989999771118164,18.670000076293945,12.75,16.100000381469727,0
2024-11-25,16.100000381469727,16.860000610351562,13.630000114440918,15.300000190734863,0
2024-11-26,15.300000190734863,16.260000228881836,13.869999885559082,15.3100004196167,0
2024-11-27,15.3100004196167,15.3100004196167,13.25,14.630000114440918,0
2024-11-28,14.630000114440918,15.5600004196167,14.270000457763672,15.210000038146973,0
2024-11-29,15.210000038146973,15.460000038146973,14.329999923706055,14.430000305175781,0
2024-12-02,14.430000305175781,15.079999923706055,13.3100004196167,14.699999809265137,0
2024-12-03,14.699999809265137,14.890000343322754,14.239999771118164,14.369999885559082,0
2024-12-04,14.369999885559082,14.800000190734863,14.109999656677246,14.449999809265137,0
2024-12-05,14.449999809265137,15.710000038146973,14.0600004196167,14.529999732971191,0
2024-12-06,14.529999732971191,15.020000457763672,14.050000190734863,14.140000343322754,0
2024-12-09,14.140000343322754,14.640000343322754,13.449999809265137,14.109999656677246,0
2024-12-10,14.109999656677246,14.670000076293945,13.699999809265137,13.779999732971191,0
2024-12-11,13.779999732971191,14.109999656677246,13.180000305175781,13.270000457763672,0
2024-12-12,13.270000457763672,13.399999618530273,12.949999809265137,13.1899995803833,0
2024-12-13,13.1899995803833,14.720000267028809,12.470000267028809,13.050000190734863,0
2024-12-16,13.050000190734863,14.510000228881836,13.050000190734863,14.020000457763672,0
2024-12-17,14.020000457763672,14.979999542236328,13.180000305175781,14.489999771118164,0
2024-12-18,14.489999771118164,15.239999771118164,14.270000457763672,14.369999885559082,0
2024-12-19,14.369999885559082,15.4399995803833,13.869999885559082,14.510000228881836,0
2024-12-20,14.510000228881836,15.550000190734863,14.399999618530273,15.069999694824219,0
2024-12-23,15.069999694824219,16.8799991607666,13.420000076293945,13.520000457763672,0
2024-12-24,13.520000457763672,15.029999732971191,12.979999542236328,13.180000305175781,0
2024-12-26,13.180000305175781,14.390000343322754,13.079999923706055,14.039999961853027,0
2024-12-27,14.039999961853027,14.239999771118164,13.039999961853027,13.239999771118164,0
2024-12-30,13.239999771118164,14.369999885559082,13.239999771118164,13.970000267028809,0
2024-12-31,13.970000267028809,14.640000343322754,13.970000267028809,14.449999809265137,0
2025-01-02,14.510000228881836,14.800000190734863,13.630000114440918,13.739999771118164,0
2025-01-03,13.739999771118164,13.979999542236328,13.229999542236328,13.539999961853027,0
2025-01-06,13.539999961853027,15.920000076293945,13.539999961853027,15.649999618530273,0
2025-01-07,15.649999618530273,15.649999618530273,14.350000381469727,14.65999984741211,0
2025-01-08,14.65999984741211,14.880000114440918,14.100000381469727,14.470000267028809,0
2025-01-09,14.470000267028809,14.890000343322754,13.75,14.65999984741211,0
2025-01-10,14.65999984741211,15.520000457763672,14.65999984741211,14.920000076293945,0
2025-01-13,14.920000076293945,16.18000030517578,14.449999809265137,16.0,0
2025-01-14,16.0,16.0,15.119999885559082,15.470000267028809,0
2025-01-15,15.470000267028809,15.65999984741211,15.199999809265137,15.260000228881836,0
2025-01-16,15.260000228881836,15.569999694824219,13.960000038146973,15.470000267028809,0
2025-01-17,15.470000267028809,16.3799991607666,14.050000190734863,15.75,0
2025-01-20,15.75,17.020000457763672,15.180000305175781,16.420000076293945,0
2025-01-21,16.420000076293945,17.450000762939453,15.199999809265137,17.059999465942383,0
2025-01-22,17.059999465942383,17.299999237060547,15.90999984741211,16.770000457763672,0
2025-01-23,16.770000457763672,17.079999923706055,15.670000076293945,16.700000762939453,0
2025-01-24,16.700000762939453,17.309999465942383,16.1200008392334,16.75,0
2025-01-27,16.75,18.520000457763672,16.75,18.1299991607666,0
2025-01-28,18.1299991607666,18.5,16.829999923706055,18.200000762939453,0
2025-01-29,18.200000762939453,19.010000228881836,17.290000915527344,18.639999389648438,0
2025-01-30,18.639999389648438,18.989999771118164,17.219999313354492,17.389999389648438,0
2025-01-31,17.389999389648438,17.940000534057617,16.110000610351562,16.25,0
2025-02-03,14.100000381469727,15.109999656677246,14.100000381469727,14.350000381469727,0
2025-02-04,14.350000381469727,15.130000114440918,13.670000076293945,14.020000457763672,0
2025-02-05,14.020000457763672,14.300000190734863,13.5,14.079999923706055,0
2025-02-06,14.079999923706055,14.640000343322754,13.149999618530273,14.180000305175781,0
2025-02-07,14.180000305175781,14.510000228881836,13.550000190734863,13.6899995803833,0
2025-02-10,13.6899995803833,14.720000267028809,13.6899995803833,14.449999809265137,0
2025-02-11,14.449999809265137,15.430000305175781,13.850000381469727,14.869999885559082,0
2025-02-12,14.869999885559082,15.619999885559082,14.609999656677246,14.899999618530273,0
2025-02-13,14.899999618530273,15.470000267028809,12.199999809265137,14.960000038146973,0
2025-02-14,14.960000038146973,15.680000305175781,14.359999656677246,15.020000457763672,0
2025-02-17,15.020000457763672,16.309999465942383,14.5,15.720000267028809,0
2025-02-18,15.720000267028809,16.31999969482422,14.779999732971191,15.670000076293945,0
2025-02-19,15.670000076293945,16.020000457763672,14.75,15.420000076293945,0
2025-02-20,15.420000076293945,15.899999618530273,14.640000343322754,14.680000305175781,0
2025-02-21,14.680000305175781,15.239999771118164,12.079999923706055,14.529999732971191,0
2025-02-24,14.529999732971191,15.579999923706055,14.369999885559082,14.4399995803833,0
2025-02-25,14.4399995803833,15.079999923706055,13.609999656677246,13.720000267028809,0
2025-02-27,13.720000267028809,14.010000228881836,12.90999984741211,13.3100004196167,0
2025-02-28,13.3100004196167,14.119999885559082,13.229999542236328,13.90999984741211,0
2025-03-03,13.90999984741211,14.359999656677246,13.569999694824219,13.760000228881836,0
2025-03-04,13.760000228881836,14.199999809265137,13.369999885559082,13.829999923706055,0
2025-03-05,13.829999923706055,14.130000114440918,13.100000381469727,13.670000076293945,0
2025-03-06,13.670000076293945,14.180000305175781,13.279999732971191,13.729999542236328,0
2025-03-07,13.729999542236328,13.859999656677246,13.329999923706055,13.470000267028809,0
2025-03-10,13.470000267028809,14.210000038146973,13.470000267028809,13.989999771118164,0
2025-03-11,13.989999771118164,14.5,13.680000305175781,14.069999694824219,0
2025-03-12,14.069999694824219,14.369999885559082,13.640000343322754,13.6899995803833,0
2025-03-13,13.6899995803833,13.930000305175781,13.220000267028809,13.279999732971191,0
2025-03-17,13.279999732971191,14.100000381469727,13.279999732971191,13.420000076293945,0
2025-03-18,13.420000076293945,13.649999618530273,11.34000015258789,13.210000038146973,0
2025-03-19,13.210000038146973,13.569999694824219,12.59000015258789,13.300000190734863,0
2025-03-20,13.300000190734863,13.300000190734863,12.510000228881836,12.600000381469727,0
2025-03-21,12.600000381469727,12.84000015258789,10.699999809265137,12.579999923706055,0
2025-03-24,12.579999923706055,13.949999809265137,12.579999923706055,13.699999809265137,0
2025-03-25,13.699999809265137,14.479999542236328,13.489999771118164,13.640000343322754,0
2025-03-26,13.640000343322754,13.920000076293945,13.3100004196167,13.470000267028809,0
2025-03-27,13.470000267028809,13.850000381469727,12.979999542236328,13.300000190734863,0
2025-03-28,13.300000190734863,13.609999656677246,12.569999694824219,12.720000267028809,0
2025-04-01,12.720000267028809,14.050000190734863,12.720000267028809,13.779999732971191,0
2025-04-02,13.779999732971191,14.140000343322754,13.510000228881836,13.720000267028809,0
2025-04-03,13.720000267028809,14.109999656677246,13.40999984741211,13.600000381469727,0
2025-04-04,13.600000381469727,14.25,13.399999618530273,13.760000228881836,0
2025-04-07,13.760000228881836,23.190000534057617,13.760000228881836,22.790000915527344,0
2025-04-08,22.790000915527344,22.790000915527344,19.3799991607666,20.440000534057617,0
2025-04-09,20.440000534057617,21.75,19.700000762939453,21.43000030517578,0
2025-04-11,21.43000030517578,21.43000030517578,18.860000610351562,20.110000610351562,0
2025-04-15,20.110000610351562,20.110000610351562,15.970000267028809,16.1299991607666,0
2025-04-16,16.1299991607666,16.1299991607666,15.119999885559082,15.869999885559082,0
2025-04-17,15.869999885559082,16.459999084472656,15.09000015258789,15.470000267028809,0
2025-04-21,15.470000267028809,16.329999923706055,14.220000267028809,15.520000457763672,0
2025-04-22,15.520000457763672,16.010000228881836,14.539999961853027,15.229999542236328,0
2025-04-23,15.229999542236328,16.520000457763672,12.84000015258789,15.960000038146973,0
2025-04-24,15.960000038146973,16.760000228881836,15.550000190734863,16.25,0
2025-04-25,16.25,17.579999923706055,15.920000076293945,17.15999984741211,0
2025-04-28,17.15999984741211,18.06999969482422,16.6200008392334,16.940000534057617,0
2025-04-29,16.940000534057617,17.59000015258789,16.06999969482422,17.3700008392334,0
2025-04-30,17.3700008392334,18.559999465942383,15.989999771118164,18.219999313354492,0
2025-05-02,18.219999313354492,18.860000610351562,17.350000381469727,18.260000228881836,0
2025-05-05,18.260000228881836,18.799999237060547,18.06999969482422,18.34000015258789,0
2025-05-06,18.34000015258789,19.299999237060547,17.989999771118164,19.0,0
2025-05-07,19.0,19.729999542236328,18.360000610351562,19.059999465942383,0
2025-05-08,19.059999465942383,21.889999389648438,18.149999618530273,21.010000228881836,0
2025-05-09,21.010000228881836,22.75,21.0,21.6299991607666,0
2025-05-12,21.6299991607666,21.6299991607666,17.209999084472656,18.389999389648438,0
2025-05-13,18.389999389648438,18.899999618530273,17.889999389648438,18.200000762939453,0
2025-05-14,18.200000762939453,19.239999771118164,17.079999923706055,17.229999542236328,0
2025-05-15,17.229999542236328,17.670000076293945,16.719999313354492,16.889999389648438,0
2025-05-16,16.889999389648438,17.059999465942383,16.219999313354492,16.549999237060547,0
2025-05-19,16.549999237060547,17.450000762939453,15.829999923706055,17.360000610351562,0
2025-05-20,17.360000610351562,17.65999984741211,15.970000267028809,17.389999389648438,0
2025-05-21,17.389999389648438,18.0,17.040000915527344,17.549999237060547,0
2025-05-22,17.549999237060547,18.200000762939453,16.700000762939453,17.260000228881836,0
2025-05-23,17.260000228881836,17.520000457763672,15.489999771118164,17.280000686645508,0
2025-05-26,17.280000686645508,18.40999984741211,16.059999465942383,18.020000457763672,0
2025-05-27,18.020000457763672,19.18000030517578,17.420000076293945,18.540000915527344,0
2025-05-28,18.540000915527344,19.040000915527344,17.8799991607666,18.020000457763672,0
2025-05-29,18.020000457763672,18.020000457763672,16.209999084472656,16.420000076293945,0
2025-05-30,16.420000076293945,16.549999237060547,15.289999961853027,16.079999923706055,0
2025-06-02,16.079999923706055,17.729999542236328,16.079999923706055,17.15999984741211,0
2025-06-03,17.15999984741211,17.729999542236328,16.260000228881836,16.559999465942383,0
2025-06-04,16.559999465942383,17.059999465942383,15.630000114440918,15.75,0
2025-06-05,15.75,15.930000305175781,14.979999542236328,15.079999923706055,0
2025-06-06,15.079999923706055,15.609999656677246,14.369999885559082,14.630000114440918,0
2025-06-09,14.630000114440918,15.520000457763672,14.630000114440918,14.6899995803833,0
2025-06-10,14.6899995803833,14.739999771118164,13.930000305175781,14.020000457763672,0
2025-06-11,14.020000457763672,14.15999984741211,13.5600004196167,13.670000076293945,0
2025-06-12,13.670000076293945,14.270000457763672,13.130000114440918,14.020000457763672,0
2025-06-13,14.020000457763672,15.979999542236328,14.020000457763672,15.079999923706055,0
2025-06-16,15.079999923706055,15.470000267028809,14.550000190734863,14.84000015258789,0
2025-06-17,14.84000015258789,15.020000457763672,14.300000190734863,14.399999618530273,0
2025-06-18,14.399999618530273,14.819999694824219,14.109999656677246,14.279999732971191,0
2025-06-19,14.279999732971191,14.369999885559082,13.739999771118164,14.260000228881836,0
2025-06-20,14.260000228881836,14.260000228881836,13.319999694824219,13.670000076293945,0
2025-06-23,13.670000076293945,14.520000457763672,13.65999984741211,14.050000190734863,0
2025-06-24,14.050000190734863,14.34000015258789,13.3100004196167,13.640000343322754,0
2025-06-25,13.640000343322754,13.640000343322754,12.899999618530273,12.960000038146973,0
2025-06-26,12.960000038146973,13.329999923706055,12.520000457763672,12.59000015258789,0
2025-06-27,12.59000015258789,12.920000076293945,12.319999694824219,12.390000343322754,0
2025-06-30,12.390000343322754,13.029999732971191,12.390000343322754,12.789999961853027,0
2025-07-01,12.789999961853027,12.989999771118164,12.4399995803833,12.529999732971191,0
2025-07-02,12.529999732971191,12.65999984741211,12.34000015258789,12.449999809265137,0
2025-07-03,12.449999809265137,12.65999984741211,12.1899995803833,12.390000343322754,0
2025-07-04,12.390000343322754,12.699999809265137,12.239999771118164,12.319999694824219,0
2025-07-07,12.319999694824219,12.789999961853027,11.9399995803833,12.5600004196167,0
2025-07-08,12.5600004196167,12.710000038146973,12.0600004196167,12.199999809265137,0
2025-07-09,12.199999809265137,12.359999656677246,11.75,11.9399995803833,0
2025-07-10,11.9399995803833,12.1899995803833,11.609999656677246,11.670000076293945,0
2025-07-11,11.670000076293945,12.119999885559082,11.539999961853027,11.819999694824219,0
2025-07-14,11.819999694824219,12.420000076293945,11.819999694824219,11.979999542236328,0
2025-07-15,11.979999542236328,12.029999732971191,11.40999984741211,11.479999542236328,0
2025-07-16,11.479999542236328,11.670000076293945,11.199999809265137,11.239999771118164,0
2025-07-17,11.239999771118164,11.539999961853027,10.729999542236328,11.239999771118164,0
2025-07-18,11.239999771118164,11.859999656677246,9.899999618530273,11.390000343322754,0
2025-07-21,11.390000343322754,11.9399995803833,11.09000015258789,11.199999809265137,0
2025-07-22,11.199999809265137,11.229999542236328,10.6899995803833,10.75,0
2025-07-23,10.75,10.75,10.220000267028809,10.520000457763672,0
2025-07-24,10.520000457763672,11.109999656677246,9.869999885559082,10.720000267028809,0
2025-07-25,10.720000267028809,11.579999923706055,10.609999656677246,11.279999732971191,0
2025-07-28,11.279999732971191,12.229999542236328,10.329999923706055,12.0600004196167,0
2025-07-29,12.0600004196167,12.300000190734863,11.399999618530273,11.529999732971191,0
2025-07-30,11.529999732971191,11.779999732971191,10.609999656677246,11.210000038146973,0
2025-07-31,11.210000038146973,12.119999885559082,11.210000038146973,11.539999961853027,0
2025-08-01,11.539999961853027,12.109999656677246,11.399999618530273,11.979999542236328,0
2025-08-04,11.979999542236328,12.630000114440918,11.800000190734863,11.970000267028809,0
2025-08-05,11.970000267028809,12.180000305175781,11.640000343322754,11.710000038146973,0
2025-08-06,11.710000038146973,12.050000190734863,10.65999984741211,11.960000038146973,0
2025-08-07,11.960000038146973,12.3100004196167,11.5600004196167,11.6899995803833,0
2025-08-08,11.6899995803833,12.199999809265137,10.899999618530273,12.029999732971191,0
2025-08-11,12.029999732971191,12.729999542236328,12.029999732971191,12.220000267028809,0
2025-08-12,12.220000267028809,12.420000076293945,11.600000381469727,12.229999542236328,0
2025-08-13,12.229999542236328,12.350000381469727,10.779999732971191,12.140000343322754,0
2025-08-14,12.140000343322754,12.470000267028809,11.470000267028809,12.359999656677246,0
2025-08-18,12.359999656677246,13.470000267028809,11.75,12.34000015258789,0
2025-08-19,12.34000015258789,12.34000015258789,11.760000228881836,11.789999961853027,0
2025-08-20,11.789999961853027,11.989999771118164,10.1899995803833,11.789999961853027,0
2025-08-21,11.789999961853027,11.890000343322754,10.09000015258789,11.369999885559082,0
2025-08-22,11.369999885559082,11.789999961853027,10.699999809265137,11.729999542236328,0
2025-08-25,11.729999542236328,12.350000381469727,11.550000190734863,11.760000228881836,0
2025-08-26,11.760000228881836,12.550000190734863,10.930000305175781,12.1899995803833,0
2025-08-28,12.1899995803833,13.149999618530273,11.579999923706055,12.180000305175781,0
2025-08-29,12.180000305175781,12.199999809265137,11.59000015258789,11.75,0
2025-09-01,11.75,12.199999809265137,11.239999771118164,11.289999961853027,0
2025-09-02,11.289999961853027,11.779999732971191,10.779999732971191,11.399999618530273,0
2025-09-03,11.399999618530273,11.579999923706055,10.850000381469727,10.930000305175781,0
2025-09-04,10.930000305175781,11.239999771118164,10.489999771118164,10.850000381469727,0
2025-09-05,10.850000381469727,11.4399995803833,9.949999809265137,10.779999732971191,0
2025-09-08,10.779999732971191,11.079999923706055,10.420000076293945,10.84000015258789,0
2025-09-09,10.84000015258789,11.449999809265137,9.850000381469727,10.6899995803833,0
2025-09-10,10.6899995803833,10.84000015258789,10.25,10.539999961853027,0
2025-09-11,10.539999961853027,10.779999732971191,10.180000305175781,10.359999656677246,0
2025-09-12,10.359999656677246,10.359999656677246,9.850000381469727,10.119999885559082,0
2025-09-15,10.119999885559082,10.680000305175781,9.899999618530273,10.399999618530273,0
2025-09-16,10.399999618530273,10.5,9.760000228881836,10.270000457763672,0
2025-09-17,10.270000457763672,10.359999656677246,9.619999885559082,10.25,0
2025-09-18,10.25,10.25,9.489999771118164,9.890000343322754,0
2025-09-19,9.890000343322754,10.260000228881836,9.399999618530273,9.970000267028809,0
2025-09-22,9.970000267028809,10.729999542236328,9.970000267028809,10.5600004196167,0
2025-09-23,10.5600004196167,10.899999618530273,9.960000038146973,10.630000114440918,0
2025-09-24,10.630000114440918,10.890000343322754,10.109999656677246,10.520000457763672,0
2025-09-25,10.520000457763672,10.899999618530273,10.289999961853027,10.779999732971191,0
2025-09-26,10.779999732971191,11.680000305175781,10.170000076293945,11.430000305175781,0
2025-09-29,11.430000305175781,11.729999542236328,10.619999885559082,11.369999885559082,0
2025-09-30,11.369999885559082,11.789999961853027,10.930000305175781,11.069999694824219,0
2025-10-01,11.069999694824219,11.260000228881836,10.149999618530273,10.289999961853027,0
2025-10-03,10.289999961853027,10.619999885559082,9.949999809265137,10.0600004196167,0
2025-10-06,10.0600004196167,10.539999961853027,9.65999984741211,10.1899995803833,0
2025-10-07,10.1899995803833,10.449999809265137,10.0,10.050000190734863,0
2025-10-08,10.050000190734863,10.520000457763672,9.6899995803833,10.3100004196167,0
2025-10-09,10.3100004196167,10.569999694824219,10.0,10.119999885559082,0
2025-10-10,10.119999885559082,10.34000015258789,9.710000038146973,10.100000381469727,0
2025-10-13,10.100000381469727,11.260000228881836,9.779999732971191,11.010000228881836,0
2025-10-14,11.010000228881836,11.670000076293945,10.010000228881836,11.15999984741211,0
2025-10-15,11.15999984741211,11.15999984741211,10.430000305175781,10.529999732971191,0
2025-10-16,10.529999732971191,11.0600004196167,10.380000114440918,10.869999885559082,0
2025-10-17,10.869999885559082,11.8100004196167,9.779999732971191,11.630000114440918,0
2025-10-20,11.630000114440918,11.880000114440918,10.670000076293945,11.359999656677246,0
2025-10-21,11.359999656677246,11.600000381469727,10.699999809265137,11.300000190734863,0
2025-10-23,11.300000190734863,12.050000190734863,10.739999771118164,11.729999542236328,0
2025-10-24,11.729999542236328,11.9399995803833,11.4399995803833,11.59000015258789,0
2025-10-27,11.59000015258789,12.729999542236328,11.279999732971191,11.859999656677246,0
2025-10-28,11.859999656677246,12.640000343322754,10.710000038146973,11.949999809265137,0
2025-10-29,11.949999809265137,12.100000381469727,11.229999542236328,11.970000267028809,0
2025-10-30,11.970000267028809,12.270000457763672,11.710000038146973,12.069999694824219,0
2025-10-31,12.069999694824219,12.289999961853027,11.770000457763672,12.149999618530273,0
2025-11-03,12.149999618530273,12.9399995803833,11.789999961853027,12.670000076293945,0
2025-11-04,12.670000076293945,12.9399995803833,10.979999542236328,12.649999618530273,0
2025-11-06,12.649999618530273,12.869999885559082,12.0600004196167,12.40999984741211,0
2025-11-07,12.40999984741211,12.670000076293945,11.960000038146973,12.5600004196167,0
2025-11-10,12.5600004196167,12.930000305175781,11.40999984741211,12.300000190734863,0
2025-11-11,12.300000190734863,13.010000228881836,11.989999771118164,12.489999771118164,0
2025-11-12,12.489999771118164,12.710000038146973,11.4399995803833,12.109999656677246,0
2025-11-13,12.109999656677246,12.270000457763672,11.229999542236328,12.15999984741211,0
2025-11-14,12.15999984741211,12.449999809265137,11.800000190734863,11.9399995803833,0
2025-11-17,11.9399995803833,12.279999732971191,10.899999618530273,11.789999961853027,0
2025-11-18,11.789999961853027,12.289999961853027,10.9399995803833,12.100000381469727,0
2025-11-19,12.100000381469727,12.380000114440918,10.770000457763672,11.970000267028809,0
2025-11-20,11.970000267028809,12.380000114440918,11.0600004196167,12.140000343322754,0
2025-11-21,12.140000343322754,13.850000381469727,12.140000343322754,13.630000114440918,0
2025-11-24,13.630000114440918,13.630000114440918,11.9399995803833,13.239999771118164,0
2025-11-25,13.239999771118164,13.239999771118164,10.859999656677246,12.239999771118164,0
2025-11-26,12.239999771118164,12.569999694824219,11.59000015258789,11.970000267028809,0
2025-11-27,11.970000267028809,12.239999771118164,11.510000228881836,11.789999961853027,0
2025-11-28,11.789999961853027,11.789999961853027,10.819999694824219,11.619999885559082,0
2025-12-01,11.619999885559082,12.010000228881836,10.899999618530273,11.630000114440918,0
2025-12-02,11.630000114440918,11.9399995803833,11.029999732971191,11.229999542236328,0
2025-12-03,11.229999542236328,11.369999885559082,10.920000076293945,11.210000038146973,0
2025-12-04,11.210000038146973,11.270000457763672,10.579999923706055,10.819999694824219,0
2025-12-05,10.819999694824219,10.869999885559082,10.15999984741211,10.319999694824219,0
2025-12-08,10.319999694824219,11.609999656677246,10.140000343322754,11.130000114440918,0
2025-12-09,11.130000114440918,11.880000114440918,10.460000038146973,10.949999809265137,0
2025-12-10,10.949999809265137,11.420000076293945,10.489999771118164,10.90999984741211,0
2025-12-11,10.90999984741211,11.1899995803833,10.319999694824219,10.399999618530273,0
2025-12-12,10.399999618530273,10.399999618530273,9.960000038146973,10.109999656677246,0
2025-12-15,10.109999656677246,10.84000015258789,10.050000190734863,10.25,0
2025-12-16,10.25,10.430000305175781,9.65999984741211,10.0600004196167,0
2025-12-17,10.0600004196167,10.180000305175781,9.479999542236328,9.84000015258789,0
2025-12-18,9.84000015258789,9.949999809265137,9.609999656677246,9.710000038146973,0
2025-12-19,9.710000038146973,10.3100004196167,9.4399995803833,9.520000457763672,0
2025-12-22,9.520000457763672,9.899999618530273,8.859999656677246,9.680000305175781,0
2025-12-23,9.680000305175781,9.789999961853027,9.319999694824219,9.380000114440918,0
2025-12-24,9.380000114440918,9.680000305175781,8.880000114440918,9.1899995803833,0
2025-12-26,9.1899995803833,9.399999618530273,9.020000457763672,9.149999618530273,0
2025-12-29,9.149999618530273,9.770000457763672,9.050000190734863,9.720000267028809,0
2025-12-30,9.720000267028809,9.989999771118164,9.59000015258789,9.680000305175781,0
2025-12-31,9.680000305175781,9.729999542236328,9.3100004196167,9.479999542236328,0
2026-01-02,9.1899995803833,9.5600004196167,8.970000267028809,9.449999809265137,0
2026-01-05,9.449999809265137,10.220000267028809,9.289999961853027,10.020000457763672,0
2026-01-06,10.020000457763672,10.289999961853027,9.649999618530273,10.020000457763672,0
2026-01-07,10.020000457763672,10.239999771118164,9.75,9.949999809265137,0
2026-01-08,9.949999809265137,10.989999771118164,9.479999542236328,10.600000381469727,0
2026-01-09,10.600000381469727,11.039999961853027,10.220000267028809,10.930000305175781,0
2026-01-12,10.930000305175781,11.949999809265137,10.520000457763672,11.369999885559082,0
2026-01-13,11.369999885559082,11.680000305175781,10.640000343322754,11.199999809265137,0
2026-01-14,11.199999809265137,11.470000267028809,11.010000228881836,11.319999694824219,0
2026-01-16,11.319999694824219,11.579999923706055,10.880000114440918,11.369999885559082,0
2026-01-19,11.369999885559082,12.130000114440918,10.390000343322754,11.829999923706055,0
2026-01-20,11.829999923706055,12.899999618530273,11.0,12.729999542236328,0
2026-01-21,12.729999542236328,14.430000305175781,12.430000305175781,13.779999732971191,0
2026-01-22,13.779999732971191,14.329999923706055,12.90999984741211,13.350000381469727,0
2026-01-23,13.350000381469727,14.430000305175781,12.279999732971191,14.1899995803833,0
2026-01-27,14.1899995803833,16.059999465942383,13.920000076293945,14.449999809265137,0
2026-01-28,14.449999809265137,14.510000228881836,13.4399995803833,13.529999732971191,0
2026-01-29,13.529999732971191,14.1899995803833,13.069999694824219,13.369999885559082,0
2026-01-30,13.369999885559082,14.229999542236328,12.880000114440918,13.630000114440918,0
2026-02-02,15.100000381469727,15.550000190734863,13.579999923706055,13.869999885559082,0
2026-02-03,13.869999885559082,15.470000267028809,11.850000381469727,12.899999618530273,0
2026-02-04,12.899999618530273,13.149999618530273,12.0600004196167,12.25,0
2026-02-05,12.25,12.550000190734863,10.9399995803833,12.170000076293945,0
2026-02-06,12.170000076293945,12.350000381469727,11.15999984741211,11.9399995803833,0
2026-02-09,11.9399995803833,12.279999732971191,10.670000076293945,12.1899995803833,0
2026-02-10,12.1899995803833,12.1899995803833,10.359999656677246,11.670000076293945,0
2026-02-11,11.670000076293945,11.710000038146973,10.5600004196167,11.550000190734863,0
2026-02-12,11.550000190734863,12.109999656677246,10.850000381469727,11.729999542236328,0
2026-02-13,11.729999542236328,13.579999923706055,10.960000038146973,13.289999961853027,0
2026-02-16,13.289999961853027,13.829999923706055,13.239999771118164,13.329999923706055,0
2026-02-17,13.329999923706055,13.479999542236328,11.630000114440918,12.670000076293945,0
2026-02-18,12.670000076293945,12.770000457763672,11.350000381469727,12.220000267028809,0
2026-02-19,12.220000267028809,13.680000305175781,9.729999542236328,13.460000038146973,0
2026-02-20,13.460000038146973,14.779999732971191,13.100000381469727,14.359999656677246,0
2026-02-23,14.359999656677246,14.479999542236328,12.770000457763672,14.170000076293945,0
2026-02-24,14.170000076293945,14.949999809265137,12.350000381469727,14.149999618530273,0
2026-02-25,14.149999618530273,14.149999618530273,12.84000015258789,13.489999771118164,0
2026-02-26,13.489999771118164,13.609999656677246,11.8100004196167,13.0600004196167,0
2026-02-27,13.0600004196167,14.039999961853027,11.199999809265137,13.699999809265137,0
2026-03-02,13.699999809265137,17.809999465942383,12.829999923706055,17.1299991607666,0
2026-03-04,17.1299991607666,21.3700008392334,16.969999313354492,21.139999389648438,0
2026-03-05,21.139999389648438,21.139999389648438,17.299999237060547,17.860000610351562,0
2026-03-06,17.860000610351562,20.139999389648438,17.200000762939453,19.8799991607666,0
2026-03-09,19.8799991607666,24.489999771118164,19.219999313354492,23.360000610351562,0
2026-03-10,23.360000610351562,23.360000610351562,18.780000686645508,18.90999984741211,0
2026-03-11,18.90999984741211,21.389999389648438,17.239999771118164,21.059999465942383,0
2026-03-12,21.059999465942383,22.360000610351562,20.81999969482422,21.520000457763672,0
2026-03-13,21.520000457763672,22.8799991607666,21.25,22.649999618530273,0
2026-03-16,22.649999618530273,22.8799991607666,19.81999969482422,21.600000381469727,0
2026-03-17,21.600000381469727,21.600000381469727,19.6299991607666,19.790000915527344,0
2026-03-18,19.790000915527344,19.790000915527344,18.59000015258789,18.719999313354492,0
2026-03-19,18.719999313354492,23.200000762939453,18.719999313354492,22.799999237060547,0
2026-03-20,22.799999237060547,23.139999389648438,21.690000534057617,22.809999465942383,0
2026-03-23,22.809999465942383,27.170000076293945,22.809999465942383,26.729999542236328,0
2026-03-24,26.729999542236328,26.729999542236328,24.6299991607666,24.739999771118164,0
2026-03-25,24.739999771118164,25.229999542236328,24.139999389648438,24.639999389648438,0
2026-03-27,24.639999389648438,27.09000015258789,23.389999389648438,26.799999237060547,0
2026-03-30,26.799999237060547,28.90999984741211,26.799999237060547,27.889999389648438,0
2026-04-01,27.889999389648438,27.889999389648438,23.649999618530273,25.010000228881836,0
2026-04-02,25.010000228881836,26.600000381469727,25.010000228881836,25.520000457763672,0
2026-04-06,25.520000457763672,26.559999465942383,25.079999923706055,25.469999313354492,0
2026-04-07,25.469999313354492,26.260000228881836,24.549999237060547,24.700000762939453,0
2026-04-08,24.700000762939453,24.700000762939453,19.309999465942383,19.700000762939453,0
2026-04-09,19.700000762939453,20.940000534057617,19.170000076293945,20.43000030517578,0
2026-04-10,20.43000030517578,20.43000030517578,18.3700008392334,18.850000381469727,0
2026-04-13,18.850000381469727,21.510000228881836,18.18000030517578,20.5,0
2026-04-15,20.5,20.5,17.34000015258789,18.670000076293945,0
2026-04-16,18.670000076293945,18.670000076293945,16.829999923706055,18.09000015258789,0
2026-04-17,18.09000015258789,18.469999313354492,16.59000015258789,17.209999084472656,0
2026-04-20,17.209999084472656,19.010000228881836,16.479999542236328,18.790000915527344,0
2026-04-21,18.790000915527344,18.790000915527344,17.450000762939453,17.530000686645508,0
2026-04-22,17.530000686645508,18.729999542236328,17.25,18.299999237060547,0
2026-04-23,18.299999237060547,19.1200008392334,17.489999771118164,18.59000015258789,0
2026-04-24,18.59000015258789,19.899999618530273,18.059999465942383,19.709999084472656,0
2026-04-27,19.709999084472656,19.709999084472656,18.270000457763672,18.3799991607666,0
2026-04-28,18.3799991607666,18.40999984741211,17.270000457763672,18.049999237060547,0
2026-04-29,18.049999237060547,18.049999237060547,16.75,17.440000534057617,0
2026-04-30,17.440000534057617,19.479999542236328,17.190000534057617,18.459999084472656,0
2026-05-04,18.459999084472656,18.8799991607666,16.75,18.299999237060547,0
2026-05-05,18.299999237060547,18.84000015258789,17.709999084472656,17.90999984741211,0
2026-05-06,17.90999984741211,18.079999923706055,16.579999923706055,16.68000030517578,0
2026-05-07,16.68000030517578,17.200000762939453,15.170000076293945,16.6200008392334,0
2026-05-08,16.6200008392334,17.43000030517578,16.15999984741211,16.84000015258789,0
2026-05-11,16.84000015258789,18.969999313354492,16.84000015258789,18.549999237060547,0
2026-05-12,18.549999237060547,19.459999084472656,17.6299991607666,19.280000686645508,0
2026-05-13,19.280000686645508,20.1299991607666,18.360000610351562,19.43000030517578,0
2026-05-14,19.43000030517578,19.43000030517578,18.389999389648438,18.610000610351562,0
2026-05-15,18.610000610351562,19.010000228881836,17.420000076293945,18.790000915527344,0
2026-05-18,18.790000915527344,20.059999465942383,17.719999313354492,19.6299991607666,0
2026-05-19,19.6299991607666,19.6299991607666,18.270000457763672,18.68000030517578,0
2026-05-20,18.68000030517578,19.459999084472656,18.059999465942383,18.440000534057617,0
2026-05-21,18.440000534057617,18.440000534057617,17.43000030517578,17.81999969482422,0
2026-05-22,17.81999969482422,19.030000686645508,16.469999313354492,17.90999984741211,0
2026-05-25,17.90999984741211,17.90999984741211,16.389999389648438,16.700000762939453,0
2026-05-26,16.700000762939453,16.959999084472656,15.359999656677246,16.1299991607666,0
2026-05-27,16.1299991607666,16.329999923706055,14.699999809265137,14.979999542236328,0
2026-05-29,14.979999542236328,16.549999237060547,14.59000015258789,16.190000534057617,0
2026-06-01,16.190000534057617,16.920000076293945,13.90999984741211,16.540000915527344,0
2026-06-02,16.540000915527344,16.540000915527344,15.119999885559082,15.359999656677246,0
2026-06-03,15.359999656677246,16.979999542236328,14.850000381469727,16.280000686645508,0
2026-06-04,16.280000686645508,16.40999984741211,15.529999732971191,15.890000343322754,0
2026-06-05,15.890000343322754,16.3700008392334,13.460000038146973,15.789999961853027,0
2026-06-08,15.789999961853027,18.440000534057617,15.789999961853027,17.030000686645508,0
2026-06-09,17.030000686645508,17.030000686645508,15.520000457763672,15.579999923706055,0
2026-06-10,15.579999923706055,15.850000381469727,14.899999618530273,15.630000114440918,0
2026-06-11,15.630000114440918,15.949999809265137,15.119999885559082,15.609999656677246,0
2026-06-12,15.609999656677246,15.609999656677246,14.399999618530273,14.720000267028809,0
2026-06-15,14.720000267028809,14.720000267028809,13.5600004196167,14.350000381469727,0
2026-06-16,14.350000381469727,14.350000381469727,13.010000228881836,13.359999656677246,0
2026-06-17,13.359999656677246,13.529999732971191,12.350000381469727,13.1899995803833,0
2026-06-18,13.1899995803833,13.229999542236328,11.989999771118164,12.670000076293945,0
2026-06-19,12.670000076293945,13.640000343322754,12.069999694824219,12.970000267028809,0
2026-06-22,12.970000267028809,13.510000228881836,12.649999618530273,12.84000015258789,0
2026-06-23,12.84000015258789,14.239999771118164,12.430000305175781,13.9399995803833,0
2026-06-24,13.9399995803833,14.300000190734863,13.300000190734863,13.390000343322754,0
2026-06-25,13.390000343322754,13.390000343322754,12.430000305175781,13.050000190734863,0
2026-06-29,13.050000190734863,14.069999694824219,12.920000076293945,13.609999656677246,0
2026-06-30,13.609999656677246,13.970000267028809,13.149999618530273,13.600000381469727,0
2026-07-01,13.600000381469727,14.069999694824219,13.149999618530273,13.239999771118164,0
2026-07-02,13.239999771118164,13.289999961853027,12.1899995803833,12.289999961853027,0
2026-07-03,12.289999961853027,12.289999961853027,11.649999618530273,11.800000190734863,0
2026-07-06,11.800000190734863,12.359999656677246,11.699999809265137,11.819999694824219,0
2026-07-07,11.819999694824219,11.9399995803833,11.0600004196167,11.649999618530273,0
2026-07-08,11.649999618530273,15.15999984741211,11.34000015258789,14.680000305175781,0
2026-07-09,14.680000305175781,14.680000305175781,13.069999694824219,13.359999656677246,0
2026-07-10,13.359999656677246,13.359999656677246,12.130000114440918,12.25,0
2026-07-13,12.25,13.520000457763672,9.479999542236328,13.279999732971191,0
2026-07-14,13.279999732971191,13.869999885559082,11.65999984741211,13.75,0
2026-07-15,13.75,13.869999885559082,13.039999961853027,13.270000457763672,0
2026-07-16,13.270000457763672,13.270000457763672,12.779999732971191,12.880000114440918,0
2026-07-17,12.880000114440918,13.350000381469727,12.8100004196167,13.149999618530273,0
2026-07-20,13.149999618530273,13.84000015258789,12.890000343322754,12.979999542236328,0
2026-07-21,12.979999542236328,13.079999923706055,12.100000381469727,12.600000381469727,0
2026-07-22,12.600000381469727,13.430000305175781,11.729999542236328,13.289999961853027,0
2026-07-23,13.289999961853027,13.739999771118164,12.920000076293945,13.479999542236328,0
2026-07-24,13.479999542236328,14.770000457763672,13.180000305175781,14.029999732971191,0
2026-07-27,14.029999732971191,14.329999923706055,12.600000381469727,12.65999984741211,0
2026-07-28,12.65999984741211,12.819999694824219,11.720000267028809,12.5600004196167,0
2026-07-29,12.5600004196167,12.5600004196167,11.5600004196167,12.010000228881836,0
2026-07-30,12.010000228881836,12.319999694824219,11.300000190734863,12.15999984741211,0
2026-07-31,12.15999984741211,12.210000038146973,11.649999618530273,11.760000228881836,0
2026-08-03,11.760000228881836,12.0600004196167,11.699999809265137,11.930000305175781,0
2026-08-04,11.930000305175781,12.550000190734863,11.430000305175781,12.1899995803833,0
2026-08-05,12.1899995803833,12.670000076293945,10.8100004196167,12.0600004196167,0
2026-08-06,12.0600004196167,12.430000305175781,10.100000381469727,12.15999984741211,0
2026-08-07,12.15999984741211,12.550000190734863,11.300000190734863,12.15999984741211,0
2026-08-10,12.15999984741211,12.920000076293945,10.819999694824219,12.25,0
2026-08-11,12.25,12.460000038146973,11.1899995803833,11.859999656677246,0
2026-08-12,11.859999656677246,12.09000015258789,11.260000228881836,11.6899995803833,0
2026-08-13,11.6899995803833,12.199999809265137,10.649999618530273,11.420000076293945,0
2026-08-14,11.420000076293945,11.5600004196167,10.829999923706055,11.3100004196167,0
2026-08-17,11.3100004196167,11.779999732971191,11.09000015258789,11.329999923706055,0
2026-08-18,11.329999923706055,11.789999961853027,10.140000343322754,11.390000343322754,0
2026-08-19,11.390000343322754,11.729999542236328,10.0600004196167,11.319999694824219,0
2026-08-20,11.319999694824219,11.319999694824219,9.329999923706055,10.760000228881836,0
2026-08-21,10.760000228881836,11.350000381469727,9.569999694824219,11.199999809265137,0
2026-08-24,11.199999809265137,11.760000228881836,10.319999694824219,11.529999732971191,0
2026-08-25,11.529999732971191,11.619999885559082,9.449999809265137,11.079999923706055,0
2026-08-26,11.079999923706055,11.079999923706055,10.130000114440918,10.569999694824219,0
2026-08-27,10.569999694824219,11.279999732971191,10.359999656677246,11.069999694824219,0
2026-08-28,11.069999694824219,11.140000343322754,10.529999732971191,10.680000305175781,0
2026-08-31,10.680000305175781,11.4399995803833,10.680000305175781,11.1899995803833,0
2026-09-01,11.1899995803833,12.119999885559082,9.25,11.489999771118164,0
2026-09-02,11.489999771118164,12.109999656677246,10.550000190734863,11.59000015258789,0
2026-09-03,11.59000015258789,11.59000015258789,10.75,11.34000015258789,0
2026-09-04,11.34000015258789,11.34000015258789,10.569999694824219,10.680000305175781,0
2026-09-07,10.680000305175781,11.350000381469727,10.279999732971191,11.15999984741211,0
2026-09-08,11.15999984741211,11.399999618530273,10.449999809265137,11.229999542236328,0
2026-09-09,11.229999542236328,12.050000190734863,10.550000190734863,11.920000076293945,0
2026-09-10,11.920000076293945,11.960000038146973,11.529999732971191,11.800000190734863,0
2026-09-11,11.800000190734863,12.569999694824219,11.020000457763672,12.289999961853027,0
