date,open,high,low,close,volume
2007-09-25,2807.102441266461,2828.0512912367108,2748.3555293689083,2795.953125,0
2007-09-26,2801.8526521187296,2845.400410794312,2797.9529548579017,2804.00244140625,0
2007-09-27,2823.901461968033,2842.450534788841,2772.204230979327,2779.3037109375,0
2007-09-28,2786.50344436851,2843.300507956136,2777.4040691139394,2838.100830078125,0
2007-10-01,2840.900685971296,2907.797071178648,2839.900738544413,2897.59765625,0
2007-10-03,2904.197470569553,2972.2937453560658,2786.8535398019103,2908.09716796875,0
2007-10-04,2903.0973977146964,2931.446005216915,2870.1992246744107,2926.046142578125,0
2007-10-05,2946.045045122184,2946.045045122184,2857.14981698009,2874.098876953125,0
2007-10-08,2878.898667061611,2901.497332266616,2707.757519730107,2757.905029296875,0
2007-10-09,2739.1561479935635,2847.0503821426214,2686.708952121076,2844.1005859375,0
2007-10-10,2845.9503551097355,2914.4965531699336,2845.9503551097355,2890.747802734375,0
2007-10-11,2890.498053543127,2948.645145340736,2877.2487495792,2941.745361328125,0
2007-10-12,2924.246061236561,2985.8429183554213,2897.8975938824647,2914.3466796875,0
2007-10-15,2927.9462732217507,3016.7914591105814,2927.9462732217507,3011.291748046875,0
2007-10-16,3000.4922217789494,3065.988779832261,3000.4922217789494,3061.5390625,0
2007-10-17,2968.493760612513,2986.7928469151134,2773.454214936747,2975.193603515625,0
2007-10-18,2988.2426833114923,3084.2876789686165,2836.600759234262,2886.298095703125,0
2007-10-19,2887.4981253810784,2889.9481919095447,2736.256075190224,2791.453369140625,0
2007-10-22,2784.353684369858,2829.8012473074914,2704.8578618137785,2801.502685546875,0
2007-10-23,2819.301825555769,2971.0938992553592,2819.301825555769,2959.994384765625,0
2007-10-24,2980.493301661494,3032.790602691791,2956.9945363304937,3010.99169921875,0
2007-10-25,3017.4912225853145,3062.689041095897,3009.4418411878264,3031.640625,0
2007-10-26,3042.4401541621396,3131.985251392794,3028.6408307753995,3125.435791015625,0
2007-10-29,3154.434356908616,3210.38136850449,3147.5345729536903,3206.131591796875,0
2007-10-30,3213.081185563571,3251.3792222229704,3178.7328925575594,3201.6318359375,0
2007-10-31,3195.1320469437132,3253.3289380895126,3195.1320469437132,3208.431396484375,0
2007-11-01,3230.0801714004665,3281.977345135678,3119.985862195697,3138.98486328125,0
2007-11-02,3136.885087921687,3205.5313803293693,3061.8890317758783,3194.08203125,0
2007-11-05,3190.5322061124753,3295.226652880991,3190.5322061124753,3273.727783203125,0
2007-11-06,3285.2772769243393,3357.3735851970055,3177.032966247742,3214.3310546875,0
2007-11-07,3258.07865241713,3273.377896633459,3141.7346734773687,3193.83203125,0
2007-11-08,3170.3832656566597,3194.2819107732885,3127.835455125354,3160.433837890625,0
2007-11-12,3120.5859763989547,3120.5859763989547,3038.7401807046576,3112.036376953125,0
2007-11-13,3110.6865372929205,3242.9295839337515,3110.6865372929205,3227.0302734375,0
2007-11-14,3274.8277880760547,3321.12540227197,3274.8277880760547,3296.276611328125,0
2007-11-15,3308.825953166639,3355.6735866007252,3308.676058707455,3327.875,0
2007-11-16,3324.1252474620283,3402.521027310868,3303.0763055067,3365.972900390625,0
2007-11-19,3402.621238326008,3474.5173624702,3382.5722430888222,3465.767822265625,0
2007-11-20,3459.368199801022,3503.9159068844338,3370.472726295769,3399.67138671875,0
2007-11-21,3395.021516327388,3427.519808288825,3174.2831178508586,3200.53173828125,0
2007-11-22,3203.9316324314727,3238.529666755461,3037.490188739931,3129.4853515625,0
2007-11-23,3163.23352324989,3220.8806376234256,3144.184720487325,3207.38134765625,0
2007-11-26,3226.1303932949627,3294.826731868298,3223.730373022696,3272.977783203125,0
2007-11-27,3266.828327922892,3286.677382509814,3230.780173428028,3284.62744140625,0
2007-11-28,3294.8268394098104,3346.874152876122,3243.279499667233,3256.428955078125,0
2007-11-29,3272.227793502867,3317.8254928642305,3201.7815475809,3212.0810546875,0
2007-11-30,3220.330623646216,3366.372991237036,3220.330623646216,3360.67333984375,0
2007-12-03,3374.922775509654,3456.1184605711237,3374.922775509654,3452.468505859375,0
2007-12-04,3459.668168516597,3514.815170915551,3459.668168516597,3495.966064453125,0
2007-12-05,3510.11560479683,3586.811525872133,3509.1657035388716,3582.211669921875,0
2007-12-06,3604.810563179793,3643.308540068121,3534.664347098023,3558.6630859375,0
2007-12-07,3568.262304668184,3610.660221546048,3474.217201450359,3542.263671875,0
2007-12-10,3571.312340493217,3593.811158261969,3533.664416411291,3586.861572265625,0
2007-12-11,3600.860801816571,3667.457155291075,3600.860801816571,3628.00927734375,0
2007-12-12,3597.210676648009,3724.7039700607897,3580.5116039049894,3722.2041015625,0
2007-12-13,3730.453676409512,3761.6522306440143,3715.6546501669422,3731.65380859375,0
2007-12-14,3735.1037553950414,3781.1013380529794,3727.804090191157,3753.602783203125,0
2007-12-17,3754.702563566844,3756.252530932148,3517.515078439195,3558.212890625,0
2007-12-18,3567.8123895739304,3595.06095673085,3486.1667804961467,3565.71240234375,0
2007-12-19,3596.5107475228447,3659.857512660451,3490.166488519031,3545.5634765625,0
2007-12-20,3558.262791375401,3580.111739806599,3505.1657306931484,3518.31494140625,0
2007-12-24,3534.914328275977,3609.660400166223,3534.914328275977,3605.010498046875,0
2007-12-26,3617.059824681729,3695.705592041662,3614.6600485117824,3686.90625,0
2007-12-27,3694.305714299028,3724.6542159098058,3656.657791881565,3667.4072265625,0
2007-12-28,3661.3575079160246,3753.952492111275,3651.75791507646,3751.20263671875,0
2007-12-31,3762.002130264016,3829.898706478656,3762.002130264016,3811.799560546875,0
2008-01-01,3808.7996369598486,3852.1972563588943,3803.449820732276,3838.09814453125,0
2008-01-02,3840.5980755984174,3933.793125735376,3801.750020922692,3927.493408203125,0
2008-01-03,3915.394136367209,3969.291203566131,3899.9947999333863,3931.09326171875,0
2008-01-04,3937.043054453869,3994.73997286229,3937.043054453869,3966.54150390625,0
2008-01-07,3938.2428838602714,4002.7394927186383,3922.843791179312,3983.990478515625,0
2008-01-08,4005.38947204743,4047.337217374041,3850.79750369488,3899.89501953125,0
2008-01-09,3898.0450433848114,3938.192834784398,3835.248296367869,3872.496337890625,0
2008-01-10,3878.195946278975,3918.0939945070936,3693.455661853417,3704.55517578125,0
2008-01-11,3694.655861896907,3740.9034305658297,3615.809909336721,3701.205322265625,0
2008-01-14,3713.25465811339,3760.752160053527,3701.8053091028514,3755.402587890625,0
2008-01-15,3771.951588576648,3806.199787946583,3711.9547429650834,3724.154296875,0
2008-01-16,3698.3055473007735,3698.3055473007735,3542.0637623161183,3645.00830078125,0
2008-01-17,3670.4072152213607,3703.6054218045447,3628.5092705029265,3651.608154296875,0
2008-01-18,3635.409008461442,3635.409008461442,3422.5200521290294,3441.718994140625,0
2008-01-21,3413.4705211715486,3413.4705211715486,2796.7031282061475,2926.84619140625,0
2008-01-22,2852.549970369025,2852.549970369025,2209.0838024047403,2600.313232421875,0
2008-01-23,2672.3094085018975,2954.994492639154,2664.109888560935,2896.69775390625,0
2008-01-24,2940.4952507860316,3035.790287694516,2691.6584845194034,2757.35498046875,0
2008-01-25,2779.454058557869,2976.7935433896328,2779.454058557869,2969.14404296875,0
2008-01-28,2922.3964679468177,2971.743728112844,2822.7515581075177,2963.894287109375,0
2008-01-29,2992.1426777890915,3044.389929857181,2922.8963197849725,2961.544189453125,0
2008-01-30,2946.195087799824,2968.143884167054,2843.950467254843,2858.399658203125,0
2008-01-31,2845.150472744307,2891.698074458284,2748.655545703869,2777.053955078125,0
2008-02-01,2782.003613966347,2832.800991674304,2742.005717208552,2804.302490234375,0
2008-02-04,2836.70094952496,2947.744915740112,2836.70094952496,2920.696533203125,0
2008-02-05,2917.296654005551,2979.2933962206803,2892.49790829394,2968.843994140625,0
2008-02-06,2967.844051011246,2970.29387345421,2831.6512562560333,2945.6953125,0
2008-02-07,2949.7449331251705,3015.641617629633,2847.4505026270726,2853.300048828125,0
2008-02-08,2852.600087157538,2879.748562766021,2734.9563673503844,2796.653076171875,0
2008-02-11,2795.403188006793,2795.403188006793,2569.215119974205,2588.4140625,0
2008-02-12,2600.6634387849867,2636.861488512384,2514.117936098696,2533.016845703125,0
2008-02-13,2551.3157654572465,2597.4634848156716,2500.918513742371,2548.416015625,0
2008-02-14,2575.2147296487615,2743.40583973442,2575.2147296487615,2730.95654296875,0
2008-02-15,2702.0078911127657,2809.152406331388,2676.7094160540933,2801.052734375,0
2008-02-18,2814.501949930065,2843.7504124002658,2779.003815991873,2805.152587890625,0
2008-02-19,2819.751609860944,2874.1488955583877,2817.7517150366507,2827.1513671875,0
2008-02-20,2810.002074174064,2816.701917022232,2744.8555990463537,2761.254638671875,0
2008-02-21,2769.4545961289055,2821.7018511640963,2759.304982884624,2802.102783203125,0
2008-02-22,2791.153355698328,2791.153355698328,2754.055207789273,2763.954833984375,0
2008-02-25,2776.2040730573117,2789.35328377027,2714.707307704427,2780.3037109375,0
2008-02-26,2789.6033387819107,2822.9516831749843,2789.6033387819107,2814.10205078125,0
2008-02-27,2813.1020022554667,2870.399036677482,2813.1020022554667,2826.101318359375,0
2008-02-28,2826.1014010938684,2841.7504805952053,2793.503017489402,2809.102294921875,0
2008-02-29,2808.202473471624,2824.65155993271,2744.605719028375,2800.452880859375,0
2008-03-03,2782.703795771348,2782.703795771348,2677.309190455041,2688.65869140625,0
2008-03-04,2694.3083595378816,2705.557768357525,2571.164928643301,2624.81201171875,0
2008-03-05,2626.7617797078883,2635.911445076729,2584.414152951414,2600.063232421875,0
2008-03-07,2585.414082881198,2585.414082881198,2422.022529096723,2483.66943359375,0
2008-03-10,2443.221751659026,2496.568802776354,2346.4768338104714,2486.41943359375,0
2008-03-11,2471.570077971354,2583.964318493415,2463.9205775846863,2578.614501953125,0
2008-03-12,2607.5128475302995,2675.5092735354524,2541.7165011981365,2559.3154296875,0
2008-03-13,2523.867302129204,2523.867302129204,2385.124596831887,2400.673828125,0
2008-03-14,2404.1234920836737,2451.2709134724896,2383.3745839165795,2440.421630859375,0
2008-03-17,2392.274023161712,2392.274023161712,2242.382007993127,2254.931396484375,0
2008-03-18,2264.3808328912587,2288.479662303323,2217.4333524148738,2240.68212890625,0
2008-03-19,2282.230034822833,2340.2767858052785,2214.683539459301,2222.93310546875,0
2008-03-24,2227.8327425245634,2255.681375034672,2133.3377140084,2176.385498046875,0
2008-03-25,2195.9347089702796,2324.027834488561,2195.9347089702796,2314.7783203125,0
2008-03-26,2319.5780024059577,2350.9764981556714,2302.5788961116373,2331.177490234375,0
2008-03-27,2319.8280405040773,2342.12691749061,2295.279281752424,2308.9287109375,0
2008-03-28,2320.077928895527,2425.272347467719,2319.4781069269634,2418.472900390625,0
2008-03-31,2398.8237619114634,2419.1227429190003,2356.1260568369926,2371.5751953125,0
2008-04-01,2372.1251915287708,2405.72352142158,2330.8273155727948,2371.125244140625,0
2008-04-02,2382.174740280737,2451.2709591566895,2382.174740280737,2394.8740234375,0
2008-04-03,2393.474184678912,2411.673178460268,2380.6748091847576,2399.32373046875,0
2008-04-04,2404.2735095661214,2407.5233387224416,2333.8272617569874,2340.626953125,0
2008-04-07,2349.4764651944065,2382.7745176957214,2318.2281095229187,2370.8251953125,0
2008-04-08,2370.475424126222,2388.2244906262363,2359.675943289389,2381.32470703125,0
2008-04-09,2383.224724798841,2414.923008438337,2370.2752107135734,2408.623291015625,0
2008-04-10,2407.6734116892276,2449.3211234754726,2403.2734966285384,2418.32275390625,0
2008-04-11,2420.672896511928,2453.42117632097,2413.1732904487885,2435.47216796875,0
2008-04-15,2434.12190998448,2483.1693778034582,2409.873186017294,2477.4697265625,0
2008-04-16,2484.5192413520845,2542.266204436396,2484.5192413520845,2502.218505859375,0
2008-04-17,2516.36780344835,2578.4646388678557,2516.36780344835,2574.564697265625,0
2008-04-21,2579.7642211333064,2649.8606321092734,2579.7642211333064,2645.910888671875,0
2008-04-22,2622.0121145154394,2671.6596520010485,2621.4623387188867,2666.7099609375,0
2008-04-23,2668.7596430523713,2705.3578172555326,2667.159873614205,2685.0087890625,0
2008-04-24,2694.758290195956,2720.9571087352674,2625.862008418278,2634.16162109375,0
2008-04-25,2641.2609596983343,2666.8096645454243,2613.912544836885,2663.9599609375,0
2008-04-28,2673.1595814617954,2696.0582805403255,2658.4604026923403,2676.159423828125,0
2008-04-29,2679.159273596406,2734.50621893142,2670.109700274084,2732.056396484375,0
2008-04-30,2738.5059907459336,2763.554723234738,2730.306470468155,2741.005859375,0
2008-05-02,2760.454945821421,2790.803203547446,2760.454945821421,2781.15380859375,0
2008-05-05,2781.853788914183,2822.9517265093596,2778.4540652560595,2787.053466796875,0
2008-05-06,2788.803276828744,2802.4527054349555,2726.4066561733885,2748.055419921875,0
2008-05-07,2748.455528267605,2768.2542915356344,2722.8567771115136,2733.80615234375,0
2008-05-08,2728.9066904992483,2728.9066904992483,2688.9087917187394,2709.40771484375,0
2008-05-09,2706.8076967947654,2717.107204339506,2600.2632473353397,2615.41259765625,0
2008-05-12,2601.613232498796,2628.311780120905,2532.6669058536936,2619.26220703125,0
2008-05-13,2620.7124287190095,2689.758606334043,2615.512506564201,2625.862060546875,0
2008-05-14,2623.612174714397,2678.4093449022625,2611.112831337959,2672.259521484375,0
2008-05-15,2688.458679783307,2717.806989523843,2684.1088109381617,2715.1572265625,0
2008-05-16,2721.256952087492,2753.5553042519796,2720.1071101460498,2746.705810546875,0
2008-05-20,2738.6559786247044,2757.1049592663576,2706.457721279846,2728.8564453125,0
2008-05-21,2721.5068853102193,2774.304159605754,2696.4583969377804,2768.904541015625,0
2008-05-22,2763.35470666996,2763.35470666996,2709.207651302737,2716.357177734375,0
2008-05-23,2709.9576161198893,2743.0056832380083,2660.710205402725,2665.35986328125,0
2008-05-26,2652.2105907959904,2652.2105907959904,2585.763890594532,2594.5634765625,0
2008-05-27,2597.8634526420906,2633.461679205471,2556.8155613488807,2563.96533203125,0
2008-05-28,2570.5648744445957,2605.762976044644,2547.566082973318,2601.813232421875,0
2008-05-29,2616.3624473698837,2625.6119610859823,2573.164767272691,2591.2138671875,0
2008-05-30,2601.913137497431,2623.0619270027573,2570.564689380393,2593.613525390625,0
2008-06-02,2590.9138481656687,2608.012802813525,2502.5683947044754,2521.8173828125,0
2008-06-03,2509.017889646723,2509.017889646723,2445.271243694812,2501.018310546875,0
2008-06-04,2501.1685580867957,2521.467539762473,2391.3742813330064,2400.923828125,0
2008-06-05,2396.723973846741,2423.9725399340355,2358.5758348478626,2417.122802734375,0
2008-06-06,2423.5224139444344,2452.2210995743862,2391.224308285492,2399.423828125,0
2008-06-09,2347.1264879069963,2347.1264879069963,2260.5309471404325,2319.72802734375,0
2008-06-10,2313.978442435033,2340.526851365121,2255.8813991757124,2280.080078125,0
2008-06-11,2289.6795805132783,2327.077515216573,2289.6795805132783,2320.1279296875,0
2008-06-12,2299.578993714987,2356.025975785379,2253.031393282585,2353.226318359375,0
2008-06-13,2359.676101052858,2368.1756545929597,2324.2280118788176,2337.877197265625,0
2008-06-16,2345.826545366884,2390.67428373904,2345.826545366884,2352.92626953125,0
2008-06-17,2353.07625904603,2407.673486737003,2348.926574835143,2405.823486328125,0
2008-06-18,2413.173182914095,2447.471428606697,2375.2252267511894,2382.32470703125,0
2008-06-19,2372.0753144280047,2372.0753144280047,2322.5779151863508,2327.877685546875,0
2008-06-20,2336.4773827057024,2344.426916357324,2230.632844147696,2240.5322265625,0
2008-06-23,2225.032824352988,2225.032824352988,2142.2373762415364,2148.237060546875,0
2008-06-24,2147.937051245374,2163.1362028279927,2080.7904371760087,2097.6396484375,0
2008-06-25,2086.740456206491,2128.888144027787,2043.4926064633053,2123.488525390625,0
2008-06-26,2134.237957430434,2165.6862562001893,2103.339434461062,2109.4892578125,0
2008-06-27,2080.0405723324557,2080.0405723324557,2029.2933617512704,2039.0927734375,0
2008-06-30,2045.2424163447392,2057.9418217255547,1947.1475995624596,1956.7470703125,0
2008-07-01,1957.846990886865,1963.446794057727,1835.1034457888288,1847.702880859375,0
2008-07-02,1843.2031712936505,1957.147133646543,1777.1565938297706,1948.5975341796875,0
2008-07-03,1942.24780898082,1942.24780898082,1849.552733778479,1884.350830078125,0
2008-07-04,1888.1507729901437,1961.646910585682,1866.751873141384,1953.497314453125,0
2008-07-07,1961.2968522388987,2020.4936894168632,1961.2968522388987,1970.1463623046875,0
2008-07-08,1947.4476779225045,1987.24551263932,1907.799737669981,1971.54638671875,0
2008-07-09,1995.345137343056,2053.6921700779612,1995.345137343056,2049.642333984375,0
2008-07-10,2046.2923921554475,2064.4414619525737,2020.8937036786233,2042.2926025390625,0
2008-07-11,2052.492219359619,2066.9914572845787,1979.046006425534,1985.74560546875,0
2008-07-14,1982.0956884378863,2011.2942257707089,1956.19714841615,1979.495849609375,0
2008-07-15,1971.846312142973,1971.846312142973,1889.5507107913315,1897.500244140625,0
2008-07-16,1899.2501647868469,1920.299107435373,1837.9034131407657,1858.2523193359375,0
2008-07-17,1883.650922703128,1923.5987726762387,1882.2509719244388,1903.0499267578125,0
2008-07-18,1908.5996491033204,1949.2475373610253,1901.150089425935,1944.1978759765625,0
2008-07-21,1954.697271225321,1964.596653061497,1924.948835392298,1959.447021484375,0
2008-07-22,1967.8965506504655,2011.44431023864,1958.6470368834348,1999.3448486328125,0
2008-07-23,2037.1928816970808,2155.636602102188,2037.1928816970808,2144.13720703125,0
2008-07-24,2159.336499175158,2206.4341223123197,2122.5383837278077,2156.086669921875,0
2008-07-25,2144.237394034223,2167.3360334583795,2108.8891543227414,2145.937255859375,0
2008-07-28,2142.7871347439827,2169.785713900578,2134.887648123349,2157.1865234375,0
2008-07-29,2137.1876260859895,2142.4873961296626,2076.490867753118,2083.890380859375,0
2008-07-30,2098.539634229411,2154.986863512854,2098.539634229411,2151.237060546875,0
2008-07-31,2156.636672723376,2169.0359235093824,2107.839188113001,2123.238525390625,0
2008-08-01,2104.639419399982,2164.1863395524306,2080.540587928913,2160.6865234375,0
2008-08-04,2155.0866368899046,2217.2833177653033,2155.0866368899046,2205.533935546875,0
2008-08-05,2203.434130064102,2240.2820450762315,2201.034109840538,2236.832275390625,0
2008-08-06,2252.681673191041,2283.130024339705,2208.5338466203757,2216.133544921875,0
2008-08-07,2212.2338663359956,2252.9817254332943,2203.4843260390294,2230.432861328125,0
2008-08-08,2229.282692181122,2250.0316012548724,2206.7340730441692,2242.781982421875,0
2008-08-11,2263.5810577431566,2291.479738863681,2263.5810577431566,2286.8798828125,0
2008-08-12,2288.5297058961405,2299.1292468512183,2242.382227275789,2254.481689453125,0
2008-08-13,2250.231722251119,2261.681071119997,2231.8825898670048,2236.932373046875,0
2008-08-14,2236.5322235486005,2237.1823358262563,2180.585216119882,2185.43505859375,0
2008-08-18,2179.085353006176,2195.184604002321,2152.9368258142745,2158.6865234375,0
2008-08-19,2152.136748231708,2166.436044588783,2121.888339991954,2157.33642578125,0
2008-08-20,2166.736091298574,2197.984447115305,2166.736091298574,2185.43505859375,0
2008-08-21,2182.9352431068796,2182.9352431068796,2125.1382339600013,2130.738037109375,0
2008-08-22,2129.8380508641653,2139.787479299533,2113.6889969812164,2132.887939453125,0
2008-08-25,2146.987161777617,2165.336050104506,2131.43793087057,2134.98779296875,0
2008-08-26,2138.437654543593,2138.437654543593,2112.38897480973,2132.087890625,0
2008-08-27,2145.6372689791515,2148.037045239508,2110.68915396884,2114.288818359375,0
2008-08-28,2113.3388061364453,2123.138339586019,2070.291021283959,2075.040771484375,0
2008-08-29,2092.589878000988,2153.536623288337,2092.589878000988,2148.93701171875,0
2008-09-01,2146.5870983780273,2160.186481072218,2129.6880844682637,2154.73681640625,0
2008-09-02,2154.8366777262613,2202.934247034327,2154.8366777262613,2196.784423828125,0
2008-09-04,2191.9347039467452,2201.1341710205143,2170.0357098401637,2189.834716796875,0
2008-09-05,2171.6858424507714,2174.38565164289,2150.1869730507615,2158.736572265625,0
2008-09-08,2189.6849057410836,2225.6329666087004,2179.3353523090404,2182.13525390625,0
2008-09-09,2176.685688265868,2181.785273855132,2163.136351304321,2165.436279296875,0
2008-09-10,2164.486329726511,2177.435600269601,2137.1877157454237,2145.937255859375,0
2008-09-11,2137.237689162853,2141.18743259709,2111.938970926461,2121.33837890625,0
2008-09-12,2125.6884076413166,2139.037560059258,2064.441624323288,2077.890869140625,0
2008-09-15,2053.092033868623,2053.092033868623,1937.498134280113,1973.9962158203125,0
2008-09-16,1954.147267041339,1965.4966459704656,1892.9004868922889,1959.7469482421875,0
2008-09-17,1963.8967481379825,1975.546160084268,1916.3992453189628,1924.798828125,0
2008-09-18,1894.3004201997735,1916.9492537154745,1812.304731615243,1910.6495361328125,0
2008-09-19,1934.0482942200545,1991.4952237056048,1934.0482942200545,1979.5958251953125,0
2008-09-22,1984.995572511222,1999.794842955073,1947.597515090052,1954.197265625,0
2008-09-23,1949.0475377007672,1957.3970742432532,1907.249686727895,1912.8994140625,0
2008-09-24,1917.0991727816256,1946.3476352435544,1917.0991727816256,1925.048828125,0
2008-09-25,1925.4988022351488,1932.8984378429816,1899.3501517749849,1907.3497314453125,0
2008-09-26,1905.9497928601295,1906.3997203651072,1835.7034879266655,1842.60302734375,0
2008-09-29,1843.053163652902,1846.7029962517904,1730.2091185307831,1762.9573974609375,0
2008-09-30,1749.6580015427437,1808.2049719229965,1689.661156226233,1792.2557373046875,0
2008-10-01,1797.2055812612675,1827.5039154300416,1771.556905033557,1804.4552001953125,0
2008-10-03,1804.4051721495791,1808.9049356711496,1739.8585154757216,1744.4083251953125,0
2008-10-06,1732.9589022449516,1732.9589022449516,1613.7151739796027,1622.314697265625,0
2008-10-07,1638.9138527441698,1665.612400543547,1571.4674467999944,1597.7659912109375,0
2008-10-08,1584.716677629092,1584.716677629092,1437.174390931273,1510.5205078125,0
2008-10-10,1507.170726082037,1507.170726082037,1343.9793584228776,1373.927734375,0
2008-10-13,1382.227359651724,1475.1223767917188,1382.227359651724,1467.0228271484375,0
2008-10-14,1489.3216815735714,1558.9680423776813,1484.4219149021064,1489.8216552734375,0
2008-10-15,1481.1721065945258,1481.1721065945258,1399.9263792285813,1408.9759521484375,0
2008-10-16,1373.577793689289,1413.7257068921176,1329.1801039644752,1399.7763671875,0
2008-10-17,1408.6258704128015,1437.2743881784438,1343.179361125098,1348.5791015625,0
2008-10-20,1359.0786086735643,1372.3778365945298,1325.3303820475105,1342.7294921875,0
2008-10-21,1359.6284834728842,1416.4755930098338,1356.4287004948426,1402.67626953125,0
2008-10-22,1395.2266634421478,1395.2266634421478,1347.0291252683007,1350.72900390625,0
2008-10-23,1326.480331128884,1349.5790926806042,1294.631907375199,1305.2813720703125,0
2008-10-24,1293.431945685403,1293.431945685403,1180.0378875341444,1190.1873779296875,0
2008-10-27,1186.8875968793589,1194.2872325463757,1063.3441605959474,1143.18994140625,0
2008-10-29,1242.7845872053938,1255.4339460808744,1179.2380039137083,1187.887451171875,0
2008-10-31,1193.887232315357,1282.7825867615786,1193.887232315357,1254.7840576171875,0
2008-11-03,1278.9828542637813,1344.7294001044936,1278.9828542637813,1338.3297119140625,0
2008-11-04,1335.8297801611682,1390.3768385764547,1305.881281752786,1385.8770751953125,0
2008-11-05,1390.0268952931092,1433.4246380824334,1348.029103315807,1358.278564453125,0
2008-11-06,1338.129551490571,1354.7786999844009,1290.4821559007155,1320.2305908203125,0
2008-11-07,1316.3308740722491,1345.8293244406436,1298.2318492759466,1336.1297607421875,0
2008-11-10,1348.3790259121563,1396.076590243961,1348.3790259121563,1392.4267578125,0
2008-11-11,1385.177131608271,1385.177131608271,1323.6803666965884,1329.6300048828125,0
2008-11-12,1320.530591859298,1334.6298266388826,1286.4824540692682,1305.681396484375,0
2008-11-14,1309.331202911448,1344.0793764663806,1280.1827106101423,1284.282470703125,0
2008-11-17,1288.7821978537029,1293.4319777334008,1224.9856261910793,1244.134521484375,0
2008-11-18,1234.735148156772,1234.735148156772,1205.6365799917755,1212.2862548828125,0
2008-11-19,1215.78605194195,1226.8854439436443,1181.737915368321,1186.3875732421875,0
2008-11-20,1167.9386197322497,1167.9386197322497,1134.1403471507404,1142.7899169921875,0
2008-11-21,1149.9896452088478,1167.2886633295184,1125.2409451432104,1159.6890869140625,0
2008-11-24,1162.438923880558,1178.8380866603409,1144.939843306012,1154.6893310546875,0
2008-11-25,1165.8886395526597,1179.9379495572675,1136.34026668132,1139.7401123046875,0
2008-11-26,1136.990252146362,1163.6887991861277,1125.6407513839586,1160.5389404296875,0
2008-11-28,1147.7397493014505,1172.78836006461,1137.5902581176038,1166.388671875,0
2008-12-01,1157.7890944584926,1191.8373528945929,1145.039764868642,1146.7896728515625,0
2008-12-02,1134.8902891671205,1140.7900034289296,1112.4915643405627,1137.7901611328125,0
2008-12-03,1140.8899850659072,1157.4391640557185,1140.8899850659072,1151.939453125,0
2008-12-04,1154.4393581755269,1197.4370995367635,1154.4393581755269,1192.1373291015625,0
2008-12-05,1192.8871898322122,1213.386111323041,1162.8887681383164,1167.03857421875,0
2008-12-08,1185.2876953750024,1206.7366415955391,1161.9889928331456,1166.23876953125,0
2008-12-10,1171.3383945368455,1209.536335927048,1171.238424210839,1206.4365234375,0
2008-12-11,1209.336468201415,1251.334261023577,1208.8864186114106,1244.984619140625,0
2008-12-12,1235.6349899874267,1260.4837812652345,1209.0364127716346,1253.8341064453125,0
2008-12-15,1260.7337841283515,1316.430807841154,1259.483849825426,1305.2314453125,0
2008-12-16,1303.2314901973482,1338.1796028664162,1303.2314901973482,1331.929931640625,0
2008-12-17,1338.579682823036,1349.7790454748567,1266.0834924560666,1272.983154296875,0
2008-12-18,1271.7830873650669,1319.3805596072598,1256.4839652500189,1313.680908203125,0
2008-12-19,1312.531004218273,1341.8794375918117,1311.381040232946,1335.7298583984375,0
2008-12-22,1340.2795523997113,1369.2281045791642,1322.5304850005828,1328.880126953125,0
2008-12-23,1321.4305335176434,1327.630158780477,1288.5322385390448,1291.0821533203125,0
2008-12-24,1284.232498364671,1285.1323533761638,1268.1332475269346,1274.0830078125,0
2008-12-26,1280.2327031860714,1300.78154898789,1253.1340310343178,1257.73388671875,0
2008-12-29,1259.2338664122196,1278.0828513391596,1238.4849569268522,1272.7830810546875,0
2008-12-30,1277.5828461583358,1313.6809236240172,1276.5828987378798,1309.3311767578125,0
2008-12-31,1316.380694147771,1340.7295107714235,1310.2311153438066,1317.880615234375,0
2009-01-02,1365.228305457973,1402.8263052518723,1363.3283808858134,1391.4268798828125,0
2009-01-05,1394.426705124338,1422.1252003876602,1394.426705124338,1414.32568359375,0
2009-01-06,1402.8761438398762,1435.6244209059107,1389.1769134042213,1408.3758544921875,0
2009-01-07,1415.7754951791374,1430.4747951279294,1276.7828072367167,1294.7818603515625,0
2009-01-09,1286.5323813730822,1292.432095817058,1203.2867550854455,1245.3345947265625,0
2009-01-12,1243.184667875404,1248.7843491856104,1212.6862706341417,1224.1356201171875,0
2009-01-13,1224.285605397179,1240.0347773410735,1182.2378894138812,1191.037353515625,0
2009-01-14,1193.0872934880565,1235.4850886830434,1193.0872934880565,1230.4853515625,0
2009-01-15,1211.4863329769269,1213.2861650759462,1181.0378611150022,1206.9365234375,0
2009-01-16,1209.486482193054,1229.435384916155,1209.236495331542,1219.3858642578125,0
2009-01-19,1221.0357707234052,1229.885280981788,1217.0860272381055,1223.4356689453125,0
2009-01-20,1215.3859973717017,1215.9360172576949,1201.7368132501426,1208.6363525390625,0
2009-01-21,1208.6364035911154,1209.436410356553,1165.938697375561,1170.138427734375,0
2009-01-22,1185.387690862185,1188.887507040773,1148.2896637819329,1155.08935546875,0
2009-01-23,1154.6893262903116,1155.5893034146402,1126.6907974865628,1133.6904296875,0
2009-01-27,1132.6403550689688,1143.8897631592074,1129.7905294322195,1136.7901611328125,0
2009-01-28,1139.6399944682676,1164.2887221075025,1139.3400834888355,1160.138916015625,0
2009-01-29,1161.5389349637687,1177.0881666563262,1147.739733374803,1156.7891845703125,0
2009-01-30,1146.3896547032343,1173.3383105313912,1141.889891376548,1172.038330078125,0
2009-02-02,1166.438649548986,1173.8882089010028,1144.0898494290427,1148.839599609375,0
2009-02-03,1151.389421795764,1163.2888206498071,1128.490723253187,1137.7901611328125,0
2009-02-04,1141.0400082798749,1151.5895026797984,1125.5908690368144,1128.8406982421875,0
2009-02-05,1132.7904493497615,1138.690163743738,1113.2415498537953,1119.691162109375,0
2009-02-06,1127.2907365282394,1147.83970550933,1127.2907365282394,1138.240234375,0
2009-02-09,1141.8399837198915,1171.2883864238852,1141.8399837198915,1170.0384521484375,0
2009-02-10,1171.138356846179,1195.787084896089,1171.138356846179,1186.03759765625,0
2009-02-11,1169.33853289584,1193.937214921135,1165.288697034746,1190.83740234375,0
2009-02-12,1187.03759765625,1204.6866946235898,1184.5877752206943,1187.03759765625,0
2009-02-13,1193.5372014115344,1206.036544007717,1191.9373099720017,1195.287109375,0
2009-02-16,1196.8371400367648,1203.0868116656811,1163.6388111056222,1166.2886962890625,0
2009-02-17,1166.1385968711204,1166.1385968711204,1125.4407869418706,1127.5906982421875,0
2009-02-18,1124.8409238308338,1132.3904539266632,1114.4414458186695,1119.8411865234375,0
2009-02-19,1117.6411643479116,1134.4403295564998,1113.8414374519898,1116.291259765625,0
2009-02-20,1113.6413749711874,1113.6413749711874,1096.3922822527768,1104.69189453125,0
2009-02-24,1101.742180638327,1101.742180638327,1073.1936313015535,1085.343017578125,0
2009-02-25,1090.7926747097226,1105.441929577785,1087.0929178912866,1089.8427734375,0
2009-02-26,1089.5927786898055,1093.0425486154554,1080.3432646467068,1089.6927490234375,0
2009-02-27,1093.1925176732054,1095.8923268835204,1076.143365324823,1088.792724609375,0
2009-03-02,1081.8430900344165,1081.8430900344165,1057.444349657901,1062.3441162109375,0
2009-03-03,1062.1440978363607,1062.2441902292062,1039.2953237637084,1042.295166015625,0
2009-03-04,1041.7952525817273,1052.1947307361622,1036.4455580024064,1038.79541015625,0
2009-03-05,1044.9450455204894,1052.0946939289347,1010.4968449713432,1015.49658203125,0
2009-03-06,1006.8471033735972,1016.496559566,991.8978769150827,1013.7467041015624,0
2009-03-09,1008.2469500525305,1008.4969369022426,991.2478442721064,993.19775390625,0
2009-03-12,997.6975623215542,1007.5470202328712,993.6477873794576,998.697509765625,0
2009-03-13,1005.7470635394036,1033.7955753682795,1005.7470635394036,1032.295654296875,0
2009-03-16,1038.445354171142,1071.3436473872232,1035.7954692012593,1069.3936767578125,0
2009-03-17,1069.8936800873014,1085.4929572991805,1060.6942127616378,1062.994140625,0
2009-03-18,1069.5437661105177,1102.842064958913,1069.5437661105177,1082.39306640625,0
2009-03-19,1088.9427487013106,1098.6922361208128,1074.0935538136173,1084.29296875,0
2009-03-20,1084.7430575953706,1086.692906324292,1073.093645228896,1080.3931884765625,0
2009-03-23,1084.1929505434357,1113.8414148765387,1084.1929505434357,1113.5413818359375,0
2009-03-24,1119.891099302794,1139.0901636068627,1094.9925054155435,1101.0421142578125,0
2009-03-25,1101.5921241695842,1113.2415362845982,1090.2926692465792,1110.1416015625,0
2009-03-26,1115.4413644447318,1142.5899617348523,1115.4413644447318,1140.1900634765625,0
2009-03-27,1146.5397137662649,1177.1380811102265,1137.340246115941,1175.188232421875,0
2009-03-30,1168.5385246148678,1168.5385246148678,1132.5404176792224,1139.7401123046875,0
2009-03-31,1148.6895754572658,1174.138187955224,1141.1399237636333,1164.938720703125,0
2009-04-01,1164.2388933755958,1193.187323936554,1161.2889750875063,1185.187744140625,0
2009-04-02,1201.5367985021749,1252.1841598662209,1201.5367985021749,1239.73486328125,0
2009-04-06,1245.5845680729817,1282.4326072686622,1242.1847223231937,1265.9835205078125,0
2009-04-08,1252.534148273938,1311.131044282236,1222.6356951821444,1307.6812744140625,0
2009-04-09,1320.8306424589546,1340.0295851289554,1299.181755239982,1317.6307373046875,0
2009-04-13,1327.6801964437989,1368.9280278151464,1326.6802490166149,1360.5784912109375,0
2009-04-15,1359.8285145347634,1443.324123715722,1347.1291091215987,1436.8743896484375,0
2009-04-16,1435.5245421457853,1478.5723289139094,1350.4790843268618,1358.9786376953125,0
2009-04-17,1361.978458340032,1418.8753699773945,1355.8786813100091,1370.177978515625,0
2009-04-20,1373.827845619477,1412.4758395275906,1362.228479446335,1380.12744140625,0
2009-04-21,1374.3277355518762,1388.6769563769078,1353.1287773629087,1378.5274658203125,0
2009-04-22,1380.527357306967,1407.8259701778293,1345.9792478432755,1357.57861328125,0
2009-04-23,1356.1786985668057,1391.6267860466437,1335.2298487859305,1386.1270751953125,0
2009-04-24,1386.5270361737364,1411.9257244685984,1386.5270361737364,1408.52587890625,0
2009-04-27,1407.226016951966,1433.474636054729,1390.7768090759002,1399.1763916015625,0
2009-04-28,1398.1264296097845,1406.6259826541989,1330.629978962963,1334.77978515625,0
2009-04-29,1335.479839224288,1367.7281438481202,1335.479839224288,1362.9783935546875,0
2009-05-04,1385.0271783342434,1435.074596661996,1385.0271783342434,1432.9747314453125,0
2009-05-05,1434.7246077283703,1470.322711484633,1434.7246077283703,1464.8729248046875,0
2009-05-06,1467.5728098407458,1494.021369453557,1426.924924066167,1438.474365234375,0
2009-05-07,1439.8742849949704,1482.5220682448246,1439.8742849949704,1477.372314453125,0
2009-05-08,1482.1220622190938,1498.4212544868524,1446.224046399356,1477.3223876953125,0
2009-05-11,1484.0219046758357,1498.0712144027427,1437.4243804763034,1447.923828125,0
2009-05-12,1441.874095298286,1465.9228789386268,1421.7252529694442,1464.1229248046875,0
2009-05-13,1465.672911206157,1495.421346552146,1448.9738383416968,1457.5233154296875,0
2009-05-14,1437.0744501966317,1476.9223302249247,1417.5754756269723,1473.9725341796875,0
2009-05-15,1477.4222887491053,1510.170566215456,1477.4222887491053,1494.5714111328125,0
2009-05-18,1563.9677984058912,1711.560011989377,1563.9677984058912,1703.71044921875,0
2009-05-19,1730.5590211585195,1794.655626157466,1589.5163892046655,1757.257568359375,0
2009-05-20,1756.057714372658,1910.0496195366936,1754.2078360285964,1908.849609375,0
2009-05-21,1906.7496734213491,1969.24638586052,1861.1520964385088,1895.9002685546875,0
2009-05-22,1881.9010767750835,1923.5489119464612,1855.402469689781,1920.4990234375,0
2009-05-25,1938.7980379143205,1974.8460684393208,1931.648389592864,1965.546630859375,0
2009-05-26,1975.79613444131,1996.6450137656104,1864.551983805815,1885.100830078125,0
2009-05-27,1906.7497295947892,1965.0467135010515,1906.7497295947892,1964.2967529296875,0
2009-05-28,1965.8966360341235,1985.2956404769443,1956.1971948446608,1975.74609375,0
2009-05-29,1987.095466267368,2048.1423051474862,1987.095466267368,2031.3431396484375,0
2009-06-01,2050.2422143500803,2103.1393332587636,2050.2422143500803,2101.789306640625,0
2009-06-02,2107.589206457275,2129.2880174503034,2060.541629776206,2123.33837890625,0
2009-06-03,2121.38841027162,2177.635451552685,2108.7889753735485,2158.1865234375,0
2009-06-04,2149.6871005528224,2213.8836787255373,2142.1374483964687,2211.78369140625,0
2009-06-05,2228.532845502515,2250.1818548420397,2188.2849595796765,2198.484619140625,0
2009-06-08,2211.6336578894006,2230.4827639959067,2064.441449705205,2079.190673828125,0
2009-06-09,2072.141073704387,2164.4863170457443,2009.9443920271528,2154.98681640625,0
2009-06-10,2169.135913792993,2230.682725552264,2169.135913792993,2209.53369140625,0
2009-06-11,2209.8337095269376,2224.6830260796255,2162.3862541855106,2190.684814453125,0
2009-06-12,2204.584102034245,2218.6834587805342,2125.388312537993,2132.488037109375,0
2009-06-15,2125.5880877888735,2158.786291837947,2095.439772061368,2106.13916015625,0
2009-06-16,2091.6401503038055,2137.5876883822534,2070.1412793911572,2129.088134765625,0
2009-06-17,2134.7877062331813,2153.586767056035,2034.8430077646117,2048.59228515625,0
2009-06-18,2049.692281235149,2067.7911831566676,1953.097262298656,1987.3955078125,0
2009-06-19,2004.3946611102688,2037.492897252615,1976.6461194061976,2030.09326171875,0
2009-06-22,2048.6923334983608,2065.241512210357,2014.99403203205,2019.893798828125,0
2009-06-23,1996.5950309337004,2029.7433134193095,1968.046604383825,2023.293701171875,0
2009-06-24,2029.593233649461,2079.0405848428168,2029.593233649461,2075.490966796875,0
2009-06-25,2087.1403858204703,2114.9890208988763,2057.242053702262,2063.99169921875,0
2009-06-26,2080.790580932709,2116.888782047174,2073.49115974513,2114.3388671875,0
2009-06-29,2123.5882696594276,2149.2370672493166,2113.4889472767036,2135.437744140625,0
2009-06-30,2144.437212268595,2164.436159958722,2049.042085310024,2060.091552734375,0
2009-07-01,2068.0410855895957,2091.289862279075,2026.0434175047487,2083.290283203125,0
2009-07-02,2087.4403875362173,2105.33934957848,2062.641641481837,2081.99072265625,0
2009-07-03,2072.040973645829,2118.388634771893,2063.5914666706685,2113.038818359375,0
2009-07-06,2119.3885860169335,2136.037613139198,1976.596043639491,1985.3956298828125,0
2009-07-07,1991.8452541377928,2021.8937235331696,1968.3965354970544,2013.494140625,0
2009-07-08,2003.7446553823595,2003.7446553823595,1929.7985909405324,1936.898193359375,0
2009-07-09,1943.6477675216925,1965.8965972721016,1918.2991252300724,1951.79736328125,0
2009-07-10,1950.2474465885496,1973.846181534671,1888.1507355696456,1903.9998779296875,0
2009-07-13,1886.700844241851,1886.700844241851,1813.0546922149051,1841.003173828125,0
2009-07-14,1856.502395080237,1929.3985879628217,1856.502395080237,1920.6490478515625,0
2009-07-15,1918.1992153256008,2018.7939029755355,1918.1992153256008,2013.3441162109375,0
2009-07-16,2039.0428275971576,2056.141904248279,1998.644926986625,2008.494384765625,0
2009-07-17,2008.544409724247,2062.9916199850663,2008.544409724247,2056.841796875,0
2009-07-20,2070.0910161881316,2109.1390101826487,2070.0910161881316,2106.2890625,0
2009-07-21,2112.63894699919,2118.688677817102,2082.2904446426296,2103.939453125,0
2009-07-22,2107.539036089407,2146.3370439637297,2067.991311794244,2079.190673828125,0
2009-07-23,2095.489898271814,2131.1379259271166,2095.489898271814,2126.23828125,0
2009-07-24,2144.587188840077,2172.8857497306967,2133.93784643844,2168.385986328125,0
2009-07-27,2173.4858750793037,2203.1842655202227,2173.4858750793037,2197.384521484375,0
2009-07-28,2200.134211757664,2229.732751707617,2197.6343433202624,2222.0830078125,0
2009-07-29,2215.6334674191808,2242.531955020724,2144.2373201989285,2200.234375,0
2009-07-30,2206.184087546644,2225.4831219803777,2186.5850200551004,2210.933837890625,0
2009-07-31,2227.8829858180047,2262.931193823512,2213.483839754683,2231.182861328125,0
2009-08-03,2233.232790363884,2279.430314871357,2232.3827373592335,2277.430419921875,0
2009-08-04,2287.5297345481395,2293.1295380372662,2235.5825122514775,2258.681396484375,0
2009-08-05,2259.781036542185,2278.330109678236,2237.6322992349455,2251.08154296875,0
2009-08-06,2248.181774781429,2266.730847765897,2191.184773322778,2199.684326171875,0
2009-08-07,2175.735820984193,2205.6841991705246,2141.4876198103266,2147.4873046875,0
2009-08-10,2168.1361217460285,2185.985281900628,2094.639982025824,2105.639404296875,0
2009-08-11,2109.1890886745095,2152.3867673042582,2097.639647439028,2139.387451171875,0
2009-08-12,2128.8881370308236,2152.4369484806557,2097.189851453435,2146.587158203125,0
2009-08-13,2165.1861638892574,2228.482883422583,2165.1861638892574,2223.3330078125,0
2009-08-14,2233.6325446999904,2248.4318153102417,2215.3334581271424,2233.1826171875,0
2009-08-17,2210.6337379593115,2210.6337379593115,2129.5379053094407,2135.3876953125,0
2009-08-18,2132.3379493833077,2187.9351267785787,2131.888021844032,2184.585205078125,0
2009-08-19,2189.2847069522763,2219.1332340440617,2148.686989600088,2162.186279296875,0
2009-08-20,2174.98582932654,2196.3846074318703,2169.4861182676395,2174.78564453125,0
2009-08-21,2178.1353927656583,2201.3341232869006,2162.7363006779474,2199.334228515625,0
2009-08-24,2222.633073548202,2265.680857753918,2222.633073548202,2260.0810546875,0
2009-08-25,2258.981243143349,2285.479848940146,2247.8817294792384,2282.97998046875,0
2009-08-26,2288.329649205599,2318.278025932722,2288.329649205599,2312.678466796875,0
2009-08-27,2313.478576023515,2334.977446737989,2305.928923761012,2314.62841796875,0
2009-08-28,2320.1780318800656,2341.376868216236,2301.028892438909,2330.4775390625,0
2009-08-31,2307.0787111292407,2348.5264841657336,2305.4789416836197,2322.8779296875,0
2009-09-01,2333.827133495838,2357.476035456513,2288.279481613345,2296.42919921875,0
2009-09-02,2295.4793053873454,2314.778094537688,2281.429995859274,2291.929443359375,0
2009-09-03,2302.2788760700864,2321.178029063149,2282.2799273754963,2289.629638671875,0
2009-09-04,2297.5290887340084,2324.67780762613,2282.7798643094093,2321.427978515625,0
2009-09-07,2330.227634986514,2362.7757291430576,2330.227634986514,2359.926025390625,0
2009-09-08,2371.4253625980527,2382.874711779155,2341.876867388494,2354.17626953125,0
2009-09-09,2347.1765426134025,2367.775312241208,2334.9772333576684,2347.7265625,0
2009-09-10,2369.025415745313,2384.124719969374,2333.22749215276,2341.626953125,0
2009-09-11,2347.0766309331066,2374.5251399038043,2314.928417722671,2337.227294921875,0
2009-09-14,2338.5769907082495,2341.7269715692096,2309.72865401455,2335.5771484375,0
2009-09-15,2337.6271780491975,2390.974472769689,2337.6271780491975,2388.37451171875,0
2009-09-16,2403.073723098218,2430.8222655295117,2400.4239599405846,2426.172607421875,0
2009-09-17,2427.3223605041667,2452.021013406942,2411.123260827741,2433.77197265625,0
2009-09-18,2434.9720267980374,2445.7712634841414,2416.2230129294057,2441.571533203125,0
2009-09-22,2448.671382196692,2474.720062284224,2448.671382196692,2467.17041015625,0
2009-09-23,2467.720306600659,2477.9197213289185,2432.4221142996403,2436.971923828125,0
2009-09-24,2415.373028161043,2457.3207742149525,2400.8737903600345,2452.171142578125,0
2009-09-25,2441.5716523938872,2478.219873101508,2434.97214566663,2467.0703125,0
2009-09-29,2471.3700662300284,2500.4686340115486,2471.3700662300284,2493.618896484375,0
2009-09-30,2495.3187961140356,2515.8177186816133,2495.3187961140356,2512.91796875,0
2009-10-01,2501.9185046819243,2527.3671178341624,2501.7683660914327,2507.46826171875,0
2009-10-05,2494.81872407052,2509.817935114205,2459.970703555696,2464.620361328125,0
2009-10-06,2472.370040975472,2492.7190689941726,2418.672912369126,2470.920166015625,0
2009-10-07,2478.769679026406,2534.566796527026,2478.769679026406,2504.818359375,0
2009-10-08,2519.417690728559,2540.1165544815913,2508.9682885180664,2528.067138671875,0
2009-10-09,2549.9159711124535,2569.514794097878,2508.268014528822,2516.567626953125,0
2009-10-12,2526.467204937924,2571.314699465692,2526.467204937924,2566.715087890625,0
2009-10-14,2576.564447599066,2609.612758390251,2576.564447599066,2604.31298828125,0
2009-10-15,2605.8630163687626,2631.161735307187,2592.163785330832,2610.11279296875,0
2009-10-16,2614.612446022323,2638.4112428028775,2612.3625643879222,2635.861328125,0
2009-10-20,2650.1608070787975,2666.659940200021,2632.411739630209,2643.961181640625,0
2009-10-21,2645.760697702545,2658.860106143609,2590.863683722486,2598.51318359375,0
2009-10-22,2597.7135081240767,2601.8131460779673,2520.117490518883,2535.166748046875,0
2009-10-23,2550.515929647134,2584.0642162614367,2544.9163702633987,2556.315673828125,0
2009-10-26,2553.5157552845235,2566.0150986407766,2514.7677908801393,2518.817626953125,0
2009-10-27,2504.668308180401,2511.96797306045,2413.9230812016194,2427.572265625,0
2009-10-28,2422.7227318627497,2437.1218772240554,2370.225491713293,2414.873046875,0
2009-10-29,2395.5239360309142,2402.0235942526633,2350.4765001193296,2358.575927734375,0
2009-10-30,2382.8746084634863,2432.3219576188453,2350.3262723926573,2356.8759765625,0
2009-11-03,2350.3765149830565,2364.125792618035,2269.8807441019094,2276.98046875,0
2009-11-04,2300.879123114224,2363.9759059754733,2267.0808498813367,2356.126220703125,0
2009-11-05,2357.926122375665,2411.473356900682,2342.6769238338024,2406.2236328125,0
2009-11-06,2422.522601189803,2468.7203688555473,2422.522601189803,2448.42138671875,0
2009-11-09,2460.2705298728156,2512.76776932372,2448.921273153911,2507.1181640625,0
2009-11-10,2508.168259646823,2536.866702887831,2487.0192244172563,2495.118896484375,0
2009-11-11,2500.018541393011,2566.4652453305243,2494.368935902079,2564.815185546875,0
2009-11-12,2570.314937872732,2575.8646951836454,2514.817853019202,2528.417236328125,0
2009-11-13,2525.767017665458,2550.8157486394284,2523.967307663605,2538.31640625,0
2009-11-16,2548.015967196527,2571.564778193528,2548.015967196527,2563.815185546875,0
2009-11-17,2572.164825856303,2588.2638330204154,2543.2661986207017,2563.46533203125,0
2009-11-18,2562.91518429561,2582.714191269585,2558.7652561868244,2570.314697265625,0
2009-11-19,2576.414661169123,2587.3640369637583,2503.668483897968,2518.11767578125,0
2009-11-20,2506.668198404823,2555.3155419045916,2479.3195392845087,2548.166015625,0
2009-11-23,2566.3650945191334,2567.665075011505,2540.766342506166,2554.415771484375,0
2009-11-24,2556.215634920284,2586.2638590030942,2545.4161541693234,2566.614990234375,0
2009-11-25,2573.514541976336,2592.1136613658646,2549.765791100672,2557.5654296875,0
2009-11-26,2552.165918964327,2561.515281121352,2501.6685728678617,2508.51806640625,0
2009-11-27,2506.118227721873,2506.118227721873,2401.7736165295,2479.4697265625,0
2009-11-30,2506.668342291494,2540.0664898142068,2506.668342291494,2527.71728515625,0
2009-12-01,2537.916619158176,2575.9146214326147,2537.916619158176,2572.61474609375,0
2009-12-02,2580.864313326046,2605.762906648126,2580.864313326046,2586.56396484375,0
2009-12-03,2603.113210703592,2637.1614703519526,2592.1137887050368,2611.062744140625,0
2009-12-04,2610.6126356375794,2629.211754651464,2597.56327343653,2612.262451171875,0
2009-12-07,2616.162469535099,2626.511778799108,2581.614237536543,2590.513671875,0
2009-12-08,2593.6637179840714,2631.211793171301,2587.8139278105637,2628.911865234375,0
2009-12-09,2621.5621425581417,2639.1613150722683,2606.362990365646,2614.762451171875,0
2009-12-10,2614.7127412712534,2629.3118278660127,2606.413128439327,2625.81201171875,0
2009-12-11,2634.1114407203963,2648.2605987914785,2592.363636734413,2603.762939453125,0
2009-12-14,2606.8130193817083,2614.2625792399144,2579.7145893040183,2588.81396484375,0
2009-12-15,2591.913877189244,2599.6634700481077,2536.316700447435,2541.91650390625,0
2009-12-16,2543.966458648641,2565.565177545785,2521.8174756890803,2560.765380859375,0
2009-12-17,2563.2652006107214,2589.7140060163465,2560.3654506512603,2583.064208984375,0
2009-12-18,2594.5134485734498,2594.5134485734498,2555.565545796499,2562.415283203125,0
2009-12-21,2573.3647339649747,2583.8641820732446,2542.166422697389,2545.26611328125,0
2009-12-22,2538.8665896396865,2572.9148493267,2538.8665896396865,2555.36572265625,0
2009-12-23,2558.4655389752575,2616.062363271771,2558.4655389752575,2613.462646484375,0
2009-12-24,2623.012104735533,2641.1612977681925,2615.3125580524957,2625.712158203125,0
2009-12-29,2628.9117504334035,2649.7107050969785,2628.9117504334035,2636.01123046875,0
2009-12-30,2636.961381980922,2651.2604344758656,2636.961381980922,2645.410888671875,0
2009-12-31,2652.56048046753,2667.559691814232,2638.0111966356712,2642.010986328125,0
2010-01-04,2646.3609207192185,2696.1083062494586,2645.510867737433,2689.708740234375,0
2010-01-05,2710.257397602941,2748.0554590172696,2708.607582006134,2744.15576171875,0
2010-01-06,2754.605253696343,2767.4046299553584,2739.3560549963267,2759.804931640625,0
2010-01-07,2762.0548073574664,2769.704551853766,2735.306212975127,2741.10595703125,0
2010-01-08,2748.355484162954,2759.55484644259,2736.2062206597743,2744.005615234375,0
2010-01-11,2758.304918496225,2776.0539852438415,2749.9054577991733,2758.054931640625,0
2010-01-12,2762.654851571136,2777.604017057524,2717.707262716293,2726.756591796875,0
2010-01-13,2713.307418729685,2760.105009238927,2702.35804273823,2756.005126953125,0
2010-01-14,2777.4040139877848,2792.9031990465646,2773.004098849264,2785.95361328125,0
2010-01-15,2798.402876331721,2812.852067597448,2786.6534942505727,2794.60302734375,0
2010-01-18,2787.853552621292,2803.252646042757,2784.2038419987152,2797.85302734375,0
2010-01-19,2797.5529855043037,2813.30215814279,2759.8550147444057,2765.15478515625,0
2010-01-20,2772.704431555946,2793.7531304343133,2736.506137947864,2746.455810546875,0
2010-01-21,2742.15588284285,2744.5056128238725,2657.46038444846,2670.15966796875,0
2010-01-22,2648.8608607522865,2651.810656977394,2557.715746075143,2644.611083984375,0
2010-01-25,2633.661680451266,2633.661680451266,2595.3135975420228,2602.26318359375,0
2010-01-27,2583.31405013023,2591.5135699479365,2477.719751640002,2492.118896484375,0
2010-01-28,2518.567417484298,2538.0663913966505,2480.819403884744,2500.66845703125,0
2010-01-29,2490.8689900729414,2548.1660253020227,2428.17233649883,2539.06640625,0
2010-02-01,2530.9671343961736,2596.263508766982,2518.1677579777343,2583.8642578125,0
2010-02-02,2602.3632689475394,2625.462152962804,2544.066283107708,2551.015869140625,0
2010-02-03,2552.965758829439,2615.612364665391,2552.965758829439,2612.112548828125,0
2010-02-04,2609.712834745986,2614.212598072203,2537.616529134821,2543.666259765625,0
2010-02-05,2526.6171418388676,2526.6171418388676,2454.420986987462,2479.319580078125,0
2010-02-08,2508.8681668765353,2532.9669982150695,2465.8704262724336,2513.56787109375,0
2010-02-09,2512.9679722504384,2542.1663882445455,2506.218327129454,2539.966552734375,0
2010-02-10,2544.8662359105524,2569.9650143166223,2516.3677338581156,2522.117431640625,0
2010-02-11,2533.066688660111,2558.1154196955267,2533.066688660111,2547.716064453125,0
2010-02-15,2553.7159169886895,2562.715444123814,2535.016704194581,2541.616455078125,0
2010-02-16,2544.8160672186496,2574.0144822483717,2528.5669220937084,2566.215087890625,0
2010-02-17,2580.114389949759,2603.563108663904,2580.114389949759,2596.5634765625,0
2010-02-18,2598.4634377662633,2602.513029475297,2571.8146928080755,2581.01416015625,0
2010-02-19,2570.715036938058,2570.715036938058,2518.817617050253,2537.216796875,0
2010-02-22,2557.9657354959886,2572.8648552342934,2514.3178817006224,2519.167724609375,0
2010-02-23,2517.2675010156354,2525.967238745924,2499.6185269592465,2506.51806640625,0
2010-02-24,2497.368610750249,2509.7180586887553,2486.769070747204,2501.218505859375,0
2010-02-25,2506.618146043328,2512.117856745727,2477.419730776149,2483.0693359375,0
2010-02-26,2487.069123432249,2546.3660530534344,2483.8192943835847,2515.517578125,0
2010-03-02,2528.167250454776,2580.214565366165,2528.167250454776,2574.914794921875,0
2010-03-03,2581.8643197108204,2618.3624016896915,2581.8643197108204,2615.5625,0
2010-03-04,2621.962199265264,2643.411022366645,2616.3123499267185,2641.31103515625,0
2010-03-05,2643.061067625869,2672.1095900564956,2643.061067625869,2666.909912109375,0
2010-03-08,2673.2593696398435,2699.408141488576,2664.759816459634,2679.6591796875,0
2010-03-09,2679.7590102228332,2682.9089910925077,2645.66094946099,2651.460693359375,0
2010-03-10,2643.4110723471,2671.159613476537,2626.011840621698,2642.260986328125,0
2010-03-11,2640.1613272082923,2650.3106962751917,2623.8621347863086,2643.861083984375,0
2010-03-12,2651.9107149670294,2657.410426007085,2629.411897075895,2639.311279296875,0
2010-03-15,2641.6611871604023,2641.6611871604023,2610.7128628193836,2628.76171875,0
2010-03-16,2638.0111898233613,2657.560210720305,2629.9618083903156,2655.810302734375,0
2010-03-17,2665.8597821897265,2685.9588226848064,2660.410117657094,2668.959716796875,0
2010-03-18,2671.2595611793195,2683.808950694526,2662.510020857853,2681.30908203125,0
2010-03-19,2683.558853665914,2692.0083605753684,2675.8092611278844,2683.85888671875,0
2010-03-22,2683.2587371716786,2683.2587371716786,2644.3108350334023,2663.7099609375,0
2010-03-23,2664.4600095636606,2688.358655399263,2664.4600095636606,2683.958984375,0
2010-03-25,2683.6088384968084,2690.258391064979,2667.109706373773,2673.409423828125,0
2010-03-26,2674.959531251764,2700.9081188517357,2674.959531251764,2694.658447265625,0
2010-03-29,2705.9077267298767,2710.0073646176515,2684.858785008814,2692.20849609375,0
2010-03-30,2699.958256805814,2710.007533559981,2678.209399370306,2686.10888671875,0
2010-03-31,2693.4084157110965,2699.05802096986,2679.8590793760077,2692.808349609375,0
2010-04-01,2696.808213921215,2715.2571954624327,2696.808213921215,2712.807373046875,0
2010-04-05,2719.2568398446033,2759.8047554111504,2719.2568398446033,2756.455078125,0
2010-04-06,2764.754442375852,2775.8039098665668,2754.5049816231026,2770.30419921875,0
2010-04-07,2775.9041026764567,2794.4531762670345,2758.0549434590007,2776.85400390625,0
2010-04-08,2775.0540722071623,2787.403520677951,2748.4556169183898,2758.705078125,0
2010-04-09,2770.254308982232,2794.803067626896,2768.054473424816,2791.853271484375,0
2010-04-12,2801.1026741385986,2805.952516714147,2779.553758690038,2785.103515625,0
2010-04-13,2787.3533916010356,2790.953299910361,2771.7043123629815,2780.353759765625,0
2010-04-15,2781.1037009923516,2804.552418652466,2765.3044832766636,2770.704345703125,0
2010-04-16,2767.0044783933713,2775.4542296168893,2751.1554578461046,2763.954833984375,0
2010-04-19,2752.2053195157973,2752.2053195157973,2708.75740975501,2724.306640625,0
2010-04-20,2730.2066024751034,2771.9544082789016,2730.2066024751034,2763.854736328125,0
2010-04-21,2769.704414930584,2796.3028694032914,2769.704414930584,2780.3037109375,0
2010-04-22,2780.4538201127716,2795.102951776937,2766.5043586707416,2775.10400390625,0
2010-04-23,2777.6040120379125,2790.1534012832626,2767.3045045411304,2782.40380859375,0
2010-04-26,2785.253450564686,2804.3525439689865,2785.253450564686,2799.802734375,0
2010-04-27,2803.652708533113,2816.8519660447178,2794.7032276830955,2801.302734375,0
2010-04-28,2787.003258581899,2793.703101368744,2756.9550349419055,2770.05419921875,0
2010-04-29,2774.1542846125267,2802.002674871842,2774.1542846125267,2797.153076171875,0
2010-04-30,2811.2023284968313,2843.8004685108344,2811.0021437069245,2837.850830078125,0
2010-05-03,2831.7510604083236,2844.500390280585,2820.05172417463,2828.701416015625,0
2010-05-04,2834.101092778562,2847.8003241756596,2757.2550327105664,2764.754638671875,0
2010-05-05,2730.406462278831,2797.9529589734148,2701.6079279073388,2790.1533203125,0
2010-05-06,2789.0033202736904,2798.852900264073,2739.1560865866786,2777.85400390625,0
2010-05-07,2747.9056033356055,2747.9056033356055,2662.4601436613607,2689.15869140625,0
2010-05-10,2714.8573423307275,2766.904656227489,2714.8573423307275,2759.804931640625,0
2010-05-11,2762.054626093094,2770.904258127318,2720.70694807918,2728.406494140625,0
2010-05-12,2726.656746625639,2745.8556887776954,2688.9587767086928,2736.106201171875,0
2010-05-13,2747.8555148328587,2777.1039769175973,2747.8555148328587,2767.304443359375,0
2010-05-14,2768.954414877806,2772.3040921571264,2719.2070322328927,2728.50634765625,0
2010-05-17,2710.257427019936,2723.8067635739817,2661.410141353687,2716.857177734375,0
2010-05-18,2719.2071387008896,2735.256099634099,2709.4076050711365,2716.607177734375,0
2010-05-19,2700.807843082783,2705.2575601244193,2624.9619803400105,2630.861572265625,0
2010-05-20,2641.3612253729148,2668.3097606941656,2618.2125392392973,2630.11181640625,0
2010-05-21,2609.1128713197895,2609.1128713197895,2560.5153278332245,2601.313232421875,0
2010-05-24,2611.812525797282,2661.259875204885,2597.6633679377933,2607.662841796875,0
2010-05-25,2591.763708308704,2591.763708308704,2511.6180175236636,2522.767333984375,0
2010-05-26,2529.5669127397837,2564.0650983641676,2529.5669127397837,2557.765380859375,0
2010-05-27,2561.915284992939,2591.413733292909,2532.316744301856,2580.51416015625,0
2010-05-28,2597.863466574163,2632.06162042637,2597.863466574163,2629.26171875,0
2010-05-31,2628.6617472033417,2657.610175313283,2614.4625430933515,2654.26025390625,0
2010-06-01,2645.6110227613776,2674.109525699561,2603.413288288996,2611.912841796875,0
2010-06-02,2618.4122975569708,2641.9611075127805,2605.2130407808563,2635.911376953125,0
2010-06-03,2659.9603551967334,2680.7590672126203,2659.9603551967334,2676.75927734375,0
2010-06-04,2681.8588825068687,2693.108290571075,2665.809678176378,2691.058349609375,0
2010-06-07,2643.311095681361,2657.3103602874994,2616.8124876768843,2649.11083984375,0
2010-06-08,2656.860243692686,2678.159172153415,2612.0625513152163,2626.9619140625,0
2010-06-09,2630.7117731417484,2655.3103332492856,2627.2617592331953,2641.961181640625,0
2010-06-10,2643.861020821704,2685.6088262752996,2643.861020821704,2684.458984375,0
2010-06-11,2700.458016324484,2708.7573843507753,2672.159456390857,2682.058837890625,0
2010-06-14,2686.658868417202,2714.8072915981156,2686.658868417202,2713.25732421875,0
2010-06-15,2720.806969270973,2737.456240814743,2707.5076193407685,2731.70654296875,0
2010-06-16,2737.1560421970003,2746.405555563707,2726.006482310734,2733.206298828125,0
2010-06-17,2730.056397199892,2743.9558128142667,2716.507060833625,2739.35595703125,0
2010-06-18,2748.355609581531,2756.6051761738713,2711.607540215651,2718.507080078125,0
2010-06-21,2726.706672263088,2767.604423375797,2726.706672263088,2761.65478515625,0
2010-06-22,2761.304770302037,2764.0546257231385,2739.5058675928376,2744.3056640625,0
2010-06-23,2739.6060181634557,2757.305039151381,2734.256201670409,2754.705322265625,0
2010-06-24,2757.655171135547,2772.4544424609935,2748.0055316099547,2760.35498046875,0
2010-06-25,2760.6048453540284,2774.1541817480174,2740.2060155958447,2744.105712890625,0
2010-06-28,2747.605614461308,2780.4539859492215,2742.8058178605093,2778.25390625,0
2010-06-29,2782.5036075724074,2789.653378145661,2744.605697774519,2753.605224609375,0
2010-06-30,2737.0559844351064,2769.1543937432666,2726.6566290882984,2766.3544921875,0
2010-07-01,2756.955169237181,2758.455090388891,2738.5559899661994,2744.755615234375,0
2010-07-02,2748.305398039816,2762.8546816165563,2730.0063116921515,2738.60595703125,0
2010-07-05,2722.6569797920683,2728.2565390644036,2713.407465831646,2722.60693359375,0
2010-07-06,2725.9567491586618,2748.655506682549,2725.9567491586618,2743.8056640625,0
2010-07-07,2746.705662941757,2755.4552028497583,2728.8565038783195,2739.255859375,0
2010-07-08,2750.45540997615,2773.50400219268,2750.45540997615,2761.40478515625,0
2010-07-09,2768.4545803778396,2790.703410920594,2768.4545803778396,2786.853515625,0
2010-07-12,2793.90316259926,2806.3524592637546,2779.203984219695,2790.9033203125,0
2010-07-13,2791.9032742145146,2811.802130445041,2788.60339886587,2809.602294921875,0
2010-07-14,2825.5014585858385,2832.301150177633,2787.7534417585794,2792.853271484375,0
2010-07-15,2793.6030215881938,2798.8026991920815,2777.7039557338912,2788.853271484375,0
2010-07-16,2784.6036814987715,2801.352801407239,2783.8036747074343,2797.052978515625,0
2010-07-19,2787.2036689927154,2812.602236996098,2781.953944792474,2806.8525390625,0
2010-07-20,2812.852015622282,2823.2015687876824,2795.60292309847,2802.902587890625,0
2010-07-21,2808.3523353903515,2824.451586539699,2808.3523353903515,2823.051513671875,0
2010-07-22,2823.001379513996,2836.850748531751,2817.1518337527687,2835.30078125,0
2010-07-23,2844.2005643381326,2852.6000250817888,2822.051582332386,2828.001220703125,0
2010-07-26,2830.0510534781993,2834.7507573841913,2789.55318419571,2798.102783203125,0
2010-07-27,2799.402772016228,2809.952265834609,2794.703068096166,2802.902587890625,0
2010-07-28,2806.2524254258774,2821.701808827294,2793.0531679142728,2801.302734375,0
2010-07-29,2795.153104777514,2808.252269656676,2787.353465984358,2791.05322265625,0
2010-07-30,2793.703243267754,2816.601941913725,2788.953492944121,2795.953125,0
2010-08-02,2811.3522485367484,2831.2511050901053,2811.3522485367484,2829.05126953125,0
2010-08-03,2834.6009667748144,2841.150671242801,2826.55134116734,2837.200927734375,0
2010-08-04,2835.0008895914493,2839.60074547099,2816.551908131265,2828.701416015625,0
2010-08-05,2831.951284260409,2842.500534605828,2817.6019406335677,2820.15185546875,0
2010-08-06,2818.301868152867,2841.2008114500695,2811.2023876677235,2820.40185546875,0
2010-08-09,2825.801339868244,2852.4998869407473,2825.801339868244,2850.35009765625,0
2010-08-10,2849.850270404673,2867.349351012421,2826.9015249475005,2834.551025390625,0
2010-08-11,2827.701482918751,2838.2507331721754,2797.453072676218,2801.102783203125,0
2010-08-12,2784.0534761722256,2803.202615179498,2774.5539759612207,2798.15283203125,0
2010-08-13,2804.652657494843,2837.55083095939,2804.652657494843,2833.85107421875,0
2010-08-16,2838.7008439384927,2862.449595272422,2825.7015274188684,2841.75048828125,0
2010-08-17,2844.300497702775,2859.699835030597,2839.4008528103477,2843.550537109375,0
2010-08-18,2848.7501746695443,2878.8486903756484,2844.2504111729513,2875.298828125,0
2010-08-19,2886.248246891043,2902.2974524273504,2879.6487401408726,2899.34765625,0
2010-08-20,2899.247389821013,2900.49732406925,2882.398422631439,2891.39794921875,0
2010-08-23,2896.097627167,2920.9464174499985,2889.7979097868815,2918.746337890625,0
2010-08-24,2929.296004838459,2929.296004838459,2888.9482717591295,2903.447509765625,0
2010-08-25,2896.047811526884,2906.247226887359,2863.1996836397157,2872.049072265625,0
2010-08-26,2876.2986214681177,2882.848325698921,2856.199825403493,2858.44970703125,0
2010-08-27,2861.399693679759,2888.448321210323,2819.8518280263643,2829.55126953125,0
2010-08-30,2846.3502641299474,2869.1491135956453,2810.7520391635258,2830.951171875,0
2010-08-31,2829.6013389286923,2829.6013389286923,2778.803958883916,2816.052001953125,0
2010-09-01,2821.451778116863,2865.149432167812,2821.451778116863,2860.849609375,0
2010-09-02,2866.0492782036836,2897.947747732564,2866.0492782036836,2883.8984375,0
2010-09-03,2876.898812184478,2919.446624302618,2876.898812184478,2907.2470703125,0
2010-09-06,2918.146589194244,2952.544682609395,2918.146589194244,2947.994873046875,0
2010-09-07,2948.544958666531,2961.694413939802,2940.2953923112523,2949.244873046875,0
2010-09-08,2945.7951244585506,2968.094001290096,2933.345827603637,2954.294677734375,0
2010-09-09,2965.044082573938,2979.64341276196,2959.894450939776,2976.943603515625,0
2010-09-13,2985.492947446912,3010.941804848769,2985.492947446912,3004.592041015625,0
2010-09-14,3012.4416557767595,3019.791122741044,2970.2937260978724,2984.693115234375,0
2010-09-15,2986.0430685758383,3006.4421433208818,2980.543357523093,2987.943115234375,0
2010-09-16,2984.843069866494,2995.3425178509488,2937.6956463302713,2944.045166015625,0
2010-09-17,2955.9945085954937,3010.6417823259876,2955.9945085954937,3004.7919921875,0
2010-09-20,3006.941980465385,3036.540277582641,3006.941980465385,3031.79052734375,0
2010-09-21,3040.840090120477,3047.0897614664987,2988.09286396005,3003.741943359375,0
2010-09-22,3009.7917158829573,3025.990815411451,2972.793661000246,2999.892333984375,0
2010-09-23,3004.0420105932744,3014.041484860696,2985.843016252125,3004.39208984375,0
2010-09-24,2996.8424034920786,3035.0903921252357,2995.6425154193407,3031.590576171875,0
2010-09-27,3049.139800374816,3055.38947192146,3036.8403979454606,3042.739990234375,0
2010-09-28,3044.390008221329,3062.6390488870993,3032.390639016438,3046.58984375,0
2010-09-29,3043.8400663494567,3064.3389892667246,3022.2411035757527,3029.49072265625,0
2010-09-30,3029.7405735171533,3033.790409371402,2996.4425199168104,3003.692138671875,0
2010-10-01,3015.7414412910125,3069.438815094259,3015.7414412910125,3066.5888671875,0
2010-10-04,3077.1882581122923,3106.2865812505233,3077.1882581122923,3100.886962890625,0
2010-10-05,3104.886746288091,3130.7852864895976,3104.886746288091,3119.3359375,0
2010-10-06,3130.985180389186,3164.7834510813927,3130.985180389186,3150.934326171875,0
2010-10-07,3158.28387479371,3184.932619970521,3111.536332983898,3119.98583984375,0
2010-10-08,3129.38564152,3137.1852805815415,3077.3883732801214,3099.587158203125,0
2010-10-11,3110.336357227534,3138.534824805713,3110.336357227534,3132.235107421875,0
2010-10-12,3139.834872192767,3140.634878947545,3089.3875741068196,3114.936279296875,0
2010-10-13,3125.0855945791745,3163.0835955691778,3124.785561535276,3160.333740234375,0
2010-10-14,3165.233380736332,3182.9824469653636,3131.485156216342,3146.33447265625,0
2010-10-15,3154.184232334495,3161.0837718603943,3090.987360280481,3096.687255859375,0
2010-10-18,3108.3365660352983,3108.3365660352983,3039.340193811899,3087.78759765625,0
2010-10-19,3099.836972943005,3124.235592111184,3074.2382215798452,3082.387939453125,0
2010-10-20,3078.188376892804,3098.8371943963425,3067.1889547765218,3080.938232421875,0
2010-10-21,3084.437925543222,3127.635605487987,3084.437925543222,3125.03564453125,0
2010-10-22,3134.7851372061896,3146.0845919559756,3108.8365503031,3125.1357421875,0
2010-10-25,3128.1856968737234,3147.0345597934843,3128.1856968737234,3135.685302734375,0
2010-10-26,3142.0848315948306,3151.734226703644,3121.186027828068,3130.33544921875,0
2010-10-27,3132.5351615154445,3146.5344250723683,3118.6359903493267,3132.63525390625,0
2010-10-28,3149.23428127156,3153.5341039681302,3083.18795002021,3096.38720703125,0
2010-10-29,3099.4372448333124,3112.5864562818983,3044.390088331801,3085.287841796875,0
2010-11-01,3106.4866026020277,3133.885308809261,3106.4866026020277,3130.285400390625,0
2010-11-02,3130.6854358830356,3156.634022261055,3124.7855997069,3151.7841796875,0
2010-11-03,3162.4835960142864,3190.1322885298337,3162.4835960142864,3170.88330078125,0
2010-11-04,3175.8830043995067,3209.381242466202,3175.8830043995067,3207.38134765625,0
2010-11-08,3227.130312390279,3230.130154608447,3194.632021693457,3216.730712890625,0
2010-11-09,3212.181300074848,3243.379611800169,3212.181300074848,3228.930419921875,0
2010-11-10,3231.7300604208795,3265.4782868000775,3226.680521109339,3256.478759765625,0
2010-11-11,3265.378329653231,3290.1270281727716,3205.4315309536796,3212.631103515625,0
2010-11-12,3203.7313722608037,3222.3805377186704,3120.8858767754264,3128.08544921875,0
2010-11-15,3128.135473208675,3146.884486796625,3084.5376692943832,3141.584716796875,0
2010-11-16,3148.934554965695,3162.883772813008,3060.289068664646,3074.33837890625,0
2010-11-18,3082.0879753190766,3104.7867332222854,3005.241917443036,3092.9873046875,0
2010-11-19,3093.5374169950765,3100.53704923503,3017.2914229527246,3029.69091796875,0
2010-11-22,3041.190270519631,3065.3889499507404,3008.8919191035607,3061.38916015625,0
2010-11-23,3044.090029674128,3048.089819480713,2964.9940885977903,3033.690673828125,0
2010-11-24,3040.9403179844103,3066.6889650771013,2986.8931089506978,3001.642333984375,0
2010-11-25,3014.5916154685583,3016.991391729745,2914.1469415894767,2927.49609375,0
2010-11-26,2926.096286913585,2939.995459108889,2740.9060641162846,2862.849609375,0
2010-11-29,2862.749411540412,2902.647460639163,2832.0510741379567,2897.99755859375,0
2010-11-30,2895.4479076175867,2926.2460934960977,2873.649004579682,2921.596435546875,0
2010-12-01,2920.1464096847253,3012.5414508013378,2920.1464096847253,3006.891845703125,0
2010-12-02,3026.040841438679,3046.0898360873143,3004.4919256561475,3013.441650390625,0
2010-12-03,3014.2415284411354,3018.1414700152663,2921.7964345078612,2936.645751953125,0
2010-12-06,2952.6449030450844,2973.24367420486,2921.796426312188,2927.1962890625,0
2010-12-07,2928.5459944814743,2940.2453306071543,2883.5483600536336,2911.796875,0
2010-12-08,2896.947710859735,2907.9471322622735,2853.3999527541273,2858.99951171875,0
2010-12-09,2859.449764513366,2867.399297745283,2717.8571109706236,2739.805908203125,0
2010-12-10,2740.656026103901,2805.1025905794177,2699.7082267575584,2782.853759765625,0
2010-12-13,2796.2031143292784,2841.9006633946105,2791.203377142091,2837.80078125,0
2010-12-14,2845.4004816027555,2878.8987207825403,2845.4004816027555,2874.998779296875,0
2010-12-15,2874.1991125268637,2874.4490993947534,2805.352631458903,2825.70166015625,0
2010-12-16,2829.101316409318,2846.700489139981,2804.5525577426884,2843.00048828125,0
2010-12-20,2840.150794823238,2853.999920547408,2831.2013139594405,2838.55078125,0
2010-12-21,2846.1004580686217,2870.7991115054406,2846.1004580686217,2866.8994140625,0
2010-12-22,2879.5986184707167,2883.3484213422385,2845.9504850213766,2860.74951171875,0
2010-12-23,2864.899314725808,2875.998584263343,2841.150564244968,2844.450439453125,0
2010-12-24,2845.750355121645,2865.1494821611645,2831.751090797945,2861.799560546875,0
2010-12-27,2869.449309896978,2876.3488496742452,2848.7004002391504,2852.60009765625,0
2010-12-28,2853.1501250915985,2860.7495792806835,2836.050925942513,2843.45068359375,0
2010-12-29,2844.050381306686,2867.249112447049,2844.050381306686,2864.29931640625,0
2010-12-30,2867.699442144044,2879.748613824436,2860.3497306072527,2876.598876953125,0
2010-12-31,2879.8986888066256,2918.796546779634,2879.8986888066256,2917.19677734375,0
2011-01-03,2929.295937225483,2963.5941827506094,2929.295937225483,2957.89453125,0
2011-01-04,2969.093811291548,2977.143436670408,2942.195323938454,2951.69482421875,0
2011-01-05,2953.4448773223376,2956.9944954572065,2904.097373158227,2912.64697265625,0
2011-01-06,2916.696654213746,2932.945799368328,2863.499257543904,2867.94921875,0
2011-01-07,2865.099472869706,2867.699433928717,2772.65437859543,2783.503662109375,0
2011-01-10,2785.653671580833,2791.153382588498,2703.657980193823,2708.707763671875,0
2011-01-11,2711.0575273548643,2744.8057544115513,2670.959780350858,2690.758544921875,0
2011-01-12,2710.057361323392,2749.955408569355,2676.0091039465956,2746.95556640625,0
2011-01-13,2747.1556930220163,2777.80398487864,2723.8068222875113,2736.55615234375,0
2011-01-14,2736.505997209535,2752.7053406442415,2680.7091267221226,2688.05859375,0
2011-01-17,2697.7081589843383,2699.0579414817794,2660.110039535821,2663.4599609375,0
2011-01-18,2671.3094924804104,2693.208487505475,2662.509906338604,2683.7587890625,0
2011-01-19,2689.008544635986,2706.7078095209804,2672.3094713128376,2684.35888671875,0
2011-01-20,2676.259108752391,2700.9580046965857,2659.260003047392,2696.258056640625,0
2011-01-21,2694.9583145868432,2711.607341017205,2686.5085638198466,2691.50830078125,0
2011-01-24,2697.358166940731,2727.406635753895,2695.658305151349,2725.456787109375,0
2011-01-25,2732.4064723856713,2742.8058282871043,2708.3576872198364,2713.407470703125,0
2011-01-27,2720.5570345625106,2728.556614327683,2619.0123200927933,2625.81201171875,0
2011-01-28,2625.56185508145,2625.56185508145,2509.0179360878,2548.31591796875,0
2011-01-31,2528.566985759399,2557.9655863100215,2487.1692603267884,2553.515625,0
2011-02-01,2560.3654443581495,2577.114564136708,2495.4689525389126,2503.968505859375,0
2011-02-02,2520.4676732958974,2536.0667072445367,2502.9185464918537,2509.26806640625,0
2011-02-03,2506.718391255147,2535.3667883730627,2496.218942910474,2532.4169921875,0
2011-02-04,2532.0167853795033,2563.66526799263,2483.569381256842,2493.718994140625,0
2011-02-07,2494.4189122341772,2509.2679851043263,2464.5703837748,2470.570068359375,0
2011-02-08,2467.8202395635435,2477.519680921082,2375.825074940355,2382.82470703125,0
2011-02-09,2373.025257597924,2373.025257597924,2266.8308843568434,2282.18017578125,0
2011-02-10,2271.230668435448,2323.3277825033256,2256.8813253176477,2307.528564453125,0
2011-02-11,2311.4285822446445,2374.1752848779633,2287.1798565257927,2369.37548828125,0
2011-02-14,2387.074561426532,2453.7710091256927,2387.074561426532,2449.371337890625,0
2011-02-15,2462.320377738707,2477.619621482508,2418.172798550568,2458.920654296875,0
2011-02-16,2456.6709534067986,2462.2705126715955,2442.771537321818,2453.071044921875,0
2011-02-17,2456.920783039141,2485.4192836496645,2450.6711118526223,2482.5693359375,0
2011-02-18,2482.9196130515666,2516.167866413567,2415.623099526379,2421.272705078125,0
2011-02-21,2417.0228314411293,2468.3201833974126,2393.874146100505,2461.220703125,0
2011-02-22,2453.7709505665684,2459.0206746804865,2420.672836439307,2434.322021484375,0
2011-02-23,2427.1222886850924,2440.0215122922104,2404.173545039612,2408.0732421875,0
2011-02-24,2403.623691199392,2403.623691199392,2302.379011538887,2309.028564453125,0
2011-02-25,2315.428398037815,2325.327780275794,2268.5807617195996,2300.17919921875,0
2011-02-28,2301.229044255146,2361.425828847176,2301.229044255146,2311.2783203125,0
2011-03-01,2328.3776084722035,2403.9236862091107,2328.277516077326,2401.223876953125,0
2011-03-03,2388.6243974771746,2417.3728857775277,2379.274791457075,2405.0234375,0
2011-03-04,2417.0227250950393,2431.3220215325637,2403.3735409347264,2408.123291015625,0
2011-03-07,2392.474281816949,2393.7242160851956,2346.2267138918173,2367.675537109375,0
2011-03-08,2369.3254253589353,2404.273539745408,2369.3254253589353,2401.57373046875,0
2011-03-09,2404.2735200878383,2427.072370479046,2402.47381000331,2424.422607421875,0
2011-03-10,2421.57266165488,2421.57266165488,2405.4736543805807,2415.173095703125,0
2011-03-11,2398.873978275789,2423.0226120024763,2369.7256072037994,2379.425048828125,0
2011-03-14,2354.4764166450163,2404.3236516776565,2354.4764166450163,2402.82373046875,0
2011-03-15,2356.2760704955876,2372.5752627351644,2331.977542794104,2355.276123046875,0
2011-03-16,2367.9755869803344,2393.424200037057,2367.9755869803344,2381.9248046875,0
2011-03-17,2389.7243404572155,2394.323951922222,2365.725603370224,2379.974853515625,0
2011-03-18,2382.224820424963,2396.1239918344636,2356.8760558179783,2363.025634765625,0
2011-03-21,2368.275466128121,2380.324881844214,2344.026740228084,2351.12646484375,0
2011-03-22,2358.5258930791856,2382.024657534346,2358.5258930791856,2372.725341796875,0
2011-03-23,2371.1253299479768,2397.573890496008,2368.6755075839205,2395.97412109375,0
2011-03-24,2399.9738363042516,2421.3225666744825,2399.9738363042516,2413.123046875,0
2011-03-25,2422.222796433992,2447.1714364166696,2422.222796433992,2443.4716796875,0
2011-03-28,2446.22148351673,2462.970602904082,2443.821463217391,2456.4208984375,0
2011-03-29,2458.320714345881,2473.6700050717723,2455.2210237846525,2461.320556640625,0
2011-03-30,2474.069951577263,2518.067639726048,2474.069951577263,2509.01806640625,0
2011-03-31,2512.3680273866285,2527.31719329119,2479.9197806943,2505.118408203125,0
2011-04-01,2512.5679167741728,2539.566498009972,2499.4687516142217,2536.666748046875,0
2011-04-04,2539.2664535797585,2580.1644507082992,2539.2664535797585,2573.61474609375,0
2011-04-05,2586.614043867596,2614.4626777598314,2565.4152069368993,2610.412841796875,0
2011-04-06,2615.7126311654015,2640.811165649486,2607.0629392580236,2624.712158203125,0
2011-04-07,2630.3116869446144,2654.160530969211,2625.2121014923696,2642.711181640625,0
2011-04-08,2649.510674142476,2656.960477977864,2581.2642603991844,2592.4638671875,0
2011-04-11,2589.2638040661086,2589.2638040661086,2555.315637296047,2559.265380859375,0
2011-04-13,2549.4660158619854,2597.4134453774273,2539.5163438237205,2594.963623046875,0
2011-04-15,2593.8136018634978,2599.513253421111,2572.614765053401,2582.26416015625,0
2011-04-18,2583.564191686808,2611.462872169096,2541.416504092892,2546.066162109375,0
2011-04-19,2543.81631458142,2555.415802871318,2530.766951287234,2551.365966796875,0
2011-04-20,2561.21549343699,2589.5138109115087,2561.21549343699,2587.513916015625,0
2011-04-21,2587.164002397754,2614.262430938206,2587.164002397754,2590.663818359375,0
2011-04-25,2590.1138622636317,2609.612837387323,2590.1138622636317,2605.81298828125,0
2011-04-26,2603.6132341860257,2619.8123344315413,2580.914475362609,2612.0126953125,0
2011-04-27,2622.2620302466717,2631.161708807806,2604.9130888957725,2609.61279296875,0
2011-04-28,2619.76211612978,2622.412123237208,2565.9651408906093,2571.61474609375,0
2011-04-29,2574.1647221416083,2584.114150261043,2533.0167388522254,2544.916259765625,0
2011-05-02,2548.316053184496,2563.5652519349733,2510.0180166774103,2513.718017578125,0
2011-05-03,2511.217988714817,2524.8671730088804,2455.370829038933,2459.62060546875,0
2011-05-04,2451.57094968439,2462.620417090333,2424.322383501988,2445.121337890625,0
2011-05-05,2445.0213171516216,2466.170351395129,2418.2727238767825,2423.2724609375,0
2011-05-06,2432.6720355645916,2463.0703382739152,2430.622094609467,2458.920654296875,0
2011-05-09,2464.2204421810493,2471.269875961113,2443.9214613880545,2454.620849609375,0
2011-05-10,2457.1207496753045,2469.720184571675,2444.9214402157704,2455.220947265625,0
2011-05-11,2456.1208257274384,2487.8191097977833,2456.1208257274384,2483.519287109375,0
2011-05-12,2478.0695468680797,2495.818612852892,2456.0206583261797,2463.520263671875,0
2011-05-13,2462.1204621075235,2509.517870763202,2455.220922764609,2496.5185546875,0
2011-05-16,2493.518858607772,2500.9686624052374,2475.5198045253387,2480.7197265625,0
2011-05-17,2482.9695782673903,2494.3688813971626,2450.7710754963296,2461.570556640625,0
2011-05-18,2462.3204922508176,2472.0699796619306,2436.0718722978218,2442.521484375,0
2011-05-19,2439.1217096199302,2451.020986097945,2418.0227217062434,2427.622314453125,0
2011-05-20,2426.272307355685,2459.370664405796,2426.272307355685,2441.921630859375,0
2011-05-23,2440.471774500861,2440.471774500861,2400.9738513526336,2409.773193359375,0
2011-05-24,2410.1733556152926,2415.3229872634192,2396.823959683612,2410.473388671875,0
2011-05-25,2407.673565593527,2410.173434266972,2397.8740315680643,2407.323486328125,0
2011-05-26,2415.2231912825987,2421.122783636003,2399.3238802174587,2402.173828125,0
2011-05-27,2401.7737456260725,2453.271040654498,2401.7737456260725,2449.471435546875,0
2011-05-30,2460.720790218144,2479.269620190555,2455.6209605508147,2471.670166015625,0
2011-06-01,2513.567868665517,2522.1675144291485,2501.4686509373805,2518.167724609375,0
2011-06-02,2495.8687942704582,2509.267992229608,2484.419444981274,2498.568603515625,0
2011-06-03,2495.5687441689315,2525.617213168983,2475.4199011705946,2479.669677734375,0
2011-06-06,2479.969665670321,2481.069461343088,2458.270611601907,2474.169921875,0
2011-06-07,2475.3698689843905,2496.2188706017055,2470.320085625053,2493.868896484375,0
2011-06-08,2490.6191117200738,2505.2682442151763,2481.7694791342083,2490.069091796875,0
2011-06-09,2490.419173685952,2500.468694397178,2480.169712310023,2490.119140625,0
2011-06-10,2500.468683150027,2501.41858439894,2466.620364424312,2475.969970703125,0
2011-06-13,2475.9197656106508,2488.8189891955917,2453.8208308032013,2486.869140625,0
2011-06-14,2487.5692731515855,2505.168446280777,2487.019253217336,2495.6689453125,0
2011-06-15,2495.9187859640097,2500.518397581461,2469.820060865803,2474.31982421875,0
2011-06-16,2464.02028380289,2472.6199290791496,2451.770928174048,2455.120849609375,0
2011-06-17,2456.570836594627,2469.0201334455783,2432.9722233953494,2438.671875,0
2011-06-20,2443.371422842737,2444.1714295722313,2325.82755950719,2361.475830078125,0
2011-06-21,2370.4254019378022,2381.7248565933014,2348.3765125325795,2353.92626953125,0
2011-06-22,2369.975463780529,2374.1251478978784,2316.0281054882644,2321.22802734375,0
2011-06-23,2324.727861715385,2326.02759806177,2294.5793004650545,2321.577880859375,0
2011-06-24,2327.9777974069225,2371.1254329908284,2327.9777974069225,2365.42578125,0
2011-06-27,2355.8762142120336,2398.123994369274,2353.426391762203,2392.92431640625,0
2011-06-28,2400.5237187133266,2414.3230421794324,2391.3742973092985,2405.87353515625,0
2011-06-29,2410.7234412078865,2422.722810775749,2405.473717021947,2411.723388671875,0
2011-06-30,2412.6731801968376,2426.3223648083294,2412.023067898136,2418.9228515625,0
2011-07-01,2420.622651134032,2440.271519751549,2416.672907758006,2427.022216796875,0
2011-07-04,2436.5719539154593,2467.2204903802435,2436.5719539154593,2463.170654296875,0
2011-07-05,2465.5203500052503,2469.5701860321597,2454.6210203737237,2457.870849609375,0
2011-07-06,2464.1705415396914,2471.6201011914773,2456.6208894921256,2466.67041015625,0
2011-07-07,2467.6202436372073,2509.868022096805,2467.6202436372073,2507.168212890625,0
2011-07-08,2510.218022937259,2515.567594986008,2483.6193247672504,2487.119140625,0
2011-07-11,2482.669537853978,2485.7692284225695,2464.520345450984,2470.72021484375,0
2011-07-12,2462.9204858252288,2462.9204858252288,2420.2227807846903,2431.8720703125,0
2011-07-13,2441.021476800477,2472.1199383233075,2441.021476800477,2468.72021484375,0
2011-07-14,2460.3705839899085,2496.118703631298,2454.870873275848,2483.16943359375,0
2011-07-15,2485.8193384000424,2502.318471483661,2473.170100687054,2481.2197265625,0
2011-07-18,2477.869758196104,2502.2683780994603,2476.869810755347,2489.619140625,0
2011-07-19,2488.4191879602045,2507.018063399067,2488.4191879602045,2502.318359375,0
2011-07-20,2511.9179812574635,2515.1177641963136,2462.9205573649597,2465.720458984375,0
2011-07-21,2466.42032124237,2468.8200973638536,2437.1218134430187,2441.521484375,0
2011-07-22,2447.1213197697143,2487.4692957547586,2447.1213197697143,2483.91943359375,0
2011-07-25,2483.8194779742525,2501.318558760499,2480.6697410838487,2495.81884765625,0
2011-07-26,2499.4686746573384,2508.26801667214,2467.670297799777,2474.81982421875,0
2011-07-27,2474.5198988508782,2482.6696171746844,2459.0707593282045,2476.869873046875,0
2011-07-28,2468.9701800923335,2468.9701800923335,2437.021665915218,2440.4716796875,0
2011-07-29,2434.8719580065745,2454.8208601305987,2406.0734235996665,2409.523193359375,0
2011-08-01,2419.7726373008677,2432.2719799129177,2383.224754805462,2395.27392578125,0
2011-08-02,2394.3241119726904,2394.3241119726904,2356.126168381413,2359.77587890625,0
2011-08-03,2350.1265463733544,2359.3760604905565,2321.1280696815866,2356.326171875,0
2011-08-04,2359.7757630209185,2383.6246060752383,2325.677703281682,2329.7275390625,0
2011-08-05,2266.8307697943333,2289.2795406948467,2221.583148742898,2284.6298828125,0
2011-08-08,2268.030761270645,2273.1806372288183,2206.434143463843,2249.431884765625,0
2011-08-09,2205.0339341297995,2259.281081137538,2181.3852755277703,2218.933349609375,0
2011-08-10,2238.832127841635,2280.9300100067767,2238.832127841635,2277.780029296875,0
2011-08-11,2270.38055424785,2288.2795149191493,2261.2809353266844,2264.580810546875,0
2011-08-12,2270.780455310643,2289.329528425002,2247.931803674153,2251.031494140625,0
2011-08-16,2261.931170101341,2269.93074967306,2190.684914540722,2197.234619140625,0
2011-08-17,2199.434464147346,2206.084017043789,2160.936487293039,2174.185791015625,0
2011-08-18,2180.7853570819575,2187.9351280262167,2101.33957878177,2110.2392578125,0
2011-08-19,2087.8401907074467,2100.389579797925,2058.741866928411,2094.43994140625,0
2011-08-22,2094.9898401296578,2141.0372213827973,2080.240616368711,2133.8876953125,0
2011-08-23,2143.0373094700276,2169.035943529776,2131.787900501867,2160.786376953125,0
2011-08-24,2164.8861323234532,2194.2844883861085,2142.8872894083884,2153.73681640625,0
2011-08-25,2158.536523199059,2164.6863466582195,2113.439038470893,2119.48876953125,0
2011-08-26,2116.238853144089,2121.0384055331,2061.041559392538,2066.741455078125,0
2011-08-29,2086.640348316329,2129.588042612939,2086.5402559198737,2123.1884765625,0
2011-08-30,2126.9883632553474,2156.9867873859134,2122.838434773939,2151.786865234375,0
2011-09-02,2158.1865935465403,2193.3346481666294,2155.98675801942,2187.385009765625,0
2011-09-05,2179.985460839623,2202.584125980794,2163.93625597573,2200.63427734375,0
2011-09-06,2196.3845823081756,2208.8839254808836,2173.785672200802,2206.833984375,0
2011-09-07,2213.083714439765,2249.581797468494,2213.083714439765,2240.482421875,0
2011-09-08,2245.581866359634,2260.0811039114824,2236.4824913382504,2251.731689453125,0
2011-09-09,2254.231637692642,2262.48120417759,2208.3839493342666,2211.433837890625,0
2011-09-12,2188.734969799635,2188.734969799635,2141.037283394096,2148.987060546875,0
2011-09-13,2158.2365687330025,2190.2846876051103,2139.3874625893404,2148.886962890625,0
2011-09-14,2153.7866014407305,2173.5856087332627,2139.387456570407,2167.3359375,0
2011-09-15,2173.785682209216,2199.534329263544,2171.1359190955204,2197.734619140625,0
2011-09-16,2205.783855678447,2212.8335336218115,2188.734947936894,2194.984619140625,0
2011-09-19,2184.1852637585903,2202.8341860491014,2184.1852637585903,2192.73486328125,0
2011-09-20,2181.085366402542,2222.583186286994,2181.085366402542,2221.333251953125,0
2011-09-21,2228.382741498339,2253.0813930160675,2228.382741498339,2250.231689453125,0
2011-09-22,2218.8833142557824,2218.8833142557824,2152.93683105107,2158.786376953125,0
2011-09-23,2146.787056812917,2172.8357363962136,2115.38880491344,2145.787109375,0
2011-09-26,2149.2371584067846,2154.336743946695,2078.9908497469173,2104.639404296875,0
2011-09-27,2119.538569263253,2140.887545521041,2119.538569263253,2133.387939453125,0
2011-09-28,2138.7873737100504,2141.687367616214,2101.489531384629,2106.689208984375,0
2011-09-29,2102.839507907661,2120.8886087786977,2080.390735768072,2115.038818359375,0
2011-09-30,2109.838958302179,2133.3877682916773,2095.489859653475,2102.289306640625,0
2011-10-03,2098.2397897420446,2098.2397897420446,2040.292762870296,2043.342529296875,0
2011-10-04,2037.2429266917304,2062.6416165071428,2006.2946017294355,2009.494384765625,0
2011-10-05,2016.6940472653007,2028.3433372985464,1992.5452921591857,1994.9451904296875,0
2011-10-07,2013.094122066484,2049.0922296326044,2012.994151736024,2022.49365234375,0
2011-10-10,2029.5432614351864,2058.0916864192004,2023.293590195618,2055.991943359375,0
2011-10-11,2061.241646607091,2088.9401404385703,2048.6922580578594,2060.24169921875,0
2011-10-12,2062.041393535915,2109.538894120928,2062.041393535915,2106.339111328125,0
2011-10-13,2112.288791175848,2130.3879367761037,2098.639606810067,2102.489501953125,0
2011-10-14,2098.9896843259153,2114.4888690210037,2091.7898677459707,2111.739013671875,0
2011-10-17,2115.7887709181587,2123.538363872179,2099.7896112711483,2105.58935546875,0
2011-10-18,2098.589531282456,2098.589531282456,2066.041195025387,2074.0908203125,0
2011-10-19,2084.3404845590285,2107.589263566053,2084.3404845590285,2105.83935546875,0
2011-10-20,2101.73956572191,2101.73956572191,2067.6412613190228,2079.74072265625,0
2011-10-21,2082.240748741674,2092.9401380349063,2060.141811611549,2064.1416015625,0
2011-10-24,2063.641519805167,2095.139864020243,2054.541900491917,2057.44189453125,0
2011-10-25,2054.1420691657054,2070.791096719215,2037.2929788819088,2063.04150390625,0
2011-10-28,2107.939152779754,2155.336561604972,2107.939152779754,2148.636962890625,0
2011-10-31,2155.3366518095972,2170.7857908681526,2142.0373020870347,2159.636474609375,0
2011-11-01,2147.5869249338148,2165.6860700426914,2120.038325972267,2129.238037109375,0
2011-11-02,2123.738376397287,2145.387139887429,2113.0887901444344,2130.18798828125,0
2011-11-03,2129.3880449205512,2141.337367842728,2114.0387542712992,2136.03759765625,0
2011-11-04,2151.2370844457687,2172.2857833597313,2148.3370903098494,2160.986572265625,0
2011-11-08,2165.93621885453,2174.7856072938325,2154.5366714691345,2164.7861328125,0
2011-11-09,2174.6856313244557,2178.0853547973534,2126.0380443527665,2129.887939453125,0
2011-11-11,2131.9881151835025,2131.9881151835025,2088.490399896856,2096.289794921875,0
2011-11-14,2110.189205252217,2121.9886342824093,2055.791916137234,2058.991943359375,0
2011-11-15,2058.8416908262097,2058.8416908262097,1990.8953124877576,1994.1451416015625,0
2011-11-16,1993.6452209256768,1996.4950467346591,1963.6467975387072,1978.89599609375,0
2011-11-17,1979.6960211518524,1987.3955677333608,1939.2981195383545,1944.3978271484375,0
2011-11-18,1939.34797556684,1939.34797556684,1905.4498556681851,1926.8486328125,0
2011-11-21,1918.6991774612452,1918.6991774612452,1884.150944930057,1890.0506591796875,0
2011-11-22,1892.5004214453825,1908.349563294282,1879.001131569505,1893.5504150390625,0
2011-11-23,1886.000808064795,1886.000808064795,1853.852474037386,1861.902099609375,0
2011-11-25,1890.1506047158111,1916.199283750519,1879.7511271677092,1891.9005126953125,0
2011-11-28,1908.399709831788,1952.94741759002,1908.399709831788,1946.5477294921875,0
2011-11-29,1946.5975993334405,1962.5468339670283,1916.2992656579136,1922.2989501953125,0
2011-11-30,1920.9990311250097,1921.598975185148,1893.150518919848,1916.499267578125,0
2011-12-01,1937.698158771788,1973.2962625012765,1930.1485069272944,1945.397705078125,0
2011-12-02,1947.797595405784,1980.9458766481832,1936.4482166506532,1977.7459716796875,0
2011-12-05,1975.446182761068,1986.2955879011731,1968.49647492434,1975.74609375,0
2011-12-07,1977.9959900773365,2001.7447415783429,1973.3962563046575,1978.345947265625,0
2011-12-08,1976.1461208932128,1976.1461208932128,1928.548647340392,1934.3983154296875,0
2011-12-09,1920.699124169977,1931.998457195378,1901.8000928204997,1918.899169921875,0
2011-12-12,1929.1986253913497,1932.8483358594813,1860.952213298562,1869.1517333984375,0
2011-12-13,1856.9024255711577,1876.6013416264557,1848.352825997815,1867.7518310546875,0
2011-12-14,1866.851842559494,1885.6008572430528,1844.8030745299675,1848.952880859375,0
2011-12-15,1839.653287605605,1844.9030116224171,1810.6047658870225,1841.3531494140625,0
2011-12-16,1847.802903607236,1866.4019016269567,1790.805899378607,1797.60546875,0
2011-12-19,1794.2556957655563,1794.2556957655563,1753.6078072096334,1772.556884765625,0
2011-12-20,1772.8567360124814,1781.5063056402123,1722.3593911159412,1727.3092041015625,0
2011-12-21,1749.3579425458788,1765.757104435288,1733.458876423918,1759.2574462890625,0
2011-12-22,1754.8577475558577,1798.4055083005094,1741.7085360970789,1795.9056396484375,0
2011-12-23,1803.4051550258775,1813.504599460208,1778.0064663837352,1784.9061279296875,0
2011-12-27,1802.0552940721568,1813.7546302339829,1776.3565717589663,1783.40625,0
2011-12-28,1784.0562193231822,1784.0562193231822,1754.407753815712,1766.757080078125,0
2011-12-29,1760.857335778864,1768.6069281754026,1749.2080461500202,1752.2578125,0
2011-12-30,1757.9075951278533,1770.7069711534325,1739.2086268721314,1753.307861328125,0
2012-01-03,1772.6567952675423,1838.0033349899963,1772.6567952675423,1834.103515625,0
2012-01-04,1830.503726345198,1844.602960582964,1823.204183402756,1829.40380859375,0
2012-01-05,1830.353706836617,1841.653161512639,1816.9044628578608,1824.7041015625,0
2012-01-06,1821.9042338043312,1832.153695053779,1795.8555541935898,1820.704345703125,0
2012-01-09,1830.403808245568,1854.7525042538643,1812.254737605169,1851.302734375,0
2012-01-10,1859.0022532348337,1920.4990205283243,1859.0022532348337,1915.79931640625,0
2012-01-11,1924.7488049234728,1942.5978423096135,1916.1993275522432,1936.84814453125,0
2012-01-12,1935.198265577828,1957.547065711328,1926.0986465230835,1947.24755859375,0
2012-01-13,1952.4474577612928,1985.1957370077373,1951.8473916354296,1965.396728515625,0
2012-01-16,1956.047148877681,1968.69650801657,1939.647986954372,1965.8966064453125,0
2012-01-17,1969.9963873588565,2010.944307438495,1969.9963873588565,1998.794921875,0
2012-01-18,1999.0948093480777,2007.4444678564096,1965.0466733423093,1970.496337890625,0
2012-01-19,1986.545614662386,2011.1442973797707,1986.545614662386,2006.694580078125,0
2012-01-20,2011.0442873889135,2033.3430417190664,2001.8446978442944,2022.1937255859375,0
2012-01-23,2023.4436692290967,2049.092223137542,2020.543797271572,2024.693603515625,0
2012-01-24,2029.1933512970545,2067.0912609211914,2023.1936667679909,2061.54150390625,0
2012-01-25,2074.34077846864,2100.1895157040044,2072.8408574095924,2096.73974609375,0
2012-01-27,2099.3394645032295,2117.3385172265225,2093.0897934187524,2110.68896484375,0
2012-01-30,2109.4891480485926,2111.7390297149723,2049.2921188281207,2056.341796875,0
2012-01-31,2071.6411513962416,2114.9389252636533,2068.6413090145893,2109.5390625,0
2012-02-01,2107.389160441461,2144.637201355551,2102.3393772101012,2139.887451171875,0
2012-02-02,2147.6371282009864,2168.3860377156743,2119.538507303472,2146.13720703125,0
2012-02-03,2149.38690340121,2184.13507501935,2139.587370205646,2180.7353515625,0
2012-02-06,2201.1843952973804,2248.981932771172,2201.1843952973804,2225.733154296875,0
2012-02-07,2228.9828567505742,2242.781935628766,2185.3850522685707,2190.834716796875,0
2012-02-08,2198.4345812693527,2234.332598154964,2198.4345812693527,2226.532958984375,0
2012-02-09,2229.8326494836338,2273.430453651162,2221.8330703063098,2269.4306640625,0
2012-02-10,2274.48048825882,2297.5290808768873,2235.382446673492,2256.28125,0
2012-02-13,2255.481540728685,2281.6801148010836,2245.881947664576,2271.230712890625,0
2012-02-14,2244.9321096854273,2308.328681444127,2244.281997355177,2304.97900390625,0
2012-02-15,2308.928741913944,2379.925011899122,2308.928741913944,2374.5751953125,0
2012-02-16,2373.4753847109782,2403.9237359911535,2366.1256732412335,2397.52392578125,0
2012-02-17,2410.123291949674,2453.520912738809,2404.3235480330222,2424.072509765625,0
2012-02-21,2432.3219589353976,2464.120334487833,2425.9724395405024,2458.970703125,0
2012-02-22,2468.5701252005097,2481.4695932816435,2323.677842968942,2335.027099609375,0
2012-02-23,2327.377700920837,2343.976926320736,2272.130604046132,2318.378173828125,0
2012-02-24,2328.577625724055,2355.3262205598867,2289.2796413079077,2309.778564453125,0
2012-02-27,2310.478706761547,2310.9286342945525,2208.0839400248024,2216.533447265625,0
2012-02-28,2230.082645422294,2315.728286815262,2230.082645422294,2311.37841796875,0
2012-02-29,2315.3783844429768,2369.575488904745,2311.5785352024377,2347.276611328125,0
2012-03-01,2344.3268173927,2344.3268173927,2300.879148272822,2328.727783203125,0
2012-03-02,2341.026856584627,2346.376673051353,2308.0285909930244,2313.178466796875,0
2012-03-05,2313.67837659512,2313.67837659512,2261.731157235169,2270.1806640625,0
2012-03-06,2269.780653141674,2317.478342524188,2234.782491866839,2239.832275390625,0
2012-03-07,2238.2822926006684,2258.8312616905573,2218.033356573775,2248.831787109375,0
2012-03-09,2265.830749294904,2337.427080378098,2265.830749294904,2334.277099609375,0
2012-03-12,2351.7263671859987,2373.175189879257,2340.6268535041713,2366.575439453125,0
2012-03-13,2379.3749740990957,2399.123936376237,2379.3749740990957,2388.174560546875,0
2012-03-14,2409.3732814930427,2418.6728412203993,2384.124609420953,2390.624267578125,0
2012-03-15,2393.5240953718867,2393.5240953718867,2319.0780571878313,2327.07763671875,0
2012-03-16,2332.427520900505,2354.7263983159223,2290.0296016789844,2300.479248046875,0
2012-03-19,2301.7291281790067,2321.2281033925497,2255.9815324856945,2266.930908203125,0
2012-03-20,2266.231052247802,2303.528897674688,2260.0812288144425,2295.929443359375,0
2012-03-21,2295.279170623442,2352.726344213712,2289.1295917476373,2348.576416015625,0
2012-03-22,2347.8764515391313,2371.475307391403,2271.1805362109176,2278.030029296875,0
2012-03-23,2285.980009957503,2318.9282302848655,2264.381046943618,2309.778564453125,0
2012-03-26,2309.3284429396235,2309.3284429396235,2255.9813963462216,2264.330810546875,0
2012-03-27,2282.680002240163,2297.729259624897,2267.5806986592424,2279.380126953125,0
2012-03-28,2277.3302625784577,2277.3302625784577,2234.832496113916,2239.0322265625,0
2012-03-29,2225.133007692516,2243.23215373785,2212.033598772656,2238.13232421875,0
2012-03-30,2247.6319471058355,2304.328920369431,2247.6319471058355,2300.879150390625,0
2012-04-02,2309.5286013639384,2328.227814557022,2301.529021517589,2319.528076171875,0
2012-04-03,2322.62793346238,2353.376317470116,2322.62793346238,2345.9267578125,0
2012-04-04,2334.1273291075495,2350.6264619897493,2329.4276249303,2345.9267578125,0
2012-04-09,2330.2275307828577,2330.2275307828577,2293.729450533406,2297.5791015625,0
2012-04-10,2297.8793026163585,2306.278763773757,2271.7307737385768,2296.12939453125,0
2012-04-11,2285.429933796426,2302.4290403766827,2267.1308467109443,2276.180419921875,0
2012-04-12,2287.6297629301916,2310.478659655926,2287.6297629301916,2303.928955078125,0
2012-04-13,2307.0785761911848,2327.627543941886,2275.6302795084293,2278.530029296875,0
2012-04-16,2279.4302445868725,2297.379252379469,2272.9806323992225,2290.029541015625,0
2012-04-17,2295.179412578344,2310.928584790737,2277.780180609881,2308.528564453125,0
2012-04-18,2318.2779314945765,2340.9268863564025,2311.128405306665,2315.528076171875,0
2012-04-19,2326.977700809421,2329.6775099738634,2308.0285022070134,2316.128173828125,0
2012-04-20,2307.628573704877,2323.7278242263815,2278.030033509441,2292.029296875,0
2012-04-23,2292.679543293478,2305.328780780628,2245.131993612219,2248.1318359375,0
2012-04-24,2246.331738099728,2259.031020972608,2226.382836737583,2231.482666015625,0
2012-04-25,2231.9328213914273,2243.732250480099,2191.384902254921,2198.634521484375,0
2012-04-26,2196.384604936894,2208.3839745063196,2173.635800128192,2179.385498046875,0
2012-04-27,2180.2852603623255,2198.034327095374,2152.636811806749,2168.3359375,0
2012-04-30,2183.135262945876,2212.8836994843577,2183.135262945876,2206.533935546875,0
2012-05-02,2207.5339222684943,2227.632963955301,2197.1345662892086,2202.63427734375,0
2012-05-03,2201.4844370129445,2201.4844370129445,2167.3360846000337,2170.135986328125,0
2012-05-04,2169.136031997581,2169.136031997581,2111.6890991298087,2123.538330078125,0
2012-05-07,2121.288259844708,2152.78660210035,2067.441240274825,2147.786865234375,0
2012-05-08,2148.286978154422,2166.0860913764327,2093.089928402217,2103.989501953125,0
2012-05-09,2102.839475016192,2104.9895085449934,2056.141977174732,2063.29150390625,0
2012-05-10,2063.491551935699,2094.189888284855,2052.742117387551,2060.691650390625,0
2012-05-11,2059.841605367995,2062.0414408305155,2021.543693045703,2032.9930419921875,0
2012-05-14,2033.3930868943585,2044.8924822714348,1994.3951373547077,2008.244384765625,0
2012-05-15,2007.144525390281,2026.5435303947015,1989.3454118981645,2023.293701171875,0
2012-05-16,2020.9936860299815,2020.9936860299815,1984.3956352350988,2000.7447509765625,0
2012-05-17,2001.7947869115055,2027.7934201224384,1976.0960646915923,1985.295654296875,0
2012-05-18,1982.9957008828171,1983.6456911175123,1949.9475119452577,1977.845947265625,0
2012-05-22,1993.845109401048,2013.2941599595315,1965.9466740325176,1970.9464111328125,0
2012-05-23,1970.0963279781704,1970.0963279781704,1948.0974850740583,1956.4471435546875,0
2012-05-24,1957.4471733801383,1980.595859123283,1952.8973636714736,1976.5960693359375,0
2012-05-25,1976.5960099814704,1994.4950931551368,1974.4961448189497,1989.3953857421875,0
2012-05-28,1990.045442211013,2032.493162641809,1990.045442211013,2030.143310546875,0
2012-05-29,2030.8932598913375,2041.592648722518,2012.1942915037168,2015.9940185546875,0
2012-05-30,2015.1941062788496,2015.1941062788496,1972.696340466432,1975.99609375,0
2012-05-31,1976.6960862937087,1984.4456787109375,1961.5468586395084,1984.4456787109375,0
2012-06-01,1984.845600732361,1992.8451801658296,1940.6980193850227,1945.7476806640625,0
2012-06-04,1944.7476712276268,1945.197720794747,1907.049703174944,1942.247802734375,0
2012-06-05,1942.7979043906423,1968.1465475662303,1941.3479073651988,1948.4476318359375,0
2012-06-06,1949.2474480378296,2004.5945124496031,1949.2474480378296,2002.8446044921875,0
2012-06-07,2004.59456889115,2025.2435077828288,2002.6447202235431,2022.49365234375,0
2012-06-08,2021.2436573881928,2036.1929442921105,2002.894646967297,2032.943115234375,0
2012-06-11,2034.7930168120313,2068.991291603296,2021.143710200496,2028.7432861328125,0
2012-06-12,2026.943375358916,2054.1919413281985,2014.6940200149263,2050.442138671875,0
2012-06-13,2050.6921934767342,2064.991490238956,2043.1925879155465,2047.09228515625,0
2012-06-14,2046.1924978221864,2052.692156190206,2010.744287792112,2013.544189453125,0
2012-06-15,2014.0441072496976,2038.042845172934,2014.0441072496976,2035.6929931640625,0
2012-06-18,2037.4428876853133,2060.841559354863,1995.5949910568584,2002.9447021484375,0
2012-06-19,2001.2947596835777,2010.2942863236483,1989.5453776812633,2007.494384765625,0
2012-06-20,2008.0444316639228,2037.1929233084177,2008.0444316639228,2033.5430908203125,0
2012-06-21,2032.7930701704656,2061.9916071483462,2023.4435865022583,2060.24169921875,0
2012-06-22,2057.741996140131,2070.5911746364004,2036.443066231005,2068.041259765625,0
2012-06-25,2068.741439228701,2097.0898037768516,2060.6918131985585,2063.79150390625,0
2012-06-26,2063.4415802681538,2077.7906794972773,2062.091553578512,2076.040771484375,0
2012-06-27,2077.7906960138394,2093.3899737896854,2077.7906960138394,2090.2900390625,0
2012-06-28,2090.740281557282,2104.3894669777915,2079.3907800334127,2086.990478515625,0
2012-06-29,2088.840171634454,2140.137524516883,2088.840171634454,2136.8876953125,0
2012-07-02,2137.837498792807,2166.2859535476623,2137.837498792807,2158.236572265625,0
2012-07-03,2159.8863739095186,2178.6854337672507,2159.8863739095186,2176.535400390625,0
2012-07-04,2176.2856028603987,2201.38438231764,2176.2856028603987,2198.734619140625,0
2012-07-05,2198.9844524209025,2220.183288739777,2196.4345376935385,2214.383544921875,0
2012-07-06,2214.133508250523,2214.3834950980163,2186.4350143737915,2190.23486328125,0
2012-07-09,2188.634986904099,2188.634986904099,2140.287429919199,2146.38720703125,0
2012-07-10,2146.187205965986,2183.03512208104,2146.187205965986,2182.38525390625,0
2012-07-11,2181.035308132384,2185.885150972074,2166.9862415996927,2169.986083984375,0
2012-07-12,2168.535940578516,2168.535940578516,2140.537411968354,2155.586669921875,0
2012-07-13,2155.8867737676055,2170.335966074207,2144.1373908400687,2147.63720703125,0
2012-07-16,2147.937173792288,2155.2368390198194,2129.7381789855317,2132.43798828125,0
2012-07-17,2133.587739126882,2147.7869435182365,2109.288968247032,2112.138916015625,0
2012-07-18,2111.089082548805,2122.9886041028626,2096.93992328019,2119.838623046875,0
2012-07-19,2121.5384405516593,2141.6875284394036,2121.5384405516593,2128.2880859375,0
2012-07-20,2127.037964914424,2129.7380181340127,2113.488873260971,2124.73828125,0
2012-07-23,2123.488363361997,2123.488363361997,2075.6908295576404,2083.290283203125,0
2012-07-24,2083.1904853148685,2094.939867366781,2075.6408335538276,2088.89013671875,0
2012-07-25,2087.940326390128,2087.940326390128,2056.242040980972,2067.391357421875,0
2012-07-26,2067.741348055844,2071.1911177925117,2009.6443059220476,2014.64404296875,0
2012-07-27,2017.5439878338748,2058.2917241742643,1995.6451143645584,2002.0947265625,0
2012-07-30,2003.194787906715,2050.592199681267,2003.194787906715,2046.6424560546875,0
2012-07-31,2047.54246891838,2063.791493301976,2025.043650760308,2058.94189453125,0
2012-08-01,2059.3417192173806,2082.7904380048285,2059.141778553703,2081.090576171875,0
2012-08-02,2080.640591909112,2095.7896976545717,2075.5908086180293,2093.93994140625,0
2012-08-03,2092.8899866404563,2092.8899866404563,2072.040984917933,2085.390380859375,0
2012-08-06,2086.9403986450116,2114.489000038802,2086.9403986450116,2100.28955078125,0
2012-08-07,2100.7397123058986,2118.338641069206,2100.7397123058986,2109.38916015625,0
2012-08-08,2110.338931999928,2127.7381631582352,2098.5895501028444,2102.289306640625,0
2012-08-09,2102.739540375125,2113.3888828005774,2083.4405062464916,2089.5400390625,0
2012-08-10,2089.5900089734114,2091.490055488275,2075.2409104247577,2088.090087890625,0
2012-08-13,2088.4401409823136,2114.0886935257495,2088.4401409823136,2110.788818359375,0
2012-08-14,2110.689143666903,2124.938394946744,2107.6893012921996,2118.73876953125,0
2012-08-16,2119.6385980596497,2125.338249674681,2111.4390778303255,2113.5888671875,0
2012-08-17,2114.5887818428405,2131.8879212110587,2088.3902079968557,2094.389892578125,0
2012-08-21,2094.8897516238676,2103.839231808829,2087.7900276068713,2101.489501953125,0
2012-08-22,2100.789513260334,2103.8894480259396,2078.2408934233204,2081.49072265625,0
2012-08-23,2080.3906852417285,2094.4900420430076,2069.4913556065535,2076.890869140625,0
2012-08-24,2076.1909543774827,2076.1909543774827,2055.891972169125,2067.59130859375,0
2012-08-27,2068.041124580815,2072.8909671381616,2037.992778348576,2039.9427490234375,0
2012-08-29,2014.39404275494,2019.3937797684791,1993.095114251706,1998.1448974609375,0
2012-08-30,1997.394988308012,2005.1946270753983,1980.1959413644097,2001.44482421875,0
2012-08-31,2000.694848665874,2015.544043454229,1983.7456666424048,1994.1951904296875,0
2012-09-03,1995.0451908804769,2010.4943302472464,1989.295493009545,1993.1953125,0
2012-09-04,1993.295246858702,2009.094343137092,1988.495450331859,2006.444580078125,0
2012-09-05,2005.9945149527496,2005.9945149527496,1986.7455269248417,1989.8953857421875,0
2012-09-06,1989.2954777250775,2011.5443084459976,1988.0954675489816,2002.19482421875,0
2012-09-07,2004.094568712064,2035.792975138676,2004.094568712064,2033.593017578125,0
2012-09-10,2041.9426352926505,2057.591714438486,2040.442714193901,2046.7423095703125,0
2012-09-11,2045.6925720881832,2055.341967471322,2039.942874166216,2053.942138671875,0
2012-09-12,2054.541916239337,2068.99135209384,2052.09209382939,2057.741943359375,0
2012-09-13,2057.491904717297,2063.5413912933477,2030.1432451866815,2033.5430908203125,0
2012-09-14,2035.643061901132,2069.29119661301,2035.643061901132,2063.441650390625,0
2012-09-17,2065.241439491121,2120.138453548444,2065.241439491121,2115.98876953125,0
2012-09-18,2116.08875079601,2159.786405657939,2108.639191098188,2155.686767578125,0
2012-09-20,2154.83654662404,2155.936586387494,2123.5381449654387,2133.937744140625,0
2012-09-21,2135.387717920846,2195.0845301394816,2135.387717920846,2191.53466796875,0
2012-09-24,2191.5347783950897,2228.733019639392,2191.5347783950897,2198.284423828125,0
2012-09-25,2201.2842847275847,2220.3833792458963,2181.58536819798,2203.2841796875,0
2012-09-26,2202.434276781732,2222.383179329684,2192.0847231548837,2210.78369140625,0
2012-09-27,2211.1338417146253,2230.532724969899,2211.1338417146253,2216.783447265625,0
2012-09-28,2218.6834095541917,2270.18070226986,2218.6834095541917,2252.33154296875,0
2012-10-01,2252.281424937099,2271.480610309337,2252.281424937099,2269.530517578125,0
2012-10-03,2270.3306901846686,2292.6796138468785,2270.3306901846686,2286.6298828125,0
2012-10-04,2287.979768673216,2319.2281252657776,2287.979768673216,2297.879150390625,0
2012-10-05,2300.979125547552,2316.9782844047695,2245.531845330776,2275.430419921875,0
2012-10-08,2275.330270564809,2288.0795999599736,2251.2316846161098,2255.78125,0
2012-10-09,2256.43145762337,2280.780031451684,2250.8316542758275,2271.530517578125,0
2012-10-10,2269.6307054153435,2272.780442205049,2234.2824657060996,2238.832275390625,0
2012-10-11,2239.6821896036504,2291.1294334573668,2226.9829067085698,2287.229736328125,0
2012-10-12,2287.1298197628043,2313.3283942962066,2283.3800168011207,2285.929931640625,0
2012-10-15,2285.8799379616703,2296.4294326951463,2280.480319223905,2286.929931640625,0
2012-10-16,2287.729911223649,2302.929063904439,2249.7817095289106,2253.881591796875,0
2012-10-17,2255.2314816999274,2269.930659755128,2235.8824017261827,2251.281494140625,0
2012-10-18,2251.981758948147,2282.9801300241243,2250.681778432305,2281.18017578125,0
2012-10-19,2279.680261552895,2287.2797157502796,2248.9819234450706,2258.081298828125,0
2012-10-22,2257.581356615075,2264.53094271347,2242.5821445489855,2258.681396484375,0
2012-10-23,2258.3312849587883,2266.1809701456978,2237.382434564625,2239.482421875,0
2012-10-25,2239.9322698172914,2245.581875096291,2218.3333078669766,2228.682861328125,0
2012-10-29,2198.634450086126,2210.983898713282,2181.98542273716,2187.985107421875,0
2012-10-30,2187.834816093085,2200.534098963623,2150.086802586982,2161.88623046875,0
2012-10-31,2161.5863607014944,2176.235737367177,2150.987064174524,2174.28564453125,0
2012-11-01,2174.535640564791,2209.1339202416475,2173.7358779011156,2206.984130859375,0
2012-11-02,2208.53389392455,2233.0826532715523,2208.53389392455,2226.3330078125,0
2012-11-05,2225.7329737592236,2225.7329737592236,2201.984223480648,2208.3837890625,0
2012-11-06,2207.833832684409,2218.1833860177753,2200.4343195095653,2214.233642578125,0
2012-11-07,2215.083515858674,2248.931834286498,2214.633588337127,2238.682373046875,0
2012-11-08,2237.1823918503683,2244.831891894753,2212.933667129342,2242.18212890625,0
2012-11-09,2242.482199794457,2261.731187784406,2216.2833818773333,2219.683349609375,0
2012-11-12,2219.7334304588876,2232.2327735046324,2216.3835088715105,2229.6328125,0
2012-11-15,2232.832558960776,2237.032289329872,2212.8336104148048,2233.58251953125,0
2012-11-16,2233.2326234170732,2247.1317946258105,2190.6347665264184,2199.934326171875,0
2012-11-19,2200.1343707927676,2207.783871113046,2171.18594102069,2178.685546875,0
2012-11-20,2180.3354250121088,2195.6847164183755,2141.2376251808932,2151.987060546875,0
2012-11-21,2152.73688070762,2171.085769216705,2138.4876301056015,2167.885986328125,0
2012-11-22,2168.385934638101,2189.334783820692,2163.0861645980726,2176.685546875,0
2012-11-23,2176.9855430851626,2186.634937670714,2164.3360622257196,2175.985595703125,0
2012-11-26,2176.2854336705172,2200.4843561635107,2176.2854336705172,2195.484619140625,0
2012-11-27,2196.134629926035,2231.4828706245703,2196.134629926035,2226.0830078125,0
2012-11-29,2227.582867183768,2254.531401913648,2227.582867183768,2248.1318359375,0
2012-11-30,2249.63167410093,2294.87929417119,2249.63167410093,2288.32958984375,0
2012-12-03,2289.4796367682793,2318.327972429771,2289.4796367682793,2315.42822265625,0
2012-12-04,2315.478403573484,2338.9271223562687,2309.4286726997175,2331.927490234375,0
2012-12-05,2334.027121577024,2356.3259973797617,2334.027121577024,2343.726806640625,0
2012-12-06,2344.3768071773384,2372.4754283011307,2320.978134392138,2369.4755859375,0
2012-12-07,2370.675463107387,2389.0243523368304,2349.1765929340027,2359.97607421875,0
2012-12-10,2361.5758053740415,2379.9749846310324,2361.5758053740415,2377.824951171875,0
2012-12-11,2379.2748669197513,2396.523960447047,2322.527849083576,2350.7265625,0
2012-12-12,2352.1262375262786,2372.275079692854,2340.7767370498195,2361.725830078125,0
2012-12-13,2362.325815831528,2377.9250937779543,2317.528121029699,2323.02783203125,0
2012-12-14,2323.1778054043075,2350.3763254157257,2316.378114369508,2347.7265625,0
2012-12-17,2347.7764628131094,2366.775463898684,2347.7764628131094,2363.525634765625,0
2012-12-18,2363.125825319517,2390.1744528290465,2336.827158401964,2388.12451171875,0
2012-12-19,2390.274235636145,2404.8235195476004,2387.1244988872213,2391.524169921875,0
2012-12-20,2389.724546035032,2393.2741642322853,2365.875701352108,2379.22509765625,0
2012-12-21,2377.774823747441,2377.774823747441,2321.277795672662,2325.227783203125,0
2012-12-24,2325.327741824729,2338.8270323593692,2314.7782474332107,2327.32763671875,0
2012-12-26,2328.0275024656917,2352.6763529961763,2328.0275024656917,2344.976806640625,0
2012-12-27,2346.1765989302417,2358.3258620103966,2330.027302181149,2333.877197265625,0
2012-12-28,2335.1271340619696,2359.175917530151,2334.577114173901,2357.1259765625,0
2012-12-31,2356.976237523553,2374.725304802301,2356.976237523553,2369.37548828125,0
2013-01-02,2410.9733841185516,2436.921971510416,2410.9733841185516,2424.822509765625,0
2013-01-03,2425.772424784116,2444.3715450319182,2416.9230363155975,2439.021728515625,0
2013-01-04,2439.47179316511,2447.871253737605,2421.322601240997,2446.271240234375,0
2013-01-07,2446.7214362721825,2470.720174293273,2446.7214362721825,2456.020751953125,0
2013-01-08,2456.170883424422,2467.5701863002896,2436.9719418887453,2465.17041015625,0
2013-01-09,2466.120317790391,2486.3192067932637,2440.121684941917,2446.721435546875,0
2013-01-10,2448.4212886551177,2466.67032895525,2421.672695338485,2437.271728515625,0
2013-01-11,2437.871772350686,2448.971286192568,2389.324277033076,2395.073974609375,0
2013-01-14,2395.023915001679,2451.4210947804877,2378.7747697683503,2445.871337890625,0
2013-01-15,2445.9713913403666,2461.1204965425286,2437.221851738642,2449.77099609375,0
2013-01-16,2450.1211021283702,2458.6206549773,2398.973890576803,2403.87353515625,0
2013-01-17,2403.92355923448,2426.472421587093,2394.3740128841614,2417.372802734375,0
2013-01-18,2418.0727060044856,2432.871976057187,2406.7732517825275,2412.52294921875,0
2013-01-21,2412.773029186588,2432.422142442804,2412.773029186588,2428.222412109375,0
2013-01-22,2429.0721890345308,2449.071137147984,2388.6243653006272,2395.1240234375,0
2013-01-23,2396.4240115507405,2407.1234000000827,2334.6272128570745,2362.775634765625,0
2013-01-24,2360.2757531989064,2360.475937981802,2269.7307111284554,2278.980224609375,0
2013-01-25,2280.180111318573,2351.176376913891,2263.3809461267997,2348.576416015625,0
2013-01-28,2349.2264883217376,2357.7758431675265,2338.22706707868,2343.1767578125,0
2013-01-29,2343.7267559233183,2367.025334492181,2311.128373800217,2314.92822265625,0
2013-01-30,2316.1282729778745,2328.877602920872,2298.7790871298153,2304.078857421875,0
2013-01-31,2303.6287956601286,2328.4775859090287,2298.97913795592,2324.727783203125,0
2013-02-01,2325.427712386643,2339.676962759994,2309.2286134193378,2315.728271484375,0
2013-02-04,2316.6782623464787,2333.0773026018464,2277.2303849274754,2280.280029296875,0
2013-02-05,2279.430176492591,2279.430176492591,2242.682109026747,2256.2314453125,0
2013-02-06,2257.7811823573666,2282.730065792912,2257.431347236979,2265.78076171875,0
2013-02-07,2264.530905444608,2283.980078739123,2239.8322521411565,2248.681884765625,0
2013-02-08,2248.7317497511663,2255.5812427866445,2219.8831703591272,2226.682861328125,0
2013-02-11,2227.483057090704,2236.732571085504,2218.4835299606284,2225.633056640625,0
2013-02-12,2225.6330982179275,2227.383006303688,2179.8855011187607,2203.184326171875,0
2013-02-13,2204.034070846636,2223.7830329534936,2175.185733435574,2178.735595703125,0
2013-02-14,2178.1854749837444,2178.2355211794097,2130.8879140353015,2139.6875,0
2013-02-15,2138.4877774457036,2155.686825268636,2117.4388341753306,2152.136962890625,0
2013-02-18,2152.586796924461,2176.2357002655335,2151.686941883064,2168.93603515625,0
2013-02-19,2169.4860984293005,2206.8840356367286,2159.186590805799,2202.2841796875,0
2013-02-20,2203.3841064092503,2215.7335545092656,2197.884395683019,2200.13427734375,0
2013-02-21,2197.4344003143265,2197.4344003143265,2134.8876432520424,2138.537353515625,0
2013-02-22,2137.987688469862,2159.936485637696,2127.5880887662506,2145.287109375,0
2013-02-25,2147.6369699639267,2160.336252773125,2103.1393118736487,2119.9384765625,0
2013-02-26,2117.9886897341453,2117.9886897341453,2075.090799713562,2079.340576171875,0
2013-02-27,2081.0904628750773,2113.238917996362,2061.841475583977,2102.139404296875,0
2013-02-28,2104.0893692554964,2126.4883385460766,2002.3947627161456,2011.4443359375,0
2013-03-01,2011.994201744038,2061.8415567725974,2011.994201744038,2043.342529296875,0
2013-03-04,2042.2926883343953,2042.2926883343953,1994.445227451126,1999.794921875,0
2013-03-05,2001.3447540521531,2049.1422904879714,2001.3447540521531,2045.992431640625,0
2013-03-06,2047.9424103280785,2086.240446236739,2047.9424103280785,2071.691162109375,0
2013-03-07,2070.9412570314835,2089.8902127666547,2063.741684071436,2086.6904296875,0
2013-03-08,2088.140318296756,2114.9389594988775,2088.140318296756,2110.189208984375,0
2013-03-11,2110.63898964048,2126.2382668431237,2104.03923910218,2112.038818359375,0
2013-03-12,2112.7887719291934,2122.0883316104923,2077.240837024795,2093.33984375,0
2013-03-13,2091.6901213656774,2091.6901213656774,2064.791388527336,2067.241455078125,0
2013-03-14,2067.3912789735264,2105.1893400579465,2045.7924392383832,2103.039306640625,0
2013-03-15,2103.639306941043,2123.2881753654588,2075.640780217644,2078.590576171875,0
2013-03-18,2075.9409990415265,2075.9409990415265,2049.3923448219566,2063.54150390625,0
2013-03-19,2063.6414633302516,2075.540739834743,2010.0443066724056,2014.593994140625,0
2013-03-20,2013.6941649448825,2021.0437540753935,1948.0975164856295,1957.047119140625,0
2013-03-21,1958.5970337026072,1974.7962557319588,1912.049552853191,1916.54931640625,0
2013-03-22,1915.5992981579516,1927.29875666523,1890.2007303534244,1911.99951171875,0
2013-03-25,1911.9994979571404,1947.9976062178573,1890.5006277458788,1897.80029296875,0
2013-03-26,1897.8002166400895,1902.4999206484376,1867.8517184282528,1880.10107421875,0
2013-03-28,1880.1011628596448,1938.5481650539464,1867.201938294649,1932.8984375,0
2013-04-01,1932.8983715009308,1967.846485160607,1932.8983715009308,1964.146728515625,0
2013-04-02,1964.146717847288,2017.4938882402384,1957.897046478295,2012.6942138671875,0
2013-04-03,2012.69422383365,2036.092895903912,1978.3959783652176,1987.345458984375,0
2013-04-04,1987.3454278877164,1987.3454278877164,1941.947913200013,1947.297607421875,0
2013-04-05,1947.2975863796064,1963.746672243561,1937.2981124042192,1946.8975830078125,0
2013-04-08,1946.897681432332,1963.1468274638032,1942.3979179159244,1946.44775390625,0
2013-04-09,1946.4477488949003,1976.9960701170785,1922.4490102025145,1925.4488525390625,0
2013-04-10,1925.4487632031592,1953.847171687085,1905.849696529273,1951.5972900390625,0
2013-04-11,1951.597364808196,1970.396425457454,1931.748432587973,1950.697509765625,0
2013-04-12,1950.6974963842947,1970.5464284683585,1926.1987843352947,1966.6966552734375,0
2013-04-15,1966.696601575023,1984.8455492932417,1956.7470516741612,1967.9964599609375,0
2013-04-16,1967.9965589777216,2014.1942045714495,1957.8470679111067,2011.6943359375,0
2013-04-17,2011.694260438958,2044.8924658263268,2003.194707402516,2019.5438232421875,0
2013-04-18,2019.5438406838105,2045.092424146251,2014.2941167041988,2043.092529296875,0
2013-04-22,2043.0924373943592,2091.689977699292,2036.3928387758697,2087.740234375,0
2013-04-23,2087.7403729349353,2100.539504942436,2057.091837236117,2076.44091796875,0
2013-04-25,2076.440923663502,2099.4897611842594,2076.440923663502,2085.84033203125,0
2013-04-26,2085.840221850483,2102.089367035404,2056.441866059339,2060.54150390625,0
2013-04-29,2060.5416183637185,2103.6894973743247,2060.5416183637185,2095.239990234375,0
2013-04-30,2095.2399109615935,2112.538805916491,2053.591954704035,2089.090087890625,0
2013-05-02,2089.0901655759553,2128.7880305507697,2087.4403499331033,2123.08837890625,0
2013-05-03,2123.0883286470057,2137.487718075641,2089.940169085793,2117.48876953125,0
2013-05-06,2117.4887044073157,2150.3868760999308,2116.8385921229433,2148.737060546875,0
2013-05-07,2148.737033693453,2169.435895716061,2148.737033693453,2166.785888671875,0
2013-05-08,2166.7860774270985,2177.1856776029867,2145.4873915953845,2156.436767578125,0
2013-05-09,2156.436676947815,2169.5858879887337,2131.5378394877443,2136.1376953125,0
2013-05-10,2136.137672013097,2146.537027510694,2128.537973984077,2140.33740234375,0
2013-05-13,2146.8872510896786,2149.6371066744464,2091.5901063231495,2096.58984375,0
2013-05-14,2096.589684160902,2113.138862609641,2091.5399009186035,2102.83935546875,0
2013-05-15,2102.839439138569,2153.136844650971,2102.839439138569,2150.886962890625,0
2013-05-16,2150.886965730728,2174.3356846161805,2147.037070395713,2155.586669921875,0
2013-05-17,2155.586545595236,2175.2854604056633,2146.337032212858,2171.78564453125,0
2013-05-20,2171.785788496208,2195.5845868453675,2154.436846559674,2160.58642578125,0
2013-05-21,2160.586353156003,2164.036122947947,2130.28789734195,2135.98779296875,0
2013-05-22,2135.987726509071,2155.2367138483883,2097.68969248373,2102.239501953125,0
2013-05-23,2102.2396106786423,2102.2396106786423,2032.4931542585864,2046.242431640625,0
2013-05-24,2046.2422933585915,2072.1409548717083,2030.993095838122,2064.491455078125,0
2013-05-27,2064.4914557296756,2095.139745235935,2060.1415869811885,2092.33984375,0
2013-05-28,2092.3400696013528,2112.538960005988,2090.890194571281,2101.28955078125,0
2013-05-29,2101.289449567238,2103.2893444441947,2067.191388391803,2076.140869140625,0
2013-05-30,2076.1409609862512,2081.3406390708064,2061.2418411449244,2073.2412109375,0
2013-05-31,2073.2410434751173,2076.94080003676,2019.7937816027877,2023.6435546875,0
2013-06-03,2023.6436444966944,2037.7929252749475,2012.0942026661016,2034.64306640625,0
2013-06-04,2034.643083777397,2060.1917900746416,2034.643083777397,2041.9427490234375,0
2013-06-05,2041.942779656388,2061.641695987101,2036.8429499089737,2058.791748046875,0
2013-06-06,2058.791672420686,2072.891028878939,2041.5926253964049,2066.641357421875,0
2013-06-07,2066.6414087017565,2076.4409426151483,2032.4432544656977,2035.093017578125,0
2013-06-10,2035.0929346233745,2053.2421267219015,1990.6953669516056,1998.6949462890625,0
2013-06-11,1998.695009980867,1998.695009980867,1943.5478837531412,1958.0970458984375,0
2013-06-12,1958.0969941216608,1968.0465442149275,1930.1485124853784,1950.1474609375,0
2013-06-13,1950.1474924114689,1950.1474924114689,1899.700192952367,1904.2999267578125,0
2013-06-14,1904.299947661548,1939.2480622037392,1904.299947661548,1930.24853515625,0
2013-06-17,1930.2484783821112,1946.5975942913967,1905.5997500586975,1943.0977783203125,0
2013-06-18,1943.0977704316335,1973.1962853118764,1939.8479413288208,1959.197021484375,0
2013-06-19,1959.1970657863772,1983.1958043190468,1958.5470755383385,1976.296142578125,0
2013-06-20,1976.296086697951,1976.296086697951,1918.7490643930823,1921.848876953125,0
2013-06-21,1921.8489567508595,1932.098418134953,1862.852057076566,1886.200927734375,0
2013-06-24,1886.200916060926,1886.200916060926,1827.7539146086729,1837.2034912109375,0
2013-06-25,1837.2034924057912,1852.4526909659603,1802.0052690482432,1834.903564453125,0
2013-06-26,1834.9034756570195,1852.1025220801284,1823.0040772059208,1826.25390625,0
2013-06-27,1826.2540219964471,1852.352626330228,1818.8543863681673,1833.1036376953125,0
2013-06-28,1833.1035379243176,1895.600250869914,1833.1035379243176,1891.550537109375,0
2013-07-01,1891.5505907438871,1956.147170663299,1891.5505907438871,1952.9473876953125,0
2013-07-02,1952.9473254794475,1963.2967566942095,1930.6984957487448,1933.1983642578125,0
2013-07-03,1933.1984319761973,1933.1984319761973,1874.7015068149124,1878.751220703125,0
2013-07-04,1878.751204704069,1910.7495224685204,1867.3517795877044,1894.700439453125,0
2013-07-05,1894.7004974133129,1927.248714021676,1885.450983401577,1900.4501953125,0
2013-07-08,1900.4501721105637,1918.9991240422744,1874.151505388924,1909.2996826171875,0
2013-07-09,1909.299651408408,1936.348156210414,1909.299651408408,1934.248291015625,0
2013-07-10,1934.248316580584,1945.347708811652,1915.7492888408383,1920.799072265625,0
2013-07-11,1920.799020012134,1955.847103781324,1920.799020012134,1940.697998046875,0
2013-07-12,1940.6980665554297,1955.99718935546,1927.748673794419,1946.647705078125,0
2013-07-15,1946.6476893086465,1973.7962868637037,1936.548244523009,1971.8963623046875,0
2013-07-16,1971.8963642622753,1971.8963642622753,1928.6986834041984,1932.448486328125,0
2013-07-17,1932.44839463074,1947.797562791561,1890.8504851840737,1907.4996337890625,0
2013-07-18,1907.4996535241537,1942.2978721925524,1904.399840968173,1938.048095703125,0
2013-07-19,1938.048180585413,1949.3975597650076,1922.2489620013073,1928.0487060546875,0
2013-07-22,1928.0486631454996,1944.5477957540052,1915.049346544859,1934.1983642578125,0
2013-07-23,1934.1983922073653,1951.9474593608716,1934.1983922073653,1941.697998046875,0
2013-07-24,1941.69794171906,1941.69794171906,1901.499982347075,1910.4495849609375,0
2013-07-25,1901.9000000774129,1910.999497221261,1888.20076919684,1892.1505126953125,0
2013-07-26,1892.1505211028853,1909.9995582843387,1867.5518387807556,1880.701171875,0
2013-07-29,1876.9513862804429,1877.901287520457,1858.9022862090144,1862.4521484375,0
2013-07-30,1862.4520734168077,1867.0017608355777,1805.4050255829393,1807.6549072265625,0
2013-07-31,1797.1054838545988,1836.8533944511023,1759.1575274691556,1829.90380859375,0
2013-08-01,1829.9037667968064,1852.90255730846,1767.207112792768,1785.006103515625,0
2013-08-02,1785.006141817442,1793.0057212974946,1722.4094567988102,1746.2581787109375,0
2013-08-05,1754.3576953152376,1763.5572847815058,1727.3091909486216,1759.5574951171875,161900
2013-08-06,1748.3579774651075,1748.3579774651075,1703.0604336191864,1712.5098876953125,205800
2013-08-07,1712.8099419910154,1759.357420660711,1709.2101557299184,1745.408203125,235700
2013-08-08,1746.0081854842815,1772.106789029989,1737.7586191755645,1769.35693359375,167300
2013-08-12,1785.0061452265804,1813.1546899885543,1771.356838299893,1802.0552978515625,160200
2013-08-13,1801.4553033799405,1842.453147145992,1795.9055464348326,1840.55322265625,164200
2013-08-14,1845.752974576622,1862.5020943496656,1838.4534314362609,1851.252685546875,167400
2013-08-16,1842.1030435073023,1842.1030435073023,1762.0573277209685,1768.156982421875,166700
2013-08-19,1762.3073894472152,1766.9571694474946,1724.1093240707048,1751.0079345703125,167000
2013-08-20,1734.3588053710018,1769.007008917173,1721.7594919170936,1763.00732421875,170100
2013-08-21,1784.4562896601276,1797.405560449489,1705.8603216049305,1712.260009765625,180400
2013-08-22,1701.3605559246816,1764.5573085953963,1694.510940240756,1761.0074462890625,165700
2013-08-23,1774.2567039412231,1786.006086283016,1757.5075844327107,1783.356201171875,152200
2013-08-26,1794.105683997501,1809.054971763599,1781.5063704136412,1793.5557861328125,146700
2013-08-27,1784.756086173854,1791.4057607731472,1736.708687011882,1742.6583251953125,145200
2013-08-28,1722.309469126065,1746.2082369948632,1692.211076048209,1738.9586181640625,184200
2013-08-29,1746.15814078258,1768.506940677026,1732.5088344103558,1765.8570556640625,294600
2013-08-30,1767.657077042642,1791.7058616639154,1746.0081906765474,1769.45703125,177800
2013-09-02,1772.4068528243486,1808.8548885039784,1772.4068528243486,1807.10498046875,0
2013-09-03,1818.6543396659029,1821.5041653523947,1750.4579755896236,1756.8076171875,170100
2013-09-04,1762.807341662933,1788.0560141687847,1754.6076995316064,1783.106201171875,0
2013-09-05,1807.254910008228,1824.5540488636536,1803.705169974538,1817.054443359375,187300
2013-09-06,1824.654024906524,1828.6037683255931,1806.455030984692,1821.80419921875,165400
2013-09-10,1839.8033003491623,1851.8525936389156,1830.4538162940871,1843.60302734375,167400
2013-09-11,1840.6532694774328,1881.3510818865504,1840.0533254199224,1876.851318359375,228400
2013-09-12,1888.550713294382,1893.7503910365765,1846.7528624434356,1859.4022216796875,227800
2013-09-13,1858.4523907273992,1888.1007351076437,1858.4523907273992,1877.0013427734375,199300
2013-09-16,1903.8498332264,1905.6497874001511,1848.602738511008,1864.001953125,185600
2013-09-17,1861.902080480306,1870.3016631508904,1849.5527543592868,1868.501708984375,106500
2013-09-18,1872.4516431892848,1879.551245659623,1862.7021555681015,1874.4515380859375,108100
2013-09-19,1910.399547971865,1951.2473757101732,1902.549985129172,1945.44775390625,225500
2013-09-20,1947.5975580491504,1954.8972231042023,1891.550577908976,1931.7984619140625,249900
2013-09-23,1914.9992720897235,1936.1481843522376,1901.749968826887,1905.7998046875,157000
2013-09-24,1900.8500368284836,1928.9486575374815,1900.5501258348868,1915.9493408203125,148300
2013-09-25,1916.949240161328,1927.748599001668,1895.800327927808,1921.9989013671875,165900
2013-09-26,1920.848930261854,1927.198693972577,1911.599416710456,1914.8992919921875,190300
2013-09-27,1921.4490065397963,1933.3482831421743,1907.1997558580929,1910.4495849609375,120300
2013-09-30,1896.500210114331,1897.8501146884828,1874.6513838867963,1884.2508544921875,112100
2013-10-01,1885.950869178478,1910.6495214810543,1872.1014998421545,1908.0496826171875,119500
2013-10-03,1914.349334486101,1955.897199591322,1913.1494463793952,1953.247314453125,141200
2013-10-04,1945.9976614398547,1966.9466332541192,1940.5979209263592,1952.5972900390625,148800
2013-10-07,1950.5474233478308,1976.296068939084,1943.5977156683616,1974.8961181640625,109000
2013-10-08,1988.5953423470776,1996.6950139251271,1972.7962466908948,1977.095947265625,121600
2013-10-09,1966.2966240777848,1999.2448426235464,1962.496775069799,1996.344970703125,151700
2013-10-10,1999.8448092035876,2011.5941914790656,1994.1952038881973,1999.0948486328125,122600
2013-10-11,2015.6440091991117,2018.4938349295635,1995.1450871162235,2003.3946533203125,156600
2013-10-14,2004.994562677694,2019.0937969941433,2004.8445461507745,2015.343994140625,123800
2013-10-15,2025.6935871017936,2030.0433340837724,1979.4959418087792,1985.8956298828125,164900
2013-10-17,1985.5456645548868,2002.494724887744,1977.296098150348,1981.0958251953125,144400
2013-10-18,1985.2455924254573,2024.8935321718732,1985.2455924254573,2022.1436767578125,139500
2013-10-21,2024.6936520228787,2055.1920493448456,2024.6936520228787,2053.4921875,173700
2013-10-22,2048.9423340725866,2070.3411114632145,2048.9423340725866,2066.59130859375,177800
2013-10-23,2073.540981055001,2080.1407320321214,2031.593233361514,2054.2919921875,154500
2013-10-24,2053.042013214438,2080.9406935990855,2049.642289529101,2053.442138671875,144300
2013-10-25,2048.492413263587,2056.441946547332,2024.3435362284615,2027.243408203125,107100
2013-10-28,2029.743306059474,2036.043023817208,2004.894636350897,2006.89453125,108667200
2013-10-29,2006.49447280373,2045.792455318418,1990.29537339102,2042.9925537109375,133400
2013-10-30,2050.9923119749733,2056.341884354828,2039.692856966459,2046.3924560546875,115500
2013-10-31,2045.2424126739688,2089.940135183959,2044.9425016890048,2084.34033203125,215700
2013-11-01,2081.740567241286,2127.5880085018275,2081.740567241286,2125.188232421875,260900
2013-11-05,2123.138449856456,2173.3858098495266,2114.5888502261055,2156.086669921875,209200
2013-11-06,2158.7366821408327,2174.6857953796175,2141.9375159058063,2146.88720703125,178800
2013-11-07,2147.63704596859,2166.2859674804668,2104.039241319813,2107.439208984375,179700
2013-11-08,2103.189360106504,2124.888169292072,2101.0893729704458,2115.338623046875,152200
2013-11-11,2111.088905312313,2126.6381362318652,2092.8398652341502,2097.8896484375,172900
2013-11-12,2100.9396753049414,2106.4393863758996,2065.041414746917,2067.991455078125,172900
2013-11-13,2062.8415709654087,2092.0399880735345,2051.1922806669586,2058.541748046875,158700
2013-11-14,2074.5908017470697,2103.4393816071856,2074.5908017470697,2097.439697265625,133100
2013-11-18,2111.0890229237957,2134.187906837424,2111.0890229237957,2132.637939453125,134000
2013-11-19,2129.8881390774454,2144.737456853121,2124.488520319638,2138.337646484375,153000
2013-11-20,2136.8376034416588,2155.5365714847208,2114.438878747476,2122.08837890625,163400
2013-11-21,2115.08881089583,2119.4887261805525,2080.9407029117915,2086.140380859375,146700
2013-11-22,2097.839611495386,2109.7889341709783,2073.7908275566383,2084.140380859375,135300
2013-11-25,2096.8397018666933,2133.937848947067,2096.8397018666933,2131.287841796875,119400
2013-11-26,2126.238309519422,2141.5873560505675,2115.438828479892,2117.48876953125,246700
2013-11-27,2120.23864393529,2130.0879797048947,2106.3892742932117,2127.13818359375,145700
2013-11-28,2139.087463562338,2159.336398737102,2138.687582247038,2149.536865234375,273700
2013-11-29,2152.7369126835606,2180.2354668853827,2152.7369126835606,2177.785400390625,163700
2013-12-02,2183.935242857889,2199.9844480050606,2182.885249226244,2192.084716796875,151300
2013-12-03,2186.834945158712,2199.684367061729,2179.885359466703,2186.534912109375,170000
2013-12-04,2185.4852641709494,2201.6843641821492,2162.18643954931,2165.236328125,260600
2013-12-05,2201.684373135685,2206.1340905210345,2186.2850357268703,2193.28466796875,185600
2013-12-06,2193.8346988139606,2212.0837401067984,2189.0349021415173,2207.43408203125,131600
2013-12-09,2253.0815182204224,2253.3815512773467,2221.6332201244486,2234.032470703125,160100
2013-12-10,2233.9326748132867,2239.5822803186907,2205.284033569459,2230.3828125,164300
2013-12-11,2221.933257096173,2224.883053217577,2196.084518130146,2210.8837890625,132300
2013-12-12,2200.134292329222,2211.333654513362,2188.1349233902597,2191.134765625,137400
2013-12-13,2177.2853293026656,2186.3849481190564,2148.9369675336543,2152.73681640625,117000
2013-12-16,2152.3368515840743,2170.9359719059257,2147.4372067036556,2165.086181640625,124700
2013-12-17,2177.6854552701893,2185.2351068226517,2153.8866587757097,2157.386474609375,141700
2013-12-18,2157.736700595431,2210.433882335095,2157.736700595431,2206.634033203125,167200
2013-12-19,2216.333508476337,2221.2831995991833,2186.035051481747,2193.334716796875,147100
2013-12-20,2190.4848807404137,2238.7323429809226,2190.4848807404137,2237.232421875,187000
2013-12-23,2241.632082783753,2282.3298931170225,2241.632082783753,2269.530517578125,198000
2013-12-24,2275.5302343910525,2288.479748701014,2269.680688497436,2279.43017578125,164200
2013-12-26,2284.7797378297446,2306.0286202771026,2276.730356487209,2283.8798828125,233400
2013-12-27,2291.929483262408,2304.4288257420494,2289.4796609619552,2297.3291015625,143500
2013-12-30,2304.6289189388776,2310.878590592362,2283.730114580746,2290.9296875,134700
2013-12-31,2303.5788074671905,2307.328610267511,2287.629695048719,2302.62890625,152700
2014-01-02,2323.7778116201825,2343.9268994763606,2255.0814697374767,2262.981201171875,228600
2014-01-03,2251.831593911422,2273.7803914448305,2244.2321398264507,2271.380615234375,172800
2014-01-06,2277.880232436119,2285.77971943656,2261.431146132803,2284.52978515625,126700
2014-01-07,2289.879586510856,2299.679120029779,2257.18135477794,2261.031005859375,160700
2014-01-08,2267.430724573288,2283.4298826125655,2259.031020126001,2268.58056640625,158000
2014-01-09,2270.4806228652856,2276.4302609616993,2232.232635509766,2240.93212890625,141300
2014-01-10,2244.031983900198,2259.3812749883923,2212.5336390619,2216.18359375,139200
2014-01-13,2217.3834345277937,2235.382488336813,2200.934348066776,2215.283447265625,130900
2014-01-14,2211.33358139438,2233.0824368771105,2211.33358139438,2222.233154296875,115300
2014-01-15,2230.332703225018,2239.432322516907,2217.233538328713,2229.182861328125,145100
2014-01-16,2234.032525549469,2239.482434521982,2220.0833072740515,2225.782958984375,117500
2014-01-17,2225.733086743975,2234.082501315406,2191.034715589137,2196.58447265625,112400
2014-01-20,2194.6347164970784,2229.482983584318,2193.584722824806,2226.233154296875,112600
2014-01-21,2232.182672400051,2242.182146590682,2225.0829480735883,2233.232666015625,120800
2014-01-22,2234.1325400867368,2247.031764251496,2230.4828296271594,2242.882080078125,121800
2014-01-23,2237.3823027160092,2247.431822890078,2231.1326314793723,2232.33251953125,98800
2014-01-24,2222.43326396893,2228.482994894607,2181.335325935191,2183.63525390625,105900
2014-01-27,2160.736578096921,2160.736578096921,2092.4401173897186,2095.789794921875,155000
2014-01-28,2094.839704298722,2116.8385465473366,2073.240987476749,2092.18994140625,171300
2014-01-29,2105.5391151142685,2117.638576132731,2100.7893650320443,2106.5390625,138900
2014-01-30,2086.040195647053,2090.6900975889776,2065.0913461936775,2075.0908203125,231900
2014-01-31,2084.7404742293315,2134.537660395118,2084.290302588535,2131.087890625,171900
2014-02-03,2122.538286160359,2128.588016856248,2094.6898970851744,2098.48974609375,132100
2014-02-04,2079.0905711661544,2112.8387956874703,2070.540972128531,2106.839111328125,152800
2014-02-05,2107.489248139297,2120.638458862125,2100.839451420291,2116.588623046875,125600
2014-02-06,2126.8380632771173,2138.03742527718,2105.3892404768235,2120.83837890625,130500
2014-02-07,2140.937405793352,2149.436958598857,2129.2878722361975,2143.787109375,122900
2014-02-10,2148.187134181278,2151.237022698842,2128.638112903686,2131.93798828125,123000
2014-02-11,2137.2377374508787,2140.0373949530253,2122.288328068123,2131.537841796875,93600
2014-02-12,2142.6373238264223,2144.887205510524,2119.58848708151,2126.2880859375,111300
2014-02-13,2130.037979228075,2130.338012290925,2080.89065933648,2086.1904296875,111600
2014-02-14,2088.390124056899,2097.88962426209,2067.5411233238688,2092.789794921875,105700
2014-02-18,2092.490039668653,2121.2385275942015,2092.490039668653,2116.638671875,111200
2014-02-19,2115.4387741884116,2128.388044213011,2114.5386750503403,2125.73828125,89700
2014-02-20,2112.3888230207044,2134.83759269305,2107.5389806161497,2124.5380859375,118300
2014-02-21,2129.5880068232723,2143.5872709351584,2129.5880068232723,2141.08740234375,98700
2014-02-24,2144.287175085259,2150.786833391912,2140.737557004628,2145.537109375,98800
2014-02-25,2152.8367718255336,2162.086285558329,2141.6874556257662,2145.4873046875,107100
2014-02-26,2147.5370778623396,2152.7868020592273,2136.887734999773,2146.937255859375,187500
2014-02-28,2152.1868869044247,2171.385828596506,2148.4370840689485,2168.385986328125,119100
2014-03-03,2168.68607389335,2181.7852389845393,2145.737328788945,2155.48681640625,115300
2014-03-04,2156.886618521211,2194.0846142988003,2156.886618521211,2192.134765625,128400
2014-03-05,2204.534014689348,2213.0335678859524,2189.8848824192582,2210.683837890625,134000
2014-03-06,2219.333363145941,2257.731492465085,2216.433613134479,2253.981689453125,199500
2014-03-07,2264.9809034287773,2285.9297521711183,2252.9815348934667,2277.880126953125,265700
2014-03-10,2271.1806085461485,2303.9288863301704,2266.980878236045,2297.979248046875,216800
2014-03-11,2305.678843539531,2315.5782254910114,2280.9801907303267,2284.97998046875,204600
2014-03-12,2284.0298611266367,2299.8290795989737,2270.580616803514,2280.830078125,162700
2014-03-13,2285.6798314130833,2306.6286807611236,2240.582105712841,2251.281494140625,140000
2014-03-14,2241.832033405603,2267.580679056689,2226.7827761509648,2265.080810546875,142000
2014-03-18,2276.2303209192532,2305.628676302202,2276.2303209192532,2291.9794921875,140700
2014-03-19,2302.1789292558715,2318.0779951363756,2295.57917881805,2306.32861328125,136100
2014-03-20,2301.628938729128,2310.2783861285225,2281.680036831259,2283.679931640625,138900
2014-03-21,2292.7794495062217,2311.128583177376,2292.7794495062217,2304.97900390625,151400
2014-03-24,2314.7284529885856,2329.1275986218525,2313.9284462027827,2322.827880859375,133200
2014-03-25,2318.62814627229,2348.9266027882213,2317.4783043576017,2345.976806640625,157700
2014-03-26,2358.976102857377,2373.2253538743707,2343.3768251455513,2354.876220703125,218300
2014-03-27,2355.226360376762,2375.3251579554394,2352.076379383944,2356.026123046875,259600
2014-03-28,2369.575380592463,2439.971826276222,2369.575380592463,2433.47216796875,233700
2014-03-31,2452.9210464700654,2469.0700995137836,2432.62206519218,2465.020263671875,286900
2014-04-01,2474.970011470016,2477.119800819307,2434.672080729827,2452.52099609375,212800
2014-04-02,2468.070277010118,2508.218314088167,2464.320474027425,2504.568359375,197500
2014-04-03,2498.868503385758,2506.6180955831323,2466.6202003708754,2482.119384765625,250900
2014-04-04,2481.319564697113,2501.668593068249,2473.3700312512165,2490.319091796875,197300
2014-04-07,2490.519024370776,2506.8682628666775,2458.47090382743,2485.519287109375,207300
2014-04-09,2495.5188104962726,2543.5162891455525,2495.5188104962726,2542.216552734375,209000
2014-04-10,2546.916080057043,2610.362693912485,2542.766151860497,2589.913818359375,309100
2014-04-11,2573.414813724427,2607.913000815803,2566.3651353628043,2583.064208984375,251000
2014-04-15,2591.163831751426,2597.113470151743,2546.016058678409,2554.265625,185400
2014-04-16,2557.815356483503,2587.013771206892,2508.76788858001,2514.667724609375,227300
2014-04-17,2526.3670716144898,2573.9646648558846,2520.5673279481007,2570.564697265625,204100
2014-04-21,2580.2642690254647,2608.2129951944676,2580.2642690254647,2600.913330078125,163800
2014-04-22,2610.7626305242584,2614.9626050054458,2581.2143794602625,2586.31396484375,192200
2014-04-23,2589.7139579973655,2601.4633403396124,2565.165199682261,2572.86474609375,245700
2014-04-25,2577.1144041116863,2591.963720465314,2561.365232760533,2570.61474609375,198000
2014-04-28,2576.4645711593453,2613.112545756185,2568.314853364235,2608.412841796875,246900
2014-04-29,2615.612587132399,2625.0119956722547,2573.464899044197,2579.16455078125,262400
2014-04-30,2588.013787094136,2609.7626432242714,2489.8690466223647,2525.21728515625,287300
2014-05-02,2543.466342394295,2555.915638885239,2530.6669666569933,2539.466552734375,169000
2014-05-05,2540.8663209229994,2559.015268421337,2530.216978858319,2538.31640625,176000
2014-05-06,2549.815875201278,2560.2652769163506,2529.0169200364753,2539.716552734375,135700
2014-05-07,2540.216433814772,2564.6650985205015,2527.8669859750557,2533.316650390625,171500
2014-05-08,2543.8162818341043,2549.81596657003,2505.668384039296,2518.2177734375,164000
2014-05-09,2515.317728165435,2585.4141410552043,2511.5679252817695,2582.26416015625,243200
2014-05-12,2588.914057865718,2634.6616548273787,2588.4140841284325,2616.712646484375,287100
2014-05-13,2639.561185392916,2696.258155918112,2635.9114749200417,2688.858642578125,342600
2014-05-14,2700.2081017204646,2760.6548741758493,2693.508258732837,2757.705078125,359900
2014-05-15,2765.0045073125902,2788.0032979438997,2719.8569790070264,2730.00634765625,311700
2014-05-16,2809.30218471325,2909.896991184241,2785.5033876778216,2826.701416015625,580300
2014-05-19,2866.0992753729884,3023.9908743922256,2866.0992753729884,3017.59130859375,506900
2014-05-20,3052.1395814284297,3077.8381814866293,3006.3919866256315,3032.29052734375,515700
2014-05-21,3048.589696170838,3064.3388680329754,2997.8423646150627,3041.14013671875,388700
2014-05-22,3068.5385813971575,3111.136438896901,3056.489166229441,3091.887451171875,419600
2014-05-23,3118.93603955215,3202.331555236469,3118.93603955215,3193.281982421875,495100
2014-05-26,3229.030192096523,3288.2770773234006,3009.7917180713257,3111.386474609375,589700
2014-05-27,3120.4858658984263,3120.4858658984263,3007.991779442296,3074.538330078125,380700
2014-05-28,3082.2879474102365,3110.836495738636,3058.689334227822,3093.58740234375,309500
2014-05-29,3097.437218372501,3102.686942314839,3048.98957068812,3054.939453125,328600
2014-05-30,3069.2384446533174,3095.5371100367047,3039.0901282657,3049.1396484375,348000
2014-06-02,3058.189396382206,3149.184614779226,3057.9892115889857,3145.384765625,279900
2014-06-03,3157.1340234341296,3169.133392418801,3130.485278337333,3166.2333984375,327700
2014-06-04,3167.7832966354335,3238.129693424216,3167.7832966354335,3234.52978515625,374400
2014-06-05,3247.779291442379,3312.1760540964165,3223.9306910893984,3308.076171875,364000
2014-06-06,3335.8245681742324,3373.672675389314,3326.175173294507,3370.32275390625,391900
2014-06-09,3399.32118224451,3442.868940288113,3396.071353198387,3434.41943359375,584500
2014-06-10,3448.418922943667,3449.0687911443256,3347.47403112305,3406.171142578125,423300
2014-06-11,3411.9705324281204,3441.569074066267,3306.526124549883,3329.77490234375,439500
2014-06-12,3327.175274928032,3352.4737503352494,3287.927337167316,3336.124755859375,308800
2014-06-13,3344.3741184056366,3363.773000273399,3192.0320346874814,3216.230712890625,366200
2014-06-16,3203.2814789938384,3244.6294020130185,3121.1358969838484,3240.129638671875,341400
2014-06-17,3241.17958016931,3299.7263047311662,3217.6307702370227,3294.82666015625,275000
2014-06-18,3299.6766205991557,3338.7243723918277,3212.9311811501675,3250.629150390625,323100
2014-06-19,3259.9287104029654,3290.826988302916,3202.8316145652507,3213.48095703125,264600
2014-06-20,3204.8315551068386,3233.1801627695872,3174.033125034075,3186.482421875,323800
2014-06-23,3196.6319948670193,3224.4305822623824,3182.982565963084,3218.230712890625,266000
2014-06-24,3231.4302371556014,3302.376459031195,3231.4302371556014,3292.976806640625,319000
2014-06-25,3299.976468141787,3310.676101122305,3289.4272178827255,3302.826416015625,274900
2014-06-26,3306.6261807315755,3314.825700758573,3260.0785794564517,3264.078369140625,345900
2014-06-27,3276.3776807687123,3299.226332231919,3246.6792920093967,3280.927490234375,250900
2014-06-30,3291.9269982247597,3383.5720815941404,3291.9269982247597,3380.072265625,264300
2014-07-01,3396.1714933460535,3406.5208025925676,3374.8725646264033,3384.27197265625,224800
2014-07-02,3414.3205235816968,3436.269320997936,3409.670865650838,3432.26953125,306000
2014-07-03,3452.7684316356927,3455.018313354524,3407.3709159379505,3417.92041015625,290900
2014-07-04,3426.96968525477,3442.7188570391295,3386.3719666873153,3435.46923828125,227000
2014-07-07,3443.818960090324,3450.818592123028,3421.3701890395673,3436.66943359375,201500
2014-07-08,3443.169136616527,3445.169031508981,3202.131755877973,3228.480224609375,305800
2014-07-09,3227.980233605292,3251.1792095357964,3126.3356738915986,3153.834228515625,367800
2014-07-10,3154.43414134525,3279.027439946971,3053.139421681484,3169.483154296875,534400
2014-07-11,3168.78340035104,3195.5319944486037,3013.641652236289,3028.540771484375,398600
2014-07-14,3019.591152324095,3076.788094611359,3000.4920593888064,3058.38916015625,248800
2014-07-15,3082.637882841119,3154.4341547373633,3071.3384284347994,3146.534423828125,261600
2014-07-16,3167.483371453442,3202.0816501002546,3142.7346726198152,3194.83203125,276100
2014-07-17,3191.982022250835,3248.879176268638,3191.982022250835,3244.729248046875,260000
2014-07-18,3225.5303776561123,3225.5303776561123,3185.232447382431,3213.5810546875,239100
2014-07-21,3227.4801202027666,3250.079029039571,3198.331751213928,3206.931396484375,176000
2014-07-22,3217.2308093953093,3239.4796400292944,3178.882971385994,3205.131591796875,199400
2014-07-23,3218.0308791615835,3226.4305843341463,3158.4341567960423,3197.031982421875,238700
2014-07-24,3200.931926783634,3224.38064600442,3186.1827016798557,3201.731689453125,201700
2014-07-25,3199.7817737677765,3207.48132025901,3080.2380080431935,3126.1357421875,264700
2014-07-28,3129.735273530394,3146.2344056510674,3097.0870885306,3109.6865234375,178200
2014-07-30,3107.7865943356705,3148.8344855337796,3093.537343329365,3144.434814453125,238500
2014-07-31,3139.734929308618,3174.783136577102,3139.734929308618,3150.284423828125,349700
2014-08-01,3118.0860771147077,3185.682621110073,3113.7862543352994,3125.3857421875,327400
2014-08-04,3137.435059996448,3186.93245629811,3137.435059996448,3179.232666015625,209200
2014-08-05,3185.4824048745695,3206.0313732069476,3159.6339105117627,3203.7314453125,270000
2014-08-06,3191.0823323421646,3227.9802959721815,3161.633928465029,3168.93359375,239400
2014-08-07,3168.8833889775246,3188.5823041320227,3144.1346905761866,3156.634033203125,202800
2014-08-08,3128.735408488122,3128.735408488122,3064.7387731233257,3078.738037109375,189900
2014-08-11,3109.336599195186,3124.385857159799,3099.4372170804154,3112.636474609375,156600
2014-08-12,3122.635934244849,3135.4353103835138,3106.536682707715,3130.935546875,164900
2014-08-13,3117.9860390360095,3137.3351198165137,3025.0910187171025,3056.7392578125,321300
2014-08-14,3063.9888608679116,3106.1868382792154,3048.289734832987,3102.886962890625,296000
2014-08-18,3094.1372904395685,3172.883148235226,3094.1372904395685,3169.983154296875,186100
2014-08-19,3184.6325927310145,3199.6318040342617,3170.0833089413068,3194.382080078125,204300
2014-08-20,3194.032111155158,3209.881375964155,3176.933156155513,3196.48193359375,185500
2014-08-21,3199.231747522368,3235.0799609606547,3180.5327791869768,3204.9814453125,191000
2014-08-22,3215.131122067064,3228.8303534652496,3201.1318576048425,3220.130859375,170300
2014-08-25,3226.6805301449713,3239.1298270852667,3162.68389327632,3168.383544921875,167700
2014-08-26,3156.1340933167944,3168.7833305396816,3103.136880010697,3152.63427734375,200500
2014-08-27,3165.53342265777,3179.2826993526237,3140.384843299753,3155.783935546875,162600
2014-08-28,3162.1338742864473,3167.0835653451595,3124.385857997307,3131.2353515625,245300
2014-09-01,3142.634923580467,3227.880444476755,3142.4847849849093,3224.630615234375,217000
2014-09-02,3225.330402206987,3251.9789032905846,3219.380763885395,3240.779541015625,195500
2014-09-03,3254.37889914215,3272.1279657083787,3240.5795760284827,3263.5283203125,199600
2014-09-04,3259.628775067794,3266.028341153085,3207.0814872815527,3261.778564453125,221600
2014-09-05,3263.928430394151,3288.877069385125,3233.130001418327,3267.878173828125,239000
2014-09-08,3289.326983171264,3323.475089343011,3276.3777131240236,3318.675537109375,171600
2014-09-09,3321.3753741617143,3342.5241642680808,3299.6765641533552,3337.7744140625,207400
2014-09-10,3321.1754173925606,3346.5739838754384,3314.72556131615,3332.82470703125,210900
2014-09-11,3344.5740549068655,3364.9230820795733,3326.075028069052,3360.023193359375,194100
2014-09-12,3363.073105431936,3371.372717708049,3341.074262550942,3360.47314453125,162800
2014-09-15,3343.7741740028173,3383.5220845150643,3332.6749039590914,3367.072998046875,190000
2014-09-16,3367.9231180804313,3388.6219815564327,3207.931525411363,3215.031005859375,294400
2014-09-17,3240.229659998005,3256.6289448605144,3176.7329961260384,3234.130126953125,212000
2014-09-18,3223.180692567961,3320.175594675065,3216.9310210404415,3316.625732421875,280100
2014-09-19,3327.6250859932347,3339.924488132442,3275.6278199517906,3282.827392578125,249700
2014-09-22,3260.628662889609,3285.67739510032,3253.82897146848,3274.577880859375,160700
2014-09-23,3270.028082270152,3287.477116340936,3180.932911493869,3186.532470703125,230300
2014-09-24,3185.482379734696,3198.1318609904333,3096.88718538724,3152.184326171875,292600
2014-09-25,3150.434537175473,3160.883939214203,3041.0401395453755,3056.889404296875,404100
2014-09-26,3042.290009843561,3126.3356401679575,3021.941226117959,3116.0361328125,274900
2014-09-29,3120.785897426203,3157.7339063119193,3117.3861737994216,3134.88525390625,182800
2014-09-30,3120.336061112048,3175.13323095954,3106.0367635526627,3127.335693359375,268300
2014-10-01,3122.9358098953257,3146.8344550070565,3118.635987267249,3127.935546875,182900
2014-10-07,3122.2857530389742,3151.3843204283576,3094.3372716520016,3101.136962890625,201800
2014-10-08,3093.6874852729993,3120.6360199587325,3084.9877472417024,3111.986328125,176500
2014-10-09,3129.485339449649,3182.7825856606873,3129.485339449649,3175.68310546875,186200
2014-10-10,3152.7340854939416,3169.0833232682508,3107.336570815205,3114.736083984375,199300
2014-10-13,3097.337246207214,3137.28509826494,3081.638119967251,3131.535400390625,167300
2014-10-14,3152.1342069635903,3161.1337334754207,3118.135995696676,3132.235107421875,191500
2014-10-16,3116.486027950845,3143.834687530702,3020.341181197992,3036.490234375,206900
2014-10-17,3050.139723618143,3094.987219804302,3027.4409655664135,3079.438232421875,189700
2014-10-20,3134.0351877968437,3144.7846226745446,3111.1865354869624,3134.63525390625,174100
2014-10-21,3144.4346930756615,3184.7824242067572,3144.4346930756615,3165.33349609375,173500
2014-10-22,3193.4321503283686,3202.5815714905048,3180.432833981674,3198.481689453125,142900
2014-10-27,3228.1803110060237,3228.1803110060237,3180.3827760967506,3184.33251953125,145600
2014-10-28,3181.4826040175003,3198.6818949049457,3177.8328935938457,3194.23193359375,121800
2014-10-29,3211.231003532103,3223.8304385049173,3188.0322725272276,3202.83154296875,154400
2014-10-30,3199.131738911016,3227.33020652981,3188.932324341807,3225.13037109375,271500
2014-10-31,3244.529409887707,3296.8767560251677,3244.4793636901463,3293.126953125,251600
2014-11-03,3305.47605823193,3340.57430997422,3294.9766104268774,3333.024658203125,262100
2014-11-05,3347.174133839698,3369.522812466109,3320.975315821543,3325.125244140625,272700
2014-11-07,3329.875001748156,3331.874896616355,3290.0770450454434,3315.9755859375,230000
2014-11-10,3327.575142374584,3342.2743211331,3298.576666188313,3317.275634765625,203800
2014-11-11,3328.4250447775344,3344.9739791018583,3299.976345676187,3342.274169921875,249300
2014-11-12,3354.423703025451,3384.7219144610863,3348.9737943000737,3365.972900390625,248700
2014-11-13,3381.472234960683,3390.0218345806275,3321.8755127420022,3345.57421875,226600
2014-11-14,3353.723522555445,3389.9716161874812,3347.473851239576,3384.1220703125,202400
2014-11-17,3378.32241735054,3417.6204004670194,3371.572772147901,3413.720458984375,203400
2014-11-18,3421.320075554358,3449.5685899879136,3417.670365145916,3444.6689453125,219600
2014-11-19,3456.368337201825,3466.067778445049,3357.7734229752505,3376.072509765625,213600
2014-11-20,3377.8223877770133,3389.571769972508,3335.02458933723,3361.5732421875,166700
2014-11-21,3363.9232662460954,3396.0214324568847,3359.5233510521352,3362.523193359375,162800
2014-11-24,3380.472189297661,3394.6716381383176,3373.622695863194,3385.52197265625,156300
2014-11-25,3389.42179661962,3391.2715528285453,3275.8276745990174,3313.67578125,294700
2014-11-26,3305.576288938986,3352.973700505355,3296.176880542755,3340.324462890625,202900
2014-11-27,3340.824322754984,3371.872738902164,3337.0745199383623,3361.373291015625,336000
2014-11-28,3373.422762465228,3432.1696742383574,3373.422762465228,3418.17041015625,230300
2014-12-01,3423.6700910918785,3439.319170652775,3398.821299912424,3403.671142578125,193200
2014-12-02,3389.7716262923686,3447.218555367821,3375.9723034018175,3443.518798828125,216800
2014-12-03,3455.168518546258,3495.566297869734,3455.168518546258,3479.567138671875,230000
2014-12-04,3491.066505855316,3504.7156907834824,3444.5189036183533,3488.316650390625,183300
2014-12-05,3495.8663590617257,3505.4657081810105,3446.868933623997,3456.868408203125,200100
2014-12-08,3458.8681306076305,3459.3180581156917,3394.121535937016,3407.1708984375,182200
2014-12-09,3402.3711159934046,3414.970306909663,3317.975407932343,3323.875244140625,187200
2014-12-10,3317.0256474323573,3377.1225871023776,3317.0256474323573,3368.373046875,0
2014-12-11,3361.723176626579,3369.372920964054,3303.726225525087,3329.824951171875,0
2014-12-12,3339.274474092938,3354.2736858924195,3268.2782049087273,3270.72802734375,203700
2014-12-15,3248.8292169218994,3285.5272389676966,3236.77980150234,3246.37939453125,0
2014-12-16,3224.230484236404,3243.4794727928283,3139.784970278065,3150.1845703125,0
2014-12-17,3137.0349902467738,3169.0333076158654,3042.98988677862,3129.2353515625,0
2014-12-18,3172.7332169984224,3254.379074068293,3172.7332169984224,3248.279296875,0
2014-12-19,3289.9769338645187,3307.37616559517,3260.47848472703,3269.17822265625,199800
2014-12-22,3275.027781267773,3305.4263296847375,3264.628425623527,3301.926513671875,0
2014-12-23,3305.8762015203047,3319.6254784821026,3250.228981376428,3263.728271484375,0
2014-12-24,3261.578424829874,3286.7270042338605,3248.6792010491467,3267.278076171875,0
2014-12-26,3272.6279992535992,3294.976677847833,3258.5786890299987,3292.52685546875,0
2014-12-29,3305.526236895269,3342.724233212589,3305.526236895269,3326.275146484375,0
2014-12-30,3335.9247526429695,3347.12411514678,3316.12574450299,3344.22412109375,0
2014-12-31,3336.224566079817,3368.7228581225145,3336.224566079817,3363.273193359375,0
2015-01-02,3373.7225316659246,3415.52038300651,3373.7225316659246,3394.571533203125,0
2015-01-05,3398.9712547266186,3426.219822560428,3396.621524711205,3404.821044921875,0
2015-01-06,3382.7220768767656,3382.7220768767656,3262.0284704167657,3269.528076171875,0
2015-01-07,3273.5779537351564,3289.7270073487416,3216.080975548132,3261.028564453125,0
2015-01-08,3298.3264911686874,3345.374065053964,3296.676675613668,3341.524169921875,0
2015-01-12,3346.1240370676755,3381.52207741488,3329.9249379956973,3378.872314453125,0
2015-01-13,3389.7217887573747,3395.2214997739966,3347.624147270456,3359.2734375,0
2015-01-14,3364.222979966937,3380.3722771698995,3330.1249196469216,3342.524169921875,0
2015-01-15,3397.2714608853044,3418.97027201669,3366.373181915704,3401.47119140625,0
2015-01-16,3399.9212761451035,3439.3191063292484,3381.3722029199516,3425.669921875,0
2015-01-19,3436.6693652285394,3460.618056952753,3429.7695815997413,3435.369384765625,0
2015-01-20,3449.3187265725037,3467.4178730570648,3436.9692779217708,3442.369140625,0
2015-01-21,3451.1185208512875,3462.6179159859603,3423.0699473711593,3448.61865234375,0
2015-01-22,3452.8184793735995,3470.3175594167615,3419.770167952241,3441.169189453125,0
2015-01-27,3461.118087519643,3463.867942951535,3427.569802424999,3455.018310546875,0
2015-01-28,3451.268495213274,3483.6669382977093,3444.5688962835234,3464.06787109375,0
2015-01-29,3464.6179265703954,3494.4662110711743,3450.1186887421513,3487.966552734375,0
2015-02-02,3475.7672678818662,3522.3148702086924,3474.6674721705426,3516.315185546875,0
2015-02-03,3534.864329200279,3538.114158456221,3464.7178681684204,3471.167724609375,0
2015-02-04,3481.4669531145146,3482.417098497382,3436.1695287824737,3451.918701171875,0
2015-02-05,3450.2685333623413,3460.1681593166654,3362.823180135317,3375.572509765625,0
2015-02-09,3308.126218634077,3308.126218634077,3248.129371253697,3256.978759765625,0
2015-02-10,3240.0295338937685,3321.275260576055,3228.530138732583,3277.027587890625,0
2015-02-11,3296.5265341359627,3372.5725824865667,3296.5265341359627,3364.673095703125,0
2015-02-12,3381.7221821996873,3410.770704436544,3368.522924690337,3405.220947265625,0
2015-02-13,3418.9701190179226,3442.8189626051785,3401.621177780044,3435.71923828125,0
2015-02-18,3417.2203098988766,3432.669693267083,3403.9710062177046,3428.31982421875,0
2015-02-19,3444.419128876881,3450.618754322238,3387.1721366172064,3438.619384765625,0
2015-02-20,3455.2682839359227,3478.017087874722,3423.569999361044,3450.11865234375,177900
2015-02-23,3460.018140168085,3461.21802829033,3389.271857620458,3401.021240234375,0
2015-02-24,3405.320886276817,3411.570557555405,3372.5225625812323,3393.021484375,0
2015-02-25,3408.7708196552994,3418.7702941811235,3391.0717985701494,3396.12158203125,0
2015-02-26,3401.7210727750166,3401.7210727750166,3342.224200544688,3353.023681640625,0
2015-02-27,3370.2226827185473,3442.919055368533,3367.423025248099,3440.369140625,0
2015-03-02,3464.517707512515,3506.865577548226,3435.069305411828,3499.4658203125,0
2015-03-03,3515.3652359272505,3541.613855961504,3504.8157417164975,3538.614013671875,0
2015-03-04,3570.412366321268,3572.862188682134,3451.268484390596,3459.218017578125,0
2015-03-05,3469.4176753411425,3484.116853628809,3444.3689435777433,3477.76708984375,158100
2015-03-09,3461.6181522330194,3469.3176988191644,3423.370162038515,3428.869873046875,0
2015-03-10,3442.3691217319297,3459.3682282777772,3414.3205471057217,3432.719482421875,0
2015-03-11,3441.3691523908733,3448.7686657773365,3404.6711302597855,3418.370361328125,0
2015-03-12,3436.069389057132,3495.116334186459,3435.1695340126794,3492.81640625,0
2015-03-13,3516.665264634278,3519.9150938259404,3405.7209004659326,3414.12060546875,178700
2015-03-16,3425.8197802777436,3425.9696747361,3378.47217340417,3406.4208984375,0
2015-03-17,3423.1701490472788,3454.868433909266,3414.620549652998,3446.06884765625,0
2015-03-18,3457.868148279314,3472.817313052992,3439.519015875963,3457.568115234375,0
2015-03-19,3488.1165435607636,3503.9655632801077,3420.969929572278,3429.469482421875,0
2015-03-20,3431.619565732454,3436.019236679274,3361.2231216888367,3370.07275390625,0
2015-03-23,3377.3723937649634,3383.0219989306574,3339.1744518644955,3355.673583984375,0
2015-03-24,3351.9736821477404,3371.422854976959,3332.7747403039853,3343.624267578125,0
2015-03-25,3355.9733949101565,3359.5733032292146,3334.5245718392134,3337.5244140625,0
2015-03-26,3323.775163382257,3339.4244869136537,3300.6765245577058,3305.526123046875,0
2015-03-30,3335.824695818109,3380.7722849053266,3330.5249255033905,3377.422607421875,0
2015-03-31,3394.6717377386253,3401.9213568353853,3359.8234710499787,3373.47265625,0
2015-04-06,3433.4196931473425,3433.4196931473425,3394.1717553784624,3424.420166015625,0
2015-04-07,3434.0194043908828,3461.918084076088,3407.6208899737107,3459.468017578125,0
2015-04-08,3477.417239319209,3500.615970596797,3470.167620536976,3482.116943359375,0
2015-04-09,3503.215633603001,3510.9652259753307,3468.267520697859,3499.666015625,0
2015-04-15,3568.612454247209,3581.5116785054,3511.9154835179006,3525.0146484375,0
2015-04-16,3530.014415207894,3530.014415207894,3465.2177720620793,3488.416748046875,0
2015-04-20,3453.6185781478,3457.9682031120133,3342.5243179488493,3368.572998046875,0
2015-04-21,3370.8227918196812,3390.1718722716614,3338.4245926879566,3348.323974609375,0
2015-04-22,3361.823278979911,3376.7724443187635,3301.37650531459,3362.523193359375,0
2015-04-23,3386.3720551050847,3401.42131291752,3344.974084571486,3348.924072265625,0
2015-04-27,3279.7774705087236,3281.727319139744,3181.8326701692654,3193.98193359375,0
2015-04-28,3188.982265274853,3252.4291253396887,3171.733172017881,3246.37939453125,0
2015-04-29,3249.17922589317,3275.4278454990463,3238.9795669726577,3254.328857421875,0
2015-05-04,3296.0265651395366,3364.07303441298,3296.0265651395366,3360.123291015625,0
2015-05-05,3360.6234668495404,3375.97251385854,3342.074392671581,3359.323486328125,0
2015-05-06,3344.8242752285037,3353.573815559819,3208.681525324359,3215.781005859375,0
2015-05-07,3207.481224721692,3207.481224721692,3110.736312421544,3142.934814453125,0
2015-05-11,3227.5802508791994,3285.477108235724,3219.6807639955928,3281.927490234375,0
2015-05-12,3286.2271257769703,3286.2271257769703,3186.882495401289,3194.781982421875,0
2015-05-13,3212.58115596637,3249.529165257053,3179.5828902603885,3242.379638671875,0
2015-05-14,3241.3296119440897,3306.4760897111923,3211.731070204266,3302.12646484375,0
2015-05-18,3316.0255217186595,3344.374128182549,3310.3759165552337,3341.72412109375,0
2015-05-19,3335.9744235391304,3366.322924804627,3326.0750419222904,3341.72412109375,0
2015-05-20,3353.8236170026385,3369.6228349243916,3341.274228167128,3347.02392578125,0
2015-05-21,3352.723697815433,3358.1736067045017,3315.875780865541,3340.0244140625,0
2015-05-25,3331.824785909142,3354.3736489370553,3321.025305004407,3333.32470703125,0
2015-05-26,3335.124829261661,3341.824428452448,3314.9259392916674,3331.875,0
2015-05-27,3311.4756939820945,3345.6240440081347,3305.7259964591403,3341.374267578125,0
2015-05-28,3351.623897067206,3358.123555463761,3322.0253550256257,3344.57421875,0
2015-05-29,3351.4239212498014,3379.8223307565204,3351.4239212498014,3371.772705078125,0
2015-06-01,3377.8725213425687,3384.772061074073,3363.7231184942825,3367.873046875,0
2015-06-02,3373.8225966151003,3373.8225966151003,3266.728130233257,3273.327880859375,0
2015-06-03,3271.678107855432,3272.3780222333035,3119.3860649121366,3199.831787109375,0
2015-06-04,3214.530916912509,3214.530916912509,3145.984472559734,3184.982421875,0
2015-06-05,3178.882944479345,3221.4805587660585,3167.7333840939423,3190.682373046875,0
2015-06-08,3193.0320502760387,3193.0320502760387,3108.7364340089603,3120.035888671875,0
2015-06-09,3111.336421162964,3145.134693043418,3102.6869735648243,3120.535888671875,0
2015-06-10,3127.485547068639,3165.0836688725435,3124.9856784414587,3154.434326171875,0
2015-06-11,3176.0329466074268,3178.4329668921214,3079.7880074315485,3082.93798828125,0
2015-06-12,3076.138339249148,3094.0873468592767,3058.5892129614003,3088.3876953125,0
2015-06-15,3094.287351090415,3123.935939586679,3088.5876994265427,3098.88720703125,0
2015-06-16,3101.636904139334,3126.4356485647945,3078.8881007160353,3119.0859375,0
2015-06-17,3132.635357343187,3167.5834711940497,3116.786092927514,3148.534423828125,0
2015-06-18,3150.9344717851163,3179.3829275909916,3149.234365837067,3172.283203125,0
2015-06-19,3189.6323357693395,3209.0312181065337,3182.132730103756,3203.781494140625,153000
2015-06-22,3218.0307775615775,3265.928406041839,3207.8313625784385,3260.128662109375,0
2015-06-23,3267.928294540862,3295.326756479348,3251.728950868135,3283.227294921875,0
2015-06-24,3291.876974852638,3291.876974852638,3217.530786027295,3227.2802734375,0
2015-06-25,3215.7808354264657,3253.828883333411,3209.181328974434,3249.67919921875,0
2015-06-26,3240.2296132925853,3254.1290292983695,3209.231242400333,3247.179443359375,0
2015-06-29,3179.9328070418833,3191.482004146646,3144.534522798341,3188.182373046875,0
2015-06-30,3182.1827353191225,3213.431091856626,3182.1827353191225,3212.281005859375,0
2015-07-01,3225.380412406932,3289.9768685212475,3223.9305374901214,3277.2275390625,0
2015-07-02,3295.4767490194345,3315.875823680866,3288.8271960613083,3299.026611328125,0
2015-07-06,3246.9293313073476,3349.0238153490777,3238.9297520306854,3346.924072265625,0
2015-07-07,3364.02319633163,3387.372067175312,3346.374221312567,3373.372802734375,0
2015-07-08,3340.274238190824,3369.0227258950913,3291.3268618642446,3313.7255859375,0
2015-07-09,3323.8752152099455,3343.6742226234933,3309.1760372050244,3323.3251953125,0
2015-07-10,3342.874311056946,3348.1240350744497,3314.675842302772,3325.125244140625,0
2015-07-13,3340.624533670812,3371.4229643609656,3328.7750585815293,3368.923095703125,0
2015-07-14,3378.022293457098,3401.071130095578,3369.472694271433,3384.1220703125,0
2015-07-15,3392.6217049856377,3403.3711399077433,3376.372559173152,3385.672119140625,0
2015-07-16,3397.521315524112,3424.370001524049,3395.5214206750384,3422.170166015625,0
2015-07-17,3434.269421151325,3449.318678881701,3420.670282504709,3436.8193359375,0
2015-07-20,3444.9189010243585,3453.41845396293,3428.7195577686184,3448.718505859375,0
2015-07-21,3455.0182682237996,3461.4678802413105,3376.922521391386,3384.572021484375,0
2015-07-22,3374.622548829461,3442.618972321302,3371.622706616585,3439.419189453125,0
2015-07-23,3450.168617888758,3483.01674358442,3445.3688215311713,3457.8681640625,0
2015-07-24,3460.668234634184,3476.117373931886,3411.9207963811755,3419.270263671875,0
2015-07-27,3408.7206994657076,3408.7206994657076,3348.5239129524666,3352.923828125,0
2015-07-28,3362.673204329258,3369.572743722937,3323.575163424323,3346.174072265625,0
2015-07-29,3360.5732168090876,3374.772421030824,3331.4248478173427,3369.372802734375,0
2015-07-30,3387.5718402249395,3422.3200127429286,3375.4225768373904,3416.620361328125,0
2015-07-31,3428.869664506026,3457.9181851635817,3419.5200587093295,3443.46875,0
2015-08-03,3456.218315026896,3498.9660690895003,3453.868584964461,3480.467041015625,0
2015-08-04,3497.1661236307623,3534.3140717472,3468.2174512095435,3527.064453125,0
2015-08-05,3547.4134970596015,3562.5125563364177,3532.964061814469,3536.6640625,0
2015-08-06,3543.713662461056,3553.76318313659,3522.7648122560695,3544.463623046875,0
2015-08-07,3546.463512449417,3562.6128101823847,3523.964694909693,3539.7138671875,0
2015-08-10,3541.413791374947,3563.412634062411,3494.316171424762,3508.41552734375,0
2015-08-11,3515.36522488946,3516.4650205821963,3427.669884390217,3454.818359375,0
2015-08-12,3442.7189100503483,3443.7689036776974,3351.7236938951205,3362.17333984375,0
2015-08-13,3384.1221808191685,3407.470807141018,3326.4252621725673,3339.7744140625,0
2015-08-14,3359.723279553297,3422.2199940612513,3342.3743380825636,3418.020263671875,0
2015-08-17,3430.419793864466,3458.2681836611946,3393.4715405621487,3441.919189453125,0
2015-08-18,3456.3682775194093,3479.0670349577135,3430.5695854512255,3463.16796875,0
2015-08-19,3462.3179115745565,3472.61741873635,3434.5693709113957,3444.518798828125,0
2015-08-20,3444.419110182476,3457.6684139959925,3360.3734775436255,3363.92333984375,0
2015-08-21,3320.6755202562563,3350.7237452227155,3280.477438271781,3343.57421875,0
2015-08-24,3232.7298309606253,3232.7298309606253,2961.2441136114694,2979.293212890625,0
2015-08-25,3034.9405961377233,3071.4386779784404,2851.400193288502,3056.689453125,0
2015-08-26,3048.7395995646393,3097.437234354688,2992.99253074645,3055.2392578125,0
2015-08-27,3117.136271014134,3158.0340245443294,3090.0375971524127,3150.4345703125,0
2015-08-28,3192.3821282926483,3213.681056788891,3120.4359615169906,3146.884521484375,0
2015-08-31,3144.334803189281,3178.282970795038,3121.8860314291837,3136.685302734375,0
2015-09-01,3110.786492603536,3128.2855731014574,3014.8916291260443,3047.93994140625,0
2015-09-02,3075.488164322503,3083.187954707787,3015.6915043043864,3026.8408203125,0
2015-09-03,3050.53947636139,3082.6378854683985,3043.1399632718912,3067.688720703125,0
2015-09-04,3064.788893427356,3064.788893427356,2952.8448250290735,2982.59326171875,202500
2015-09-07,2993.742626909094,3010.391898728613,2931.545943222664,2937.045654296875,0
2015-09-08,2951.7947643647212,3014.6916041287714,2911.546880345375,2990.5927734375,0
2015-09-09,3038.590137663784,3079.037960847607,3026.9408481972387,3062.73876953125,0
2015-09-10,3015.6916416262516,3070.238580207941,2984.8932110660453,3061.989013671875,0
2015-09-11,3087.137624425252,3102.086789072703,3051.0894722082635,3062.5888671875,0
2015-09-14,3079.938061027791,3126.0855355366193,3067.6386592755334,3123.085693359375,0
2015-09-15,3124.6857649564704,3146.034495704936,3085.537677338623,3096.337158203125,0
2015-09-18,3113.6865025828524,3148.2344920969635,3107.086751681721,3117.936279296875,0
2015-09-21,3099.4370609318194,3180.4328003903743,3095.0371458919685,3174.633056640625,0
2015-09-22,3197.1821264414393,3205.581587500451,3105.1869596161905,3118.13623046875,0
2015-09-23,3073.788386800033,3155.2841032246615,3070.0886300946577,3149.1845703125,0
2015-09-28,3175.5330523861617,3196.731889395439,3149.484372617326,3154.084228515625,0
2015-09-29,3115.3862878577897,3185.6826415425116,3083.5879105184135,3153.63427734375,0
2015-09-30,3179.7328165399,3204.1316809342047,3174.633230992812,3201.181884765625,0
2015-10-05,3228.230286675948,3281.7274758599083,3228.230286675948,3275.8779296875,0
2015-10-06,3297.2265447665213,3316.8756581636494,3273.62793199013,3306.17626953125,0
2015-10-07,3307.7259356771688,3324.2250679211656,3298.826501390612,3314.375732421875,0
2015-10-08,3320.275306930899,3325.375136339563,3276.7775948812055,3295.4765625,0
2015-10-09,3318.675516838485,3339.374379134907,3284.0772392443546,3299.726318359375,0
2015-10-12,3307.7761465157605,3334.1248596983246,3280.67771686712,3303.576416015625,0
2015-10-13,3310.5760122687348,3327.075145154768,3295.826787416069,3321.475341796875,0
2015-10-14,3323.8753069208497,3345.1742360272187,3313.325812697988,3320.425537109375,0
2015-10-15,3337.9246006233293,3353.37373953059,3336.9246531972567,3347.973876953125,0
2015-10-16,3363.873212454376,3372.072732583428,3341.4244413981055,3367.02294921875,0
2015-10-19,3374.4724732683767,3389.5217308096053,3361.423354700873,3384.922119140625,0
2015-10-20,3396.7713532803823,3423.2199138207857,3385.1220634413867,3398.92138671875,0
2015-10-21,3404.121065783132,3414.620513739556,3358.573411775182,3380.372314453125,0
2015-10-23,3409.0207449636287,3412.120679661779,3376.3725588774414,3381.022216796875,0
2015-10-26,3395.7213193486023,3395.7213193486023,3350.9238705854623,3356.37353515625,0
2015-10-27,3348.0740020275994,3369.9727532212237,3340.9244755125105,3367.173095703125,0
2015-10-28,3358.1234977217996,3374.022564182719,3332.174910779601,3348.1240234375,0
2015-10-29,3346.073962148279,3353.273534548712,3323.5751458170616,3327.27490234375,0
2015-10-30,3337.0245515402426,3356.8736058967597,3291.7268836338462,3307.126220703125,0
2015-11-02,3309.5759453514947,3312.5257413899867,3271.928022958049,3300.62646484375,0
2015-11-03,3321.225285620289,3327.9251286818744,3295.7266262376725,3306.22607421875,0
2015-11-04,3329.524834122975,3332.824709393476,3295.92674770567,3300.37646484375,0
2015-11-05,3295.3268199971976,3296.0267343863247,3229.0302552663693,3233.330078125,0
2015-11-06,3232.330142800783,3244.6795915001894,3190.9822179556004,3210.331298828125,0
2015-11-09,3135.9849200092617,3264.278219401859,3128.4355124916806,3253.078857421875,0
2015-11-10,3246.0793828200376,3266.8783384342464,3199.781767440896,3204.9814453125,0
2015-11-13,3207.931538703226,3233.0801196289785,3196.3320505355387,3219.930908203125,0
2015-11-16,3212.7309759173368,3258.8286497430936,3212.7309759173368,3254.87890625,0
2015-11-17,3273.628016602958,3287.427340263671,3257.3788705108373,3279.927734375,0
2015-11-18,3283.077290615578,3296.926659712675,3230.1301247794136,3234.729736328125,0
2015-11-19,3260.178758908902,3277.9278261063896,3248.5792708639347,3275.02783203125,0
2015-11-20,3286.6273114512787,3335.7245845300736,3286.6273114512787,3312.02587890625,0
2015-11-23,3321.575282094311,3336.0244732254832,3314.525604085714,3323.22509765625,0
2015-11-24,3323.975160747281,3339.724332812252,3317.9256740816995,3325.17529296875,0
2015-11-26,3333.874726212194,3362.7731088407613,3331.4747059406695,3356.5234375,0
2015-11-27,3370.4727672934177,3405.1711390344935,3366.472977502197,3386.52197265625,0
2015-11-30,3391.8718345395896,3422.820159637719,3390.371913347811,3405.970947265625,0
2015-12-01,3422.6201986344377,3431.119752004011,3402.9212825916916,3424.170166015625,0
2015-12-02,3436.4691440534434,3436.4691440534434,3399.2211033005315,3411.470458984375,0
2015-12-03,3403.771047897903,3415.87050960265,3383.3221715253844,3390.82177734375,0
2015-12-04,3374.7724407999217,3395.671488010876,3349.67390744738,3355.823486328125,0
2015-12-07,3378.172484861141,3384.57205073753,3346.0740748298867,3352.623779296875,0
2015-12-08,3341.7241695227976,3366.0729867363425,3285.7271142662853,3291.576904296875,0
2015-12-09,3285.027153893205,3292.1769242891005,3205.931460927816,3221.08056640625,0
2015-12-10,3236.7798703470717,3270.8781762633125,3203.9815449497823,3266.2783203125,0
2015-12-11,3275.5778569709064,3280.7775348815903,3193.932245388514,3214.73095703125,0
2015-12-14,3199.8317598571957,3241.5795648490825,3194.132108360508,3222.530517578125,0
2015-12-15,3226.3304854530957,3241.679776642633,3215.831037104341,3238.729736328125,0
2015-12-16,3257.928705671874,3283.5772587054344,3246.8291919349963,3257.82861328125,0
2015-12-17,3275.577820507666,3326.3251529935887,3266.8783266213513,3320.87548828125,0
2015-12-18,3312.675941577817,3343.8742525725083,3307.326125175472,3315.7255859375,0
2015-12-21,3322.075382946159,3349.3739968870555,3317.0756457455477,3344.22412109375,0
2015-12-22,3352.4237858742804,3365.7228911308325,3315.37568549212,3319.12548828125,0
2015-12-23,3337.7243231632956,3348.973731394268,3327.7248491802093,3336.924560546875,0
2015-12-24,3348.3740010937336,3368.472797873272,3337.674612464492,3366.52294921875,0
2015-12-28,3374.02256083307,3385.872035499317,3367.673041145518,3375.922607421875,0
2015-12-29,3387.8218246697234,3392.92165411122,3370.122804340424,3388.7216796875,0
2015-12-30,3400.071283286061,3410.5206852098117,3387.321953424463,3390.671875,0
2015-12-31,3398.1715396313684,3420.5702650268336,3388.5219001904256,3415.0205078125,0
2016-01-04,3474.81720725791,3498.7158524135493,3398.5712181777903,3425.06982421875,0
2016-01-05,3444.718790746332,3469.6176281345265,3411.9207104703364,3464.06787109375,0
2016-01-06,3469.0675910282725,3493.716197309952,3430.569615311738,3445.1689453125,0
2016-01-07,3401.371200150693,3401.371200150693,3308.5760306175243,3315.17578125,0
2016-01-08,3341.6243504164822,3377.572411484453,3332.3748367442945,3361.773193359375,0
2016-01-11,3328.1750553041384,3368.2227537192184,3297.226487703515,3342.22412109375,0
2016-01-12,3353.2736998585456,3366.772990322765,3288.4272547348805,3302.5263671875,0
2016-01-13,3332.774725592566,3340.8243511996734,3160.983708932197,3245.829345703125,0
2016-01-14,3185.4825427091605,3234.330074002268,3150.384533181054,3187.782470703125,0
2016-01-15,3203.431724015052,3215.280954730414,3039.790178595169,3047.08984375,0
2016-01-18,3037.490158941092,3046.089804336908,2935.5956152916137,2952.49462890625,0
2016-01-19,2966.094044526577,3026.490771246099,2939.2954047551066,3008.841796875,0
2016-01-20,2963.9441934805423,2963.9441934805423,2879.848519276932,2928.745849609375,0
2016-01-21,2961.24425258596,2995.4924524223957,2904.097354013653,2944.795166015625,0
2016-01-22,2984.443197786899,3049.6897676065933,2968.8439202248674,3041.739990234375,0
2016-01-25,3070.8887158200273,3090.03761215238,3043.8400880256454,3048.48974609375,0
2016-01-27,3067.138869130293,3084.6879957429446,3035.8404650491225,3075.538330078125,0
2016-01-28,3076.138203140765,3088.58749931447,3057.1392027402876,3062.5888671875,0
2016-01-29,3062.988886908573,3096.7871590265313,3028.9906741292343,3093.08740234375,0
2016-02-01,3109.936484189381,3117.4360896358417,3076.6882333767394,3085.987548828125,0
2016-02-02,3090.8373949394177,3121.085803608754,3036.040228921147,3044.289794921875,0
2016-02-03,3007.1918981883846,3009.241595047398,2961.7440937504016,2965.493896484375,0
2016-02-04,2997.79245508528,3009.241804738607,2905.34736073415,2941.54541015625,0
2016-02-05,2954.494573178761,3033.140584939232,2940.895434622255,3023.091064453125,0
2016-02-08,3033.090450764975,3067.8386229117095,3005.8418841175353,3012.1416015625,0
2016-02-09,2969.2939552618027,2994.9427542515205,2944.145374133082,2950.89501953125,0
2016-02-10,2936.8456073020866,2944.495107504514,2884.5483077915096,2916.44677734375,0
2016-02-11,2901.4973925441045,2904.847314120283,2732.406426863211,2749.70556640625,0
2016-02-12,2766.1046852509194,2767.4046657857702,2632.9617774465814,2723.306884765625,0
2016-02-15,2771.2541721461835,2862.349479430889,2771.2541721461835,2845.950439453125,0
2016-02-16,2870.2989586363674,2873.1989525660983,2751.905284410774,2756.7548828125,0
2016-02-17,2759.054904239307,2792.7530838561543,2692.4585517763903,2781.753662109375,0
2016-02-18,2811.85227347102,2837.800861379661,2752.0553661982453,2797.5029296875,0
2016-02-19,2786.7037004798844,2817.4520851389025,2777.204199528318,2806.95263671875,0
2016-02-22,2820.4517810876578,2833.201110650097,2807.802299790212,2822.75146484375,0
2016-02-23,2828.7013331825224,2828.7013331825224,2771.30420527541,2780.703857421875,0
2016-02-24,2763.4548679213094,2788.6534948125,2751.755287464868,2759.455078125,0
2016-02-25,2772.9543096676975,2773.5040854507524,2703.007791791249,2707.257568359375,0
2016-02-26,2735.7561948974276,2741.156057730613,2688.55872297724,2714.25732421875,0
2016-02-29,2722.056808522198,2762.754619550455,2660.7101809931823,2720.60693359375,0
2016-03-01,2738.106143484372,2825.801487257581,2736.1062485562356,2820.65185546875,0
2016-03-02,2859.3996545072223,2926.0960976817937,2857.549654154456,2905.7470703125,0
2016-03-03,2929.2459867548505,2949.5950151828047,2900.547543526593,2945.795166015625,0
2016-03-04,2963.6441891477607,2995.49236775013,2932.895806222156,2984.992919921875,0
2016-03-08,2992.2426862992006,3019.7912876905375,2968.5439802859614,2992.44287109375,0
2016-03-09,2970.2438535832175,3027.8409252415745,2954.744667869464,3025.191162109375,0
2016-03-10,3038.5402313642394,3046.7397515311964,2996.3424983014875,3005.0419921875,0
2016-03-11,3000.642300417974,3029.1408022076253,2982.443305995405,3009.291748046875,0
2016-03-14,3029.490732690124,3040.990128511068,3003.0922173262056,3015.741455078125,0
2016-03-15,3014.6915474337434,3026.0408040633733,2998.142368968601,3008.091796875,0
2016-03-16,3012.441815197558,3020.6413355427744,2956.1447243823995,2996.992431640625,0
2016-03-17,3030.0405667720297,3036.890304122451,2994.0925065187357,3002.942138671875,0
2016-03-18,3013.5914483375423,3049.4894620079785,2994.84243476431,3044.08984375,0
2016-03-21,3053.6394063496473,3102.9368617918576,3052.539366563072,3100.0869140625,0
2016-03-22,3107.586636922808,3138.935086618822,3095.63731391626,3125.53564453125,0
2016-03-23,3126.035600481122,3142.884812293462,3121.1860019321616,3134.485107421875,0
2016-03-28,3141.784688950169,3146.7343797614585,3072.388436945293,3086.487548828125,0
2016-03-29,3089.8374988367373,3102.986709635365,3063.5888793077843,3082.387939453125,0
2016-03-30,3107.336677698315,3158.9340633845836,3106.536670918723,3153.934326171875,0
2016-03-31,3169.383467824742,3208.93143803391,3152.384361288172,3200.431884765625,0
2016-04-01,3198.6319812953307,3229.330319467027,3188.68255290191,3224.630615234375,0
2016-04-04,3239.829627403846,3245.6794174377733,3201.031618842712,3217.330810546875,0
2016-04-05,3214.9311008362147,3216.0809427371064,3137.7349634339253,3144.28466796875,0
2016-04-06,3151.3344312458707,3174.3332229065577,3137.435259154227,3169.133544921875,0
2016-04-07,3178.532891332719,3185.382628975054,3133.685394947188,3140.0849609375,0
2016-04-08,3137.2849023031863,3172.7830347881886,3131.035231091038,3169.583251953125,0
2016-04-11,3176.3829586185125,3223.030407123399,3176.232820032016,3220.9306640625,0
2016-04-12,3227.1804974399247,3265.028361910931,3226.330444457089,3256.52880859375,0
2016-04-13,3286.9273754125716,3321.625503258949,3286.9273754125716,3303.326416015625,0
2016-04-18,3300.7262616132407,3339.924394836386,3276.677722043066,3336.7744140625,108000
2016-04-20,3352.9735806108497,3369.9726866843785,3326.57506647719,3356.62353515625,0
2016-04-21,3375.1725960072017,3387.121918759512,3323.3752712206788,3333.1748046875,0
2016-04-22,3326.275064031416,3360.5733095444316,3319.1755837885285,3347.924072265625,0
2016-04-25,3360.3232250055453,3365.6229950310803,3330.474697577192,3346.073974609375,0
2016-04-26,3340.0744495724466,3390.4219010252177,3336.524587320952,3386.27197265625,0
2016-04-27,3390.421929964352,3410.370832815383,3383.27215920258,3386.822021484375,0
2016-04-28,3389.871789045867,3396.7713285704635,3314.9257789845315,3319.525390625,0
2016-04-29,3323.2753537110425,3341.7243356146346,3267.5282825375884,3317.92578125,0
2016-05-02,3300.126655300931,3347.674205910542,3291.327068816073,3340.924560546875,0
2016-05-03,3353.023704998668,3377.772404124026,3294.0268060735725,3302.37646484375,0
2016-05-04,3298.5265219208864,3314.6758193108153,3253.0289140847804,3259.6787109375,0
2016-05-05,3265.1283808364424,3278.3276380417374,3238.379787175434,3259.778564453125,0
2016-05-06,3254.028912903076,3292.4768431748275,3240.329681790191,3288.527099609375,0
2016-05-09,3305.626215078469,3339.074407302328,3303.7261685122935,3333.374755859375,0
2016-05-10,3338.5245394971334,3342.024355610929,3316.1258140199607,3322.325439453125,0
2016-05-11,3277.97749506093,3340.074326695363,3270.6280280951305,3314.275634765625,0
2016-05-12,3325.175170746244,3340.5242167972815,3309.1259662158213,3336.7744140625,0
2016-05-13,3329.675014292428,3350.8238045752933,3317.725447320644,3324.375244140625,0
2016-05-16,3327.3751340449376,3335.3246673225763,3299.8265334026387,3329.925048828125,0
2016-05-17,3346.874114858817,3355.423714263119,3329.974856711876,3339.324462890625,0
2016-05-18,3330.274934533466,3347.67416663234,3324.075309171805,3344.82421875,0
2016-05-19,3345.374160798075,3354.2735952408016,3276.6778214385777,3282.977294921875,0
2016-05-20,3290.0770268851434,3299.826514313798,3270.1281245105315,3278.4775390625,0
2016-05-23,3294.626813280168,3300.3765109539613,3247.079264560894,3250.17919921875,0
2016-05-24,3251.129001112348,3251.129001112348,3203.1315263454035,3229.72998046875,0
2016-05-25,3250.379124072902,3284.677369290142,3245.3793869895662,3282.37744140625,0
2016-05-26,3293.076784616507,3337.324457195048,3284.77717234684,3332.57470703125,0
2016-05-27,3344.374188242323,3388.021795420121,3341.2242073965535,3370.72265625,0
2016-05-30,3388.021707477885,3396.0212866203283,3359.823239826327,3387.621826171875,0
2016-05-31,3391.521651373114,3393.5215462342153,3350.673945311794,3376.12255859375,0
2016-06-01,3384.2720704731673,3394.971459274548,3341.9742448607344,3348.973876953125,0
2016-06-02,3346.6239994367756,3372.77252623543,3325.675150280587,3369.372802734375,0
2016-06-03,3382.8221387368144,3389.6218300522955,3327.175162187308,3333.974609375,0
2016-06-06,3342.5241103743665,3362.57310448127,3327.574945636026,3350.673828125,0
2016-06-07,3362.973145532654,3389.921924425809,3350.473802494194,3381.572265625,0
2016-06-08,3389.5217850481163,3418.420412511,3384.872127108027,3413.820556640625,0
2016-06-09,3421.370086083094,3427.469618765656,3383.072051716784,3397.5712890625,0
2016-06-10,3394.0214678498833,3427.2697194053185,3378.0223092066663,3384.422119140625,0
2016-06-13,3359.973212892758,3365.823002928642,3329.974790406763,3361.273193359375,0
2016-06-14,3374.7724756286098,3396.571378076621,3370.872778365616,3393.62158203125,0
2016-06-15,3411.9206573239107,3422.569999595576,3405.9209728603732,3416.620361328125,0
2016-06-16,3411.520611787271,3419.470145062094,3367.673063282595,3394.921630859375,0
2016-06-17,3416.820292442824,3424.6199310491984,3376.0223893791435,3397.871337890625,0
2016-06-20,3372.2725678897086,3424.7197603121217,3366.322929671883,3420.719970703125,0
2016-06-21,3430.4197849548636,3438.3693182764705,3414.270487323884,3423.170166015625,0
2016-06-22,3431.51958728231,3440.719054921534,3393.121703167381,3400.0712890625,0
2016-06-23,3401.6211805026796,3408.0707925329384,3375.722395860789,3403.27099609375,0
2016-06-24,3314.375787321577,3351.5237365199964,3236.2297495584653,3347.924072265625,0
2016-06-27,3339.674619897845,3396.37159201975,3337.1247050508387,3382.622314453125,0
2016-06-28,3394.1216200180525,3420.220101537762,3394.1216200180525,3413.420654296875,0
2016-06-29,3430.519710514161,3459.468140725791,3427.9199935885367,3452.5185546875,0
2016-06-30,3474.3674195828385,3499.2159669408516,3471.7674585928808,3492.71630859375,0
2016-07-01,3513.6153044350963,3549.763306132346,3512.91539006442,3538.1640625,0
2016-07-04,3556.512977783258,3587.061420615311,3556.512977783258,3580.461669921875,0
2016-07-05,3578.561785990499,3600.3606883080834,3565.1625883758716,3578.911865234375,0
2016-07-07,3589.461240085715,3597.310925162134,3549.8134216332387,3553.413330078125,0
2016-07-08,3559.8128394502573,3564.0626160142074,3514.21513913652,3533.76416015625,0
2016-07-11,3567.1125414915095,3581.911812387389,3567.1125414915095,3576.261962890625,0
2016-07-12,3593.0611875357695,3598.860931592027,3571.5623172840424,3595.9609375,0
2016-07-13,3607.810429502432,3610.760225678822,3551.9632663059388,3559.113037109375,0
2016-07-14,3559.3129447153938,3588.2613745383837,3553.613293081653,3581.711669921875,0
2016-07-15,3598.860822944703,3605.9603031740344,3542.913813432098,3547.46337890625,0
2016-07-18,3558.1129231123296,3575.6120028133155,3509.3154406063086,3514.165283203125,0
2016-07-19,3516.915122366405,3525.264536737129,3487.066594620113,3509.21533203125,0
2016-07-20,3513.165376008989,3567.3124313096373,3513.165376008989,3561.36279296875,0
2016-07-21,3573.962029214193,3582.611721008604,3520.8149206644252,3525.064697265625,0
2016-07-22,3532.3144099127585,3580.361934292828,3520.1651458992096,3573.312255859375,0
2016-07-25,3581.4615524926417,3624.309396771333,3570.4621309546405,3621.009521484375,0
2016-07-26,3630.2090449074785,3655.4577174641126,3583.611641240028,3594.2109375,0
2016-07-27,3604.76054044341,3632.8591616686303,3574.0121561052024,3614.860107421875,0
2016-07-28,3624.009367905177,3654.157928904897,3624.009367905177,3639.65869140625,0
2016-07-29,3646.0082951264753,3696.855719937364,3644.408525704318,3683.056396484375,0
2016-08-01,3703.005271522428,3732.0037469734143,3654.707761859538,3705.755126953125,0
2016-08-02,3715.1046523286336,3734.153699269211,3675.4067890719703,3685.65625,0
2016-08-03,3685.456101381636,3685.456101381636,3602.0105382230704,3612.06005859375,0
2016-08-04,3643.6084476473,3648.9082177840583,3599.0607413851353,3635.2587890625,0
2016-08-05,3657.0578497131114,3701.2054324406463,3657.0578497131114,3698.65576171875,0
2016-08-08,3712.804761847003,3732.003703440907,3695.155787576061,3723.504150390625,0
2016-08-09,3731.053927750179,3733.653888774738,3682.506430162872,3707.30517578125,0
2016-08-10,3717.454435490371,3720.1044426351614,3633.858977493619,3654.157958984375,0
2016-08-11,3653.8080165014944,3682.2064266962,3618.1099410279016,3661.40771484375,0
2016-08-12,3667.1572186657622,3692.055811435051,3657.657718304564,3667.007080078125,0
2016-08-16,3668.2570268735512,3693.6558375606537,3647.7581049714313,3690.455810546875,0
2016-08-17,3693.4059859963186,3730.853969041706,3686.806235198385,3716.254638671875,0
2016-08-18,3729.253959262042,3748.3530531604542,3726.8541830391546,3739.553466796875,0
2016-08-19,3748.902958193397,3789.600769233959,3748.852911996996,3783.801025390625,0
2016-08-22,3789.25079595497,3795.450421287306,3738.003489407845,3748.653076171875,0
2016-08-23,3752.602718931383,3780.451108044789,3744.203014143879,3769.95166015625,0
2016-08-24,3779.3513093161737,3801.650185544184,3773.801552325432,3797.750244140625,0
2016-08-25,3810.5998261918176,3816.099537217197,3773.501677805869,3782.201171875,0
2016-08-26,3790.600819808819,3813.299577963666,3770.2517916708625,3795.050537109375,0
2016-08-29,3799.900240175383,3825.2487604740577,3769.1518574005554,3820.2490234375,0
2016-08-30,3837.698186193687,3871.9964322458222,3837.698186193687,3869.146728515625,0
2016-08-31,3879.545915146141,3913.9940541617552,3876.1959937136658,3889.1455078125,0
2016-09-01,3896.445172256215,3910.894608355076,3848.847819638135,3865.89697265625,0
2016-09-02,3878.296053547947,3916.1441609004382,3877.3461523281594,3913.744140625,0
2016-09-06,3923.7937918281314,3956.592116997208,3923.7937918281314,3953.392333984375,0
2016-09-07,3964.441428036863,3993.6898899758417,3938.8929668419673,3974.14111328125,0
2016-09-08,3978.590903223815,4006.689279670783,3973.691014315615,4003.3896484375,0
2016-09-09,4005.389549518783,4018.5387606583745,3966.641586352248,3975.64111328125,0
2016-09-12,3896.395171184942,3901.19472344545,3821.349069321168,3829.648681640625,0
2016-09-14,3838.1483711586434,3928.893601744913,3837.54830504084,3925.143798828125,0
2016-09-15,3932.243284464446,3946.342641101536,3901.594992901374,3925.24365234375,0
2016-09-16,3954.1921136314486,3991.3403080165695,3900.494984188276,3921.19384765625,0
2016-09-19,3936.543103969322,3966.741467981732,3928.843557468644,3962.341796875,0
2016-09-20,3970.141383918524,3970.641357634477,3926.843611291443,3933.4931640625,0
2016-09-21,3945.042530724514,3959.191688965866,3911.194213146899,3918.14404296875,0
2016-09-22,3970.241335130815,3995.040080910654,3952.6424063496183,3991.190185546875,0
2016-09-23,4004.089644077569,4030.788192308481,3983.8907543060977,4000.289794921875,0
2016-09-26,3993.040040288394,4013.488916229354,3968.991255979474,3974.490966796875,0
2016-09-27,3990.040297802574,4005.689377686851,3957.491959598286,3967.091552734375,0
2016-09-28,3977.6908606321463,4048.937116389626,3970.391439555019,4041.6376953125,0
2016-09-29,4069.7859706849,4085.385247977952,3836.698131076377,3857.797119140625,0
2016-09-30,3852.9472516012256,3965.041453517989,3851.2974360316584,3959.441650390625,0
2016-10-03,3994.2398560408,4080.185286523599,3991.6899413369847,4075.235595703125,0
2016-10-04,4097.734578610656,4121.233342140652,4071.885841076548,4110.8837890625,0
2016-10-05,4131.582578690414,4159.481502475185,4108.283998971098,4151.28173828125,0
2016-10-06,4164.7809282502885,4183.179862791205,4093.784662726694,4121.533203125,0
2016-10-07,4134.08240912664,4151.981858488151,4103.884290098815,4131.98291015625,0
2016-10-10,4148.431923647433,4170.630952515488,4128.233277950812,4135.23291015625,0
2016-10-13,4121.883417336282,4121.933219405773,4010.089245335449,4054.436767578125,0
2016-10-14,4070.386113991328,4099.984655627034,4050.887139069048,4096.03466796875,0
2016-10-17,4107.534040052488,4108.384093015891,4014.08900189785,4025.938232421875,0
2016-10-18,4045.0372899473946,4107.534003530415,4044.7873030930623,4104.18408203125,0
2016-10-19,4118.083089793895,4119.333024015872,4081.435116056624,4101.083984375,0
2016-10-20,4126.182897756322,4143.081911345607,4111.833554762027,4122.2333984375,0
2016-10-21,4131.5325461563,4151.281506714559,4109.13382271855,4146.8818359375,0
2016-10-24,4160.481562725342,4166.631141909768,4134.7329158122875,4144.13232421875,0
2016-10-25,4139.332110942644,4153.131678171254,4106.83382007698,4150.1318359375,0
2016-10-26,4140.382450741297,4180.380348177323,4087.435038708125,4105.63427734375,0
2016-10-27,4087.385238802967,4093.5348178858953,4029.8382150108537,4054.5869140625,0
2016-10-28,4067.8864149492474,4108.984353764782,4064.386598791694,4099.28466796875,0
2016-11-01,4122.7333792278005,4145.48218285974,4102.884325440686,4113.08349609375,0
2016-11-02,4068.086255170509,4068.086255170509,4005.889572674716,4013.739013671875,0
2016-11-03,4005.83938807202,4049.537041253445,3950.142365918426,3955.39208984375,0
2016-11-04,3962.79154938029,3969.891273577101,3852.7973352920153,3889.3955078125,0
2016-11-07,3934.992982615198,3961.691529525427,3923.743574299557,3931.543212890625,0
2016-11-08,3954.2920782482174,3958.391960327406,3914.8442012963337,3946.642578125,0
2016-11-09,3660.807575800081,3874.246307923587,3579.511800147823,3855.097412109375,0
2016-11-10,3922.7436606626034,4001.4895195499694,3921.143891276167,3960.041748046875,0
2016-11-11,3915.9440824816434,3939.393045329584,3777.701348443531,3790.350830078125,0
2016-11-15,3796.000263181802,3796.000263181802,3609.9101989044098,3643.208251953125,0
2016-11-16,3697.105795110459,3718.604665514571,3607.310464317955,3647.558349609375,0
2016-11-17,3653.20786532672,3684.456222704247,3622.459481667234,3641.20849609375,0
2016-11-18,3663.4573033763713,3670.407133315411,3623.659590974294,3650.05810546875,0
2016-11-21,3669.7571324403552,3670.507093035445,3513.215308733073,3522.06494140625,0
2016-11-22,3554.5130770836668,3584.0115262395234,3517.7149628704647,3571.062255859375,0
2016-11-23,3600.660841626406,3610.810210504399,3560.2127723239214,3604.41064453125,0
2016-11-24,3584.5114467904423,3590.1112499609726,3548.113458565355,3565.41259765625,0
2016-11-25,3587.5612920228564,3643.458254151292,3572.4121865315697,3638.858642578125,0
2016-11-28,3630.65929138587,3684.756301878236,3621.6097181505174,3660.65771484375,0
2016-11-29,3674.9070039566896,3707.5051446410575,3671.4071878504424,3689.256103515625,0
2016-11-30,3708.604955699787,3753.3526017261624,3703.905251758328,3749.90283203125,0
2016-12-01,3766.851913185671,3770.651762142516,3694.50562092964,3699.25537109375,0
2016-12-02,3673.906852718921,3682.656392499233,3624.209271464523,3634.308837890625,0
2016-12-05,3636.1590468779145,3674.256898659253,3624.5095124824456,3666.157470703125,0
2016-12-06,3689.6560926079896,3711.504797301366,3682.4064737987055,3691.305908203125,0
2016-12-07,3710.2549731005943,3715.804730282738,3644.758415018377,3674.806884765625,0
2016-12-08,3706.605179802881,3746.6030769754,3704.555238747231,3742.9033203125,0
2016-12-09,3765.801995431681,3788.850832359921,3747.0029350516584,3784.2509765625,0
2016-12-12,3780.5011158229327,3782.5010106385216,3707.254968201989,3722.80419921875,0
2016-12-13,3730.154081429894,3735.653792425051,3700.205459890394,3726.05419921875,0
2016-12-14,3731.70383014865,3739.703409832564,3698.205590222261,3703.305419921875,0
2016-12-15,3670.407135634038,3744.703034409648,3666.157359054888,3724.404296875,0
2016-12-16,3735.103573428655,3738.703237593318,3700.355401265788,3708.35498046875,0
2016-12-19,3712.6549633466047,3724.1543589471535,3696.855744913335,3706.755126953125,0
2016-12-20,3712.054802965027,3716.854599397625,3634.458785666775,3644.6083984375,0
2016-12-21,3660.807484958811,3669.1571435220826,3634.6089115210743,3649.008056640625,0
2016-12-22,3636.708783173772,3640.108750980374,3588.2613780478982,3600.36083984375,0
2016-12-23,3600.3107331869965,3623.959392330734,3561.462677756595,3599.210693359375,0
2016-12-27,3498.4160615420396,3568.462181414615,3471.067402577139,3564.262451171875,0
2016-12-28,3574.012073282299,3615.7598786927415,3565.862599338323,3576.112060546875,0
2016-12-29,3582.0617391008823,3647.858329885499,3572.7121328279222,3641.90869140625,0
2016-12-30,3646.25815789048,3681.756290687699,3642.5083551302105,3662.107421875,0
2017-01-03,3704.155311353266,3722.9541274882927,3691.255843198902,3718.804443359375,0
2017-01-04,3730.2038385197657,3748.552971724372,3712.404969361395,3720.554443359375,0
2017-01-05,3741.853266699821,3781.301143328264,3740.9531675511953,3778.9013671875,0
2017-01-06,3792.500586424895,3809.349798349213,3760.702209178696,3766.501953125,0
2017-01-09,3775.1015680835094,3782.201048334972,3754.302612786793,3779.851318359375,0
2017-01-10,3795.900519091166,3800.7000714307023,3773.551596483072,3793.700439453125,0
2017-01-11,3811.399778609966,3862.946874092028,3810.349784967268,3855.497314453125,0
2017-01-12,3866.4967941318346,3878.146328515631,3832.6985211637343,3851.947509765625,0
2017-01-13,3865.7968527571247,3872.0965705357025,3823.549072873786,3837.498291015625,0
2017-01-16,3830.8986179299736,3856.197092086401,3813.899511969613,3852.8974609375,0
2017-01-17,3860.347050021881,3885.7956629622495,3850.497470312048,3862.746826171875,0
2017-01-18,3869.296539916524,3899.194870109706,3863.44674986109,3881.495849609375,0
2017-01-19,3888.19549124388,3898.694939264504,3875.596300095804,3891.595458984375,0
2017-01-20,3885.845825565024,3896.6453068190863,3808.249806020214,3813.849609375,0
2017-01-23,3812.1993778738743,3841.847964820935,3803.650022888687,3829.148681640625,0
2017-01-24,3841.3981038485704,3878.945934143152,3829.998556791241,3872.1962890625,0
2017-01-25,3896.295229991089,3920.1938763401727,3865.096918448183,3916.09423828125,0
2017-01-27,3921.593812418957,3962.091682638125,3915.3441410888386,3945.992431640625,0
2017-01-30,3941.492625815761,3960.891751892107,3920.04380286745,3940.542724609375,0
2017-01-31,3937.892962512695,3938.1927514311474,3860.397038837122,3866.296630859375,0
2017-02-01,3873.0965307024976,3957.8921238089456,3853.1476277780134,3953.892333984375,0
2017-02-02,3958.041921014835,4003.189449899137,3950.2923284201615,3993.840087890625,0
2017-02-03,4011.4389090538953,4066.886187955587,4011.38910698588,4061.436279296875,0
2017-02-06,4087.7350548536383,4101.884457489772,4065.1363893724497,4086.735107421875,0
2017-02-07,4094.284731350674,4100.984574399895,4035.737760795825,4062.986328125,0
2017-02-08,4076.485420152775,4107.783821856645,4048.33699916093,4100.984375,0
2017-02-09,4115.9332765106155,4142.982145869344,4078.385448004235,4119.18310546875,0
2017-02-10,4138.932081939001,4143.2819506738415,4102.08392349814,4119.4833984375,0
2017-02-13,4127.73313745941,4134.632676989192,4040.3876328878064,4080.9853515625,0
2017-02-14,4090.0350770406426,4090.1351694372424,4058.9866597432024,4079.235595703125,0
2017-02-15,4082.885408216188,4088.135132171141,4000.089713015379,4006.889404296875,0
2017-02-16,4012.639205035738,4073.18582756924,3989.290334528064,4069.236083984375,0
2017-02-17,4089.684801729951,4100.3341439620635,4062.5863734802897,4094.084716796875,0
2017-02-20,4100.634680192284,4150.882040562133,4091.78504743125,4145.482421875,0
2017-02-21,4155.581164559444,4182.529941999469,4150.6815200036835,4176.23046875,0
2017-02-22,4187.779879774879,4200.429117242948,4136.38267899705,4143.13232421875,0
2017-02-23,4146.831737538644,4173.430436463814,4140.232475195406,4150.53173828125,0
2017-02-27,4143.3824714472785,4169.930881711281,4141.38257648937,4155.48193359375,0
2017-02-28,4164.680862930954,4194.179311474058,4162.881152898349,4187.02978515625,0
2017-03-01,4202.279131327171,4218.678171749525,4191.379801844091,4199.12939453125,0
2017-03-02,4217.178127483513,4227.377786411762,4103.034227790502,4113.23388671875,0
2017-03-03,4111.133894707522,4155.43136980786,4101.734486675021,4150.28173828125,0
2017-03-06,4166.2309670472,4187.1795717568775,4156.581084201795,4184.97998046875,0
2017-03-07,4197.079337529629,4199.129522804794,4175.530664766084,4182.98046875,0
2017-03-08,4183.9297240972455,4191.829210732504,4113.033552646638,4138.232421875,0
2017-03-09,4130.082662126898,4165.930875033282,4120.233570576148,4142.08203125,0
2017-03-10,4158.03132386764,4169.930600413369,4123.783125023783,4131.58251953125,0
2017-03-14,4212.078515813753,4213.278648075217,4171.1309600335935,4200.92919921875,0
2017-03-15,4210.4286576693985,4272.3755978666295,4203.529117874586,4255.87646484375,0
2017-03-16,4281.074684407462,4330.672173980097,4279.9248425281385,4327.072265625,0
2017-03-17,4341.021848193723,4344.8717435103845,4285.474962893099,4320.07275390625,0
2017-03-20,4336.272012086882,4342.2716966418275,4313.323023361983,4337.02197265625,0
2017-03-21,4346.721520903083,4347.421191125746,4303.073426537954,4334.421875,0
2017-03-22,4302.874104274661,4309.073485705129,4260.426138392797,4267.22607421875,0
2017-03-23,4281.174858910734,4313.223467218363,4276.625293374841,4310.0732421875,0
2017-03-24,4320.07270455479,4349.021378076327,4317.922915222434,4328.42236328125,0
2017-03-27,4334.5719081339685,4337.671842806551,4300.673788034211,4327.7724609375,0
2017-03-28,4345.771534325992,4364.520548653791,4341.271770887321,4346.7216796875,0
2017-03-29,4361.770862392704,4381.720009713453,4345.921597348432,4368.5205078125,0
2017-03-30,4376.66976605435,4389.76917491078,4356.670817649289,4364.42041015625,0
2017-03-31,4375.419854190751,4397.418697548999,4372.170025058282,4383.41943359375,0
2017-04-03,4394.818875057636,4425.667351753499,4394.818875057636,4423.2177734375,0
2017-04-05,4435.416575837046,4450.815668106626,4421.017430964916,4446.06591796875,0
2017-04-06,4441.416165608122,4451.215942847687,4421.717495251378,4444.26611328125,0
2017-04-07,4427.967562718688,4466.1652629533755,4392.969401420739,4405.36865234375,0
2017-04-10,4419.617541081057,4448.216133903295,4401.26840894078,4435.61669921875,0
2017-04-11,4442.766323570764,4478.564245392964,4439.616586893891,4474.61474609375,0
2017-04-12,4484.164022933216,4486.114115665453,4389.668993632704,4427.71728515625,0
2017-04-13,4426.917095815677,4440.516478295892,4406.718451008153,4410.31787109375,0
2017-04-17,4409.668198033278,4435.766924342045,4384.369722644386,4432.6171875,0
2017-04-18,4447.366517611141,4516.712973123632,4409.4183153753875,4416.01806640625,0
2017-04-19,4417.817644181812,4456.965977524779,4401.618788415791,4450.666015625,0
2017-04-20,4467.615458078129,4511.963226585465,4462.915509607359,4509.06298828125,0
2017-04-21,4525.4120241963155,4540.661222622657,4479.96470610198,4505.21337890625,0
2017-04-24,4522.612128905793,4550.460761235358,4514.862536670316,4547.11083984375,0
2017-04-25,4579.659201209534,4596.958584944408,4569.809621234834,4589.35888671875,0
2017-04-26,4612.607812411606,4626.4068922784445,4529.362185032911,4582.859375,0
2017-04-27,4600.0579904034,4629.156558416022,4583.658950118823,4607.15771484375,0
2017-04-28,4615.257137536855,4667.254401354842,4608.357598258272,4658.10498046875,0
2017-05-02,4677.904207747894,4697.7034608130325,4636.856558980017,4685.50390625,0
2017-05-03,4698.7031486170035,4705.7525826619385,4655.705409336412,4662.0048828125,0
2017-05-04,4680.454091723882,4695.652999579305,4669.854551403493,4689.55322265625,0
2017-05-05,4696.9533641907965,4722.202037339574,4612.3074218222055,4645.755859375,0
2017-05-08,4659.455461677253,4683.0040294977725,4655.105592493903,4676.05419921875,0
2017-05-09,4686.203730781402,4693.903032878297,4659.955111291953,4679.15380859375,0
2017-05-10,4688.753371499255,4715.401872131455,4684.803383956162,4697.15283203125,0
2017-05-11,4717.151888337937,4726.851573669442,4691.3534400571525,4699.203125,0
2017-05-12,4708.852440297006,4710.702440654348,4637.256108177852,4660.5546875,0
2017-05-15,4676.3543154365425,4713.152186082753,4673.404275173766,4710.15234375,0
2017-05-16,4715.602211675865,4729.401290984474,4699.552762381643,4727.95166015625,0
2017-05-17,4727.501566893156,4734.201410124786,4709.852592013861,4720.15185546875,0
2017-05-18,4684.053680690631,4703.852933305978,4573.159605285454,4581.25927734375,0
2017-05-19,4605.70821643247,4650.705852305821,4519.312364951159,4563.21044921875,0
2017-05-22,4584.609139402625,4600.958377774298,4491.614027047174,4496.513671875,0
2017-05-23,4495.863895289175,4497.413618557773,4352.62142091991,4405.318359375,0
2017-05-24,4412.218438608923,4425.917426085549,4307.023768763998,4331.92236328125,0
2017-05-25,4351.421307091905,4433.167012706498,4329.8223441040855,4414.96826171875,0
2017-05-26,4425.217321779468,4497.013348258322,4421.967492799127,4490.86376953125,0
2017-05-29,4489.863832424862,4498.11339831691,4382.219594527011,4398.2685546875,0
2017-05-30,4389.919026376212,4454.415634350828,4352.670985336608,4447.166015625,0
2017-05-31,4460.7655450276725,4495.513718685981,4458.515663280013,4487.1142578125,0
2017-06-01,4487.064034939631,4539.461672366177,4485.314126887367,4534.86181640625,0
2017-06-02,4562.610144634367,4574.909302494722,4540.711393971614,4567.9599609375,0
2017-06-05,4591.058643462193,4605.358185298078,4572.210024176075,4582.70947265625,0
2017-06-06,4591.158446331492,4594.758354663083,4508.762877296157,4549.36083984375,0
2017-06-07,4558.060209505019,4584.5090145317445,4549.910735539705,4579.50927734375,0
2017-06-08,4597.508344925132,4603.557831638405,4569.659711053872,4589.05859375,0
2017-06-09,4587.408612459885,4616.6072719726,4561.610164726819,4613.75732421875,0
2017-06-12,4604.25813197986,4610.307618879483,4564.160140726309,4573.15966796875,0
2017-06-13,4584.859041150723,4612.207700906202,4568.559605151631,4578.50927734375,0
2017-06-14,4579.959319133904,4603.007911614812,4539.411158735608,4595.6083984375,0
2017-06-15,4587.708766665148,4618.156871361745,4585.658581587599,4611.4072265625,0
2017-06-16,4625.156537301921,4646.505511624509,4601.2578924496,4612.05712890625,0
2017-06-19,4634.456559555612,4638.8562306064,4603.108109903429,4606.90771484375,0
2017-06-20,4617.357529304614,4635.40638581313,4602.708396538695,4610.10791015625,0
2017-06-21,4609.45809182469,4628.30671120989,4601.458511988219,4611.0576171875,0
2017-06-22,4629.306445830446,4646.655631454185,4570.159652785275,4579.1591796875,0
2017-06-23,4586.209247335522,4587.408891340474,4478.71489482027,4516.86279296875,0
2017-06-27,4523.512021456428,4527.411718640061,4425.1172955847305,4455.015625,0
2017-06-28,4441.316147087846,4479.36443833636,4419.06731759855,4473.5146484375,0
2017-06-29,4495.81363153341,4525.112385386068,4489.264170900825,4498.763671875,0
2017-06-30,4488.063666375603,4527.011812441446,4466.965167092699,4519.51220703125,0
2017-07-03,4529.3115958467215,4579.7093359172195,4522.612241152793,4577.109375,0
2017-07-04,4593.908393174177,4607.00780217338,4545.611127551786,4569.65966796875,0
2017-07-05,4576.009612353061,4644.805803028398,4572.509796205946,4638.15625,0
2017-07-06,4659.054701398041,4669.254360127465,4629.456649115722,4640.755859375,0
2017-07-07,4643.4059823451225,4661.405036847493,4628.207073718704,4647.60595703125,0
2017-07-10,4667.304503558963,4704.452941760716,4640.456305253959,4663.8046875,0
2017-07-11,4679.903931302185,4686.00370836029,4611.607716195029,4617.20751953125,0
2017-07-12,4633.306395071539,4678.9040972636785,4628.306657731514,4675.1044921875,0
2017-07-13,4695.752962933294,4703.802344153984,4669.954515466423,4687.103515625,0
2017-07-14,4699.902845747367,4714.352281506205,4667.754633316835,4709.45263671875,0
2017-07-17,4727.751445823068,4728.15132714368,4693.10336504826,4718.10205078125,0
2017-07-18,4708.202672894343,4738.300699938048,4687.153486535879,4699.60302734375,0
2017-07-19,4719.551784936947,4742.500774244541,4712.952522363409,4738.65087890625,0
2017-07-20,4738.900595575269,4754.799661491948,4709.652134294898,4714.9521484375,0
2017-07-21,4725.90138409826,4727.751384469609,4654.005262514314,4707.65234375,0
2017-07-24,4718.252079221356,4739.4008703008785,4710.452684353429,4720.65185546875,0
2017-07-25,4734.550671307155,4765.499238097416,4717.151684502957,4760.29931640625,0
2017-07-26,4769.048896532129,4793.24781869624,4745.750317624357,4770.34912109375,0
2017-07-27,4791.547898402502,4800.197834273995,4735.951211914854,4746.00048828125,0
2017-07-28,4729.401149588703,4793.79766486291,4726.201610843892,4790.248046875,0
2017-07-31,4797.097897438531,4812.447188128874,4785.79819853448,4792.39794921875,0
2017-08-01,4803.147179451014,4816.196785800316,4787.848179737279,4797.79736328125,0
2017-08-02,4808.747243239089,4814.99691474465,4784.648412262527,4802.74755859375,0
2017-08-03,4801.597611034506,4802.447663991676,4709.302171317875,4726.45166015625,0
2017-08-04,4709.752406412593,4744.700764475785,4692.503313204394,4736.951171875,0
2017-08-07,4755.049664635054,4804.89714005789,4753.049769839799,4798.79736328125,0
2017-08-08,4816.096824166067,4816.546507548938,4708.752371642199,4753.85009765625,0
2017-08-09,4742.850919507886,4748.150445770834,4649.505725986907,4665.5546875,0
2017-08-10,4638.856267679987,4656.405149954007,4440.366700791855,4514.712890625,0
2017-08-11,4453.415995262856,4551.510940671403,4398.869055548099,4490.21435546875,0
2017-08-14,4530.962117298781,4635.206639802343,4530.561747711078,4627.7568359375,0
2017-08-16,4653.855264769478,4690.553041181483,4597.258144609416,4687.103515625,0
2017-08-17,4696.303109284688,4722.801717320704,4664.105093605606,4675.55419921875,0
2017-08-18,4648.555488491873,4663.85497735859,4609.807524985802,4654.50537109375,0
2017-08-21,4670.604490038325,4683.953885705511,4568.609853511034,4577.70947265625,0
2017-08-22,4598.958565107371,4619.207501224208,4526.062004482283,4544.51123046875,0
2017-08-23,4573.309211147349,4607.607699734543,4561.159947954398,4603.60791015625,0
2017-08-24,4613.957832042713,4628.056700828382,4593.058539221622,4619.9072265625,0
2017-08-28,4640.456314010432,4685.20396227733,4635.156299586362,4682.5537109375,0
2017-08-29,4670.554152983026,4684.203825692067,4617.05696671231,4623.2568359375,0
2017-08-30,4656.4051285213545,4697.3531713130415,4656.155141662444,4690.80322265625,0
2017-08-31,4702.702886501716,4714.301885900961,4683.703885633583,4707.45263671875,0
2017-09-01,4727.601390977246,4782.148326093909,4725.851483035302,4770.7490234375,0
2017-09-05,4751.000099908206,4783.948562149023,4741.600691968341,4780.74853515625,0
2017-09-06,4755.6496420886315,4810.546655544085,4740.8003258595145,4797.09765625,0
2017-09-07,4828.3461168651465,4842.795063852503,4812.447050844491,4817.646484375,0
2017-09-08,4840.845649506657,4852.445137461946,4787.848435185873,4821.24658203125,0
2017-09-11,4855.844934099674,4873.143829769731,4843.895366709638,4859.79443359375,0
2017-09-12,4880.393181353244,4935.190591839994,4880.393181353244,4928.99072265625,0
2017-09-13,4941.190261047763,4956.889142229992,4871.043560531838,4882.29296875,0
2017-09-14,4899.942351835626,4932.0905624846955,4889.392614012403,4927.19091796875,0
2017-09-15,4915.991393337145,4940.740091427172,4886.443143040976,4928.74072265625,0
2017-09-18,4956.189596457685,4991.837624410821,4954.789279462032,4977.48828125,0
2017-09-19,4990.887295437085,4995.187362148028,4964.538584178313,4983.28759765625,0
2017-09-20,5007.886629569319,5011.1867490454015,4962.989087562638,4969.03857421875,0
2017-09-21,4975.588613182526,4986.1378634702605,4879.393473258944,4933.5908203125,0
2017-09-22,4916.341873204218,4916.341873204218,4768.999514513405,4778.34912109375,0
2017-09-25,4777.798733359286,4780.04861512894,4627.356931981874,4710.95263671875,0
2017-09-26,4708.802360678021,4772.399116372767,4689.203781193578,4748.150390625,0
2017-09-27,4774.248871750652,4779.848674854023,4624.406655881539,4641.40576171875,0
2017-09-28,4648.855482936485,4675.753969928461,4600.90781054742,4658.40478515625,0
2017-09-29,4682.103786531321,4730.001169140625,4677.553732926941,4687.25341796875,0
2017-10-03,4731.300853877358,4750.39994658069,4704.90234056624,4723.4013671875,0
2017-10-04,4739.250999884294,4751.750343169146,4715.602340040475,4730.4013671875,0
2017-10-05,4738.1008560017935,4771.099120170877,4734.750934563819,4761.79931640625,0
2017-10-06,4783.698490951889,4829.696070692456,4782.5984511765455,4825.5458984375,0
2017-10-09,4839.74571022403,4854.195146334684,4805.297324897572,4832.4462890625,0
2017-10-10,4849.695113389403,4889.492824816083,4846.745073241691,4883.04296875,0
2017-10-11,4906.692425090888,4923.441545185643,4792.148149638768,4823.8466796875,0
2017-10-12,4845.095429786979,4890.9431175974105,4811.497098125984,4886.34326171875,0
2017-10-13,4898.9925514410415,4902.99234124678,4871.543798596925,4878.04345703125,0
2017-10-16,4897.092674673871,4918.141372905146,4871.243935795144,4913.79150390625,0
2017-10-17,4929.090896542767,4950.239686756494,4912.541473841757,4930.54052734375,0
2017-10-18,4934.090601250885,4938.790061125558,4904.291875473103,4920.64111328125,0
2017-10-19,4930.890536464069,4932.240563108633,4865.143994745997,4882.79296875,0
2017-10-23,4894.392391734941,4923.140879179366,4883.042891214465,4918.69140625,218400
2017-10-24,4932.040745678699,4958.889433088216,4913.7917042228055,4954.78955078125,0
2017-10-25,5008.886575414221,5032.735419290268,4970.188902795042,5024.73583984375,0
2017-10-26,5020.686291668816,5068.633478439576,4999.287025859008,5053.4345703125,0
2017-10-27,5067.233607490052,5082.183016888383,5046.034526646865,5052.63427734375,0
2017-10-30,5077.4829841903875,5127.480354917485,5072.88312843238,5116.03076171875,0
2017-10-31,5124.1806219628315,5143.829490617152,5094.78177795483,5123.38037109375,0
2017-11-01,5151.479345095566,5169.27821464366,5133.680475547472,5148.6796875,0
2017-11-02,5172.377957306053,5188.727195378142,5132.5299547145205,5154.3291015625,0
2017-11-03,5179.327564638202,5185.327248938519,5126.680432554031,5168.67822265625,0
2017-11-06,5165.578490397918,5198.226676092851,5160.778449816363,5172.52783203125,0
2017-11-07,5192.976891315981,5202.876273032128,5045.284463433505,5078.53271484375,0
2017-11-08,5092.982147023442,5118.030634346833,5017.486117553011,5041.3349609375,0
2017-11-09,5080.832936323571,5117.78070056039,5008.386550400841,5107.33154296875,0
2017-11-10,5110.23152937066,5145.229690710641,5072.683697292434,5111.83154296875,0
2017-11-13,5123.830660742186,5126.930595388204,5081.782578874108,5088.482421875,0
2017-11-14,5084.0325150820645,5103.18189894103,5056.384066336996,5080.23291015625,0
2017-11-15,5077.333097972936,5101.131651175445,4999.237107119297,5023.3359375,0
2017-11-16,5045.234746214408,5107.231486728785,5031.585561478084,5098.73193359375,0
2017-11-17,5150.979428952905,5175.378049684013,5128.330716302491,5140.47998046875,0
2017-11-20,5145.979611808088,5189.0271546235745,5133.0300969094615,5185.427734375,0
2017-11-21,5204.626292797166,5218.775451313284,5155.028802503302,5182.77734375,0
2017-11-22,5202.976237889678,5202.976237889678,5146.429408495287,5187.52685546875,0
2017-11-23,5205.076294573751,5209.875846789986,5149.479121500447,5198.12646484375,169800
2017-11-24,5208.826118366948,5231.474829410084,5200.326565435331,5226.375,0
2017-11-27,5213.775883625214,5284.472364689994,5198.576975113359,5278.9228515625,0
2017-11-28,5287.822262982628,5310.921146968944,5271.6229188219395,5287.77197265625,0
2017-11-29,5289.77148133192,5306.120718766771,5250.173955395936,5261.873046875,0
2017-11-30,5243.324521661566,5259.073693924547,5200.476675980689,5211.92626953125,0
2017-12-01,5238.024565330168,5267.373120825351,5131.430557087037,5147.9794921875,0
2017-12-04,5179.328034875443,5190.427549489879,5105.4320141852095,5140.43017578125,0
2017-12-05,5138.229921086321,5168.328436685224,5094.182431651015,5155.67919921875,0
2017-12-06,5151.228970940403,5177.327695426718,5106.581417702941,5113.48095703125,0
2017-12-07,5126.5807783448245,5201.876627447284,5125.130659212746,5195.67724609375,0
2017-12-08,5219.525351911115,5238.82463008635,5215.225773303805,5228.0751953125,0
2017-12-11,5256.673884382403,5282.622227469272,5240.12446131477,5276.32275390625,0
2017-12-12,5280.622229013344,5281.672466756971,5220.875370709228,5227.92529296875,0
2017-12-13,5227.475118877381,5235.424896159445,5146.7293648054865,5162.87841796875,0
2017-12-14,5191.126821476252,5196.326743245224,5112.280871536124,5160.7783203125,0
2017-12-15,5214.725857275792,5237.624555814822,5205.576435925168,5229.17529296875,0
2017-12-18,5200.8765787158245,5316.870482844443,5075.733253076454,5277.37255859375,0
2017-12-19,5295.07166997384,5370.717594671807,5290.8218934373745,5367.31787109375,0
2017-12-20,5379.21703357895,5408.265310221229,5363.767650960282,5383.716796875,0
2017-12-21,5399.166547027982,5441.66431438361,5373.367609421089,5437.16455078125,0
2017-12-22,5458.663308808581,5483.162021249785,5432.764279337695,5453.61328125,0
2017-12-26,5460.663047942137,5485.861429923836,5438.263835173195,5478.51171875,0
2017-12-27,5486.761579801842,5528.559677076169,5464.063065145492,5493.41162109375,0
2017-12-28,5503.710695707122,5534.858960732473,5481.361772829069,5499.11083984375,0
2017-12-29,5523.009674172431,5552.058441173597,5519.8101352169115,5539.85888671875,0
2018-01-02,5556.457791304924,5565.2571332436155,5438.863877797876,5478.06201171875,0
2018-01-03,5495.210884224805,5530.008858110284,5492.360936510907,5512.759765625,0
2018-01-04,5536.0589110397805,5566.257029704985,5509.060331115915,5560.65771484375,0
2018-01-05,5585.106160964225,5640.453347707322,5575.106686873532,5635.40380859375,0
2018-01-08,5664.802269696465,5708.599771722716,5658.802585130919,5702.400390625,0
2018-01-09,5719.998908432203,5722.198988011167,5648.852748678862,5671.40185546875,0
2018-01-10,5680.851058151419,5694.3503480140935,5600.905556695807,5624.85400390625,0
2018-01-11,5627.954354422853,5679.451649186372,5619.554893316428,5660.65283203125,0
2018-01-12,5684.901351736212,5687.701009251472,5577.90697621056,5647.453125,0
2018-01-15,5674.001670978608,5684.351224829788,5627.404509996336,5640.75341796875,0
2018-01-16,5647.502756443408,5647.502756443408,5489.861145758054,5504.96044921875,0
2018-01-17,5501.710788485145,5560.407898233776,5403.816032229919,5554.60791015625,0
2018-01-18,5604.755333685083,5609.75507100142,5384.217115963682,5427.46484375,0
2018-01-19,5435.964153300615,5478.811997830357,5398.666309896364,5469.26220703125,0
2018-01-22,5467.612605627369,5514.460241665912,5446.613709018277,5510.51025390625,0
2018-01-23,5529.559418125051,5587.806356182613,5519.809930639021,5573.10693359375,0
2018-01-24,5564.157908295335,5573.457224486743,5507.910862970844,5530.65966796875,0
2018-01-25,5539.958636876836,5551.0581507761935,5463.012488394214,5468.3623046875,0
2018-01-29,5490.611444639064,5504.860696032758,5426.514714402976,5437.064453125,0
2018-01-30,5426.614376793178,5435.713995665879,5381.316955464853,5410.3154296875,0
2018-01-31,5405.166239950203,5419.9652671846225,5310.421217291517,5353.6689453125,0
2018-02-01,5363.218042928557,5388.966689261253,5243.424536069358,5349.7685546875,0
2018-02-02,5290.521874612721,5290.57216493954,5028.9360072808295,5065.583984375,0
2018-02-05,4951.190079265099,5104.331936138191,4899.542402005865,5083.93310546875,0
2018-02-06,4830.74618917112,5073.883316917839,4787.648355905578,5009.13671875,0
2018-02-07,5095.881910150965,5115.530779161607,5026.0857760389135,5041.5849609375,0
2018-02-08,5066.783348332993,5179.377524789987,5059.233940660229,5171.67822265625,0
2018-02-09,5065.483617127556,5193.626780698352,5060.934051691902,5171.77783203125,0
2018-02-12,5215.72580909256,5272.572918294081,5208.026018558346,5257.12353515625,0
2018-02-14,5295.221489615795,5308.5708851398895,5236.824658743905,5254.4736328125,0
2018-02-15,5268.67315343186,5273.672890531404,5165.478384395018,5200.12646484375,0
2018-02-16,5222.825741758916,5242.874493282193,5116.031058732473,5130.98046875,0
2018-02-19,5137.529728499438,5140.229781872103,5017.93640605811,5071.43359375,271900
2018-02-20,5071.53335256438,5106.231724867087,5045.634810898147,5065.083984375,0
2018-02-21,5088.18253473635,5095.231968592908,5033.035045109644,5077.3330078125,0
2018-02-22,5057.084241360865,5084.432901268986,5045.634647965663,5052.6845703125,0
2018-02-23,5082.032773901481,5191.327324087581,5075.383220952438,5185.37744140625,0
2018-02-26,5217.475927571604,5245.974430553884,5186.027384241549,5233.27490234375,0
2018-02-27,5254.273763882573,5259.623580478538,5186.077639632479,5195.42724609375,0
2018-02-28,5159.428993763414,5211.875943959721,5130.080438792136,5192.67724609375,0
2018-03-01,5184.827435365962,5225.425398036309,5153.829065523691,5162.4287109375,0
2018-03-05,5158.42887412953,5158.42887412953,5074.333199707257,5105.83154296875,324800
2018-03-06,5137.330150571924,5162.178942519033,5025.985903630722,5045.78466796875,0
2018-03-07,5034.135403350214,5036.1352982735425,4943.290078806919,4953.33984375,0
2018-03-08,4992.887393683497,5008.13659193367,4897.792295796875,4996.4375,0
2018-03-09,5021.735990556198,5024.93601763258,4944.090170312713,4959.58935546875,0
2018-03-12,5001.987071337469,5012.436717365971,4932.540526471661,5006.8369140625,0
2018-03-13,5004.286934697017,5088.882588631507,4994.937816421481,5056.734375,0
2018-03-14,5029.6354882297055,5088.28230743815,5023.985882892645,5080.53271484375,0
2018-03-15,5083.982771394424,5126.180748661126,5076.933337245248,5090.63232421875,0
2018-03-16,5092.3823300111335,5108.481581754005,5026.086008774044,5036.7353515625,0
2018-03-19,5045.734778582018,5053.984344956038,4927.191204958192,4941.9404296875,0
2018-03-20,4909.091852392955,4978.088222803944,4889.142706515378,4965.8388671875,0
2018-03-21,4993.437716496505,5027.485731458537,4960.389160716899,4969.68896484375,0
2018-03-22,4978.9882380830995,4984.487948945068,4911.9917603100275,4922.44140625,0
2018-03-23,4827.996369776773,4849.495240371751,4794.848208812846,4842.54541015625,0
2018-03-26,4837.745610127992,4941.390062392084,4809.2471087041295,4930.69091796875,0
2018-03-27,4970.08869513712,5027.98555238746,4968.68886641756,5013.236328125,0
2018-03-28,4986.337784470002,4997.337205830248,4963.038717180867,4975.0380859375,0
2018-04-02,4999.187242171399,5079.832902619676,4991.687636644488,5077.8330078125,0
2018-04-03,5070.233219905817,5144.079432001273,5068.13323274444,5141.07958984375,0
2018-04-04,5170.57845580668,5195.327155607361,5075.383261675155,5083.93310546875,0
2018-04-05,5148.029143687857,5215.825872199258,5147.179578979277,5210.1259765625,0
2018-04-06,5216.075809368069,5252.823876964299,5193.1268208322745,5246.32421875,0
2018-04-09,5261.673624187545,5297.371454821687,5258.5736894742095,5276.37255859375,0
2018-04-10,5300.971106253952,5312.770290164893,5263.22309224573,5290.07177734375,0
2018-04-11,5308.520900924458,5308.921270514486,5251.773882349476,5288.1220703125,0
2018-04-12,5289.3715888929455,5310.670761152736,5259.223272877879,5280.22216796875,0
2018-04-13,5303.171273487427,5342.219024447186,5295.421681079479,5328.86962890625,0
2018-04-16,5298.471337227436,5378.867011317409,5286.771757231542,5375.51708984375,0
2018-04-17,5393.516169599354,5398.765893526035,5350.018457063995,5376.01708984375,0
2018-04-18,5396.366340801286,5401.116091217313,5345.469112941722,5361.66845703125,0
2018-04-19,5380.466901503562,5407.265296167476,5362.517650608347,5401.015625,0
2018-04-20,5387.816593561866,5388.466461709894,5339.518841995572,5372.8173828125,0
2018-04-23,5373.867324925836,5402.8159980122,5358.618126783935,5385.7666015625,0
2018-04-24,5402.015616904779,5409.86530160693,5361.467945338264,5374.01708984375,0
2018-04-25,5366.818014609772,5383.167252940637,5333.169880831317,5350.96875,0
2018-04-26,5374.017452039965,5378.517215620904,5341.569449837441,5371.61767578125,0
2018-04-27,5392.316618326985,5448.713555828878,5388.566815457769,5424.21484375,0
2018-04-30,5443.763599562869,5468.962470048209,5434.064402465576,5460.962890625,0
2018-05-02,5473.861955398943,5473.861955398943,5340.41926798464,5365.11767578125,304600
2018-05-03,5361.617996379801,5362.468049341521,5266.923268257648,5293.421875,356800
2018-05-04,5290.82202124706,5318.2702856452415,5263.373268593289,5286.17236328125,322200
2018-05-07,5307.270997108939,5351.1690816299815,5282.022323500893,5344.46923828125,0
2018-05-08,5364.1179395816835,5364.418216766481,5323.220187012306,5341.26904296875,0
2018-05-09,5334.069719590945,5340.819364805094,5288.62191318011,5294.921875,0
2018-05-10,5288.322227953815,5291.9221364564055,5185.827613432765,5194.67724609375,0
2018-05-11,5212.875940676401,5237.174956615159,5178.6277405838055,5230.77490234375,0
2018-05-14,5222.77538862251,5229.675416704913,5156.778856224958,5166.978515625,0
2018-05-15,5153.42943669844,5215.326087023032,5074.13330990867,5111.4814453125,0
2018-05-16,5086.882668313425,5125.030566597465,5057.934482044691,5093.4326171875,0
2018-05-17,5109.581676671762,5120.581098840559,5081.733041984188,5102.83203125,0
2018-05-18,5093.98212402498,5096.881873880304,4999.536895280309,5014.0361328125,0
2018-05-21,5007.837046374294,5015.7863358458735,4914.741838815998,4935.99072265625,0
2018-05-22,4941.190278917246,4963.738897502749,4895.592579790282,4956.88916015625,0
2018-05-23,4951.889662873867,4974.288388084689,4915.89155470289,4924.291015625,0
2018-05-24,4934.340744691591,4943.890047459967,4863.294185987777,4895.74267578125,0
2018-05-25,4908.442305163696,5031.685829934088,4897.1426058825045,5018.486328125,0
2018-05-28,5051.884092030996,5096.481843128625,5030.735302453546,5085.482421875,0
2018-05-29,5084.98287240375,5101.631900130049,5021.336313582032,5047.0849609375,0
2018-05-30,5007.286463895157,5051.38424238233,5001.087082898759,5041.43505859375,0
2018-05-31,5062.883595348972,5064.333714385407,5004.58685706205,5012.7861328125,0
2018-06-01,5013.636469739708,5024.236010461958,4923.241317048353,4953.1396484375,0
2018-06-04,4972.038564004316,4975.93874970589,4892.792727736382,4906.7919921875,0
2018-06-05,4920.9417015033905,4921.191688371746,4796.797832073648,4861.49462890625,0
2018-06-06,4866.894137503187,4936.040406074791,4834.846017007329,4924.44140625,0
2018-06-07,4956.889106260496,5001.836936739351,4943.2399220392845,4992.9873046875,0
2018-06-08,4981.988240517911,5022.13603344972,4967.589094722103,5018.38623046875,0
2018-06-11,5033.735391911806,5055.734235499819,4999.137112981359,5006.63671875,0
2018-06-12,5010.086738130925,5059.984017581197,5005.236895410836,5053.1845703125,0
2018-06-13,5072.3834601743265,5098.132107649316,5032.685838379841,5038.2353515625,0
2018-06-14,5029.435883616323,5048.634581699338,5009.28655189816,5045.134765625,0
2018-06-15,5052.084560492186,5068.383508508271,5001.9870959547015,5025.8857421875,0
2018-06-18,5028.3355814982,5049.7343581569,4998.087172719141,5012.2861328125,0
2018-06-19,4995.237584204217,5003.737137695505,4926.991169406511,4944.7900390625,0
2018-06-20,4948.389697938722,4979.4881603242275,4933.290394259012,4977.1884765625,0
2018-06-21,4990.9877199495495,4993.537390649992,4935.0404647061805,4943.14013671875,0
2018-06-22,4945.140037697084,4965.288881229139,4903.792112853696,4961.83935546875,0
2018-06-25,4961.639051136197,4987.33789536804,4930.740773226031,4940.990234375,0
2018-06-26,4926.19125488388,4955.689704326716,4909.641831819379,4941.89013671875,0
2018-06-27,4948.190021317042,4948.190021317042,4832.5457112269605,4856.8447265625,0
2018-06-28,4847.245104529511,4851.945052692245,4741.550467236819,4754.14990234375,0
2018-06-29,4778.748884715218,4855.844931102797,4777.748937260789,4850.4453125,0
2018-07-02,4873.843875170904,4873.843875170904,4777.098961140613,4820.49658203125,0
2018-07-03,4811.597045508257,4891.992719672082,4795.947966182956,4883.54296875,0
2018-07-04,4890.94328339709,4904.5421784480895,4860.0948061524705,4898.79248046875,0
2018-07-05,4908.741686325403,4910.74158108455,4834.745580236978,4843.544921875,0
2018-07-06,4839.395562238027,4904.89211998967,4835.0456931942435,4877.59375,0
2018-07-09,4909.741860881504,4973.5383113479575,4905.842163571839,4968.53857421875,0
2018-07-10,4990.687964968797,5010.2865445574635,4978.588503065789,4999.537109375,0
2018-07-11,4993.487263784584,5005.636526885409,4942.539749115186,4955.58935546875,0
2018-07-12,4985.2378463437035,5004.836913363655,4919.641198151991,4930.54052734375,0
2018-07-13,4945.739856611699,4946.739804014977,4853.294523876445,4864.2939453125,0
2018-07-16,4857.344822750747,4857.344822750747,4724.8014955187455,4729.1015625,0
2018-07-17,4727.351420171531,4886.142871797184,4706.552221323356,4882.443359375,0
2018-07-18,4908.491933304956,4923.040973068593,4754.350135052031,4801.49755859375,0
2018-07-19,4807.947226355602,4810.546698959993,4713.202211341188,4760.79931640625,0
2018-07-20,4753.100010672104,4807.597143275351,4734.5008916187835,4797.84765625,0
2018-07-23,4812.796579161832,4848.994869899507,4753.99986806614,4844.294921875,0
2018-07-24,4850.945381819897,4908.842242921121,4836.045773850822,4898.74267578125,0
2018-07-25,4912.091652802572,4931.740521340498,4879.993243972418,4890.79248046875,0
2018-07-26,4900.14234367986,4944.140031096919,4892.943015055874,4932.8408203125,0
2018-07-27,4953.63923180512,5003.136627151834,4953.589429738306,4982.837890625,0
2018-07-30,4992.787282895965,5003.536717688453,4957.289149395192,4996.08740234375,0
2018-07-31,5002.286572191842,5021.38566480735,4981.287677204811,5010.63623046875,0
2018-08-01,5026.7855296385915,5042.884780902969,4979.588303924489,4996.7373046875,0
2018-08-02,4992.88745144031,5030.7853616821185,4936.790302528159,4997.537109375,0
2018-08-03,5020.035672877532,5064.483529542741,5017.586094732122,5039.134765625,0
2018-08-06,5066.583586357797,5078.132783537006,5027.985519028465,5049.734375,0
2018-08-07,5065.834007046862,5069.583810082774,4992.087880673926,5019.7861328125,0
2018-08-08,5029.585729878632,5042.234967346391,5009.536490748723,5025.6357421875,0
2018-08-09,5052.284384837092,5076.633203337366,5036.235423275721,5065.48388671875,0
2018-08-10,5076.233310607325,5082.933153931049,5027.035699983135,5037.38525390625,0
2018-08-13,5000.986915600282,5057.334049031266,4974.438507531513,5021.43603515625,0
2018-08-14,5038.284708330512,5102.8814071416155,5028.885300549675,5094.73193359375,0
2018-08-16,5078.282996535593,5130.930621104542,5066.1840228291485,5102.23193359375,232800
2018-08-17,5129.380166376745,5166.5784055653685,5125.430667035702,5162.62841796875,294100
2018-08-20,5182.927921847178,5227.175597395028,5178.428158232143,5223.67578125,296300
2018-08-21,5240.674667339736,5245.924391335996,5213.775690925866,5228.77490234375,224600
2018-08-23,5243.624398116904,5243.624398116904,5180.627708013472,5222.87548828125,0
2018-08-24,5222.675631423969,5253.424014935346,5182.777338312059,5219.82568359375,0
2018-08-27,5250.373653945748,5290.621536303508,5239.774113984269,5280.47216796875,0
2018-08-28,5294.421686419898,5304.470962473128,5252.123618507773,5272.2724609375,0
2018-08-29,5280.972325819604,5348.71876370349,5279.122325436603,5321.1201171875,0
2018-08-30,5330.869592115869,5350.668843991283,5307.220933276735,5330.169921875,0
2018-08-31,5329.819655299163,5366.567721703839,5302.671181443146,5345.1689453125,0
2018-09-03,5375.567406377663,5387.61657742125,5298.371270669044,5311.0205078125,253300
2018-09-04,5317.570640428695,5322.470285278702,5133.580309774187,5147.279296875,0
2018-09-05,5139.279793057179,5172.328349694182,5041.1853374478715,5139.43017578125,0
2018-09-06,5170.328284098303,5179.02753379418,5099.381818570481,5154.77880859375,0
2018-09-07,5160.4784582826405,5240.724235791177,5130.330142327742,5233.62451171875,0
2018-09-10,5225.275223384293,5248.374107224742,5108.931727706141,5119.880859375,0
2018-09-11,5132.680319445182,5152.5791755088785,5042.834945850556,5051.83447265625,0
2018-09-12,5060.283928499606,5097.88205068461,4982.238224470204,5083.3828125,0
2018-09-14,5117.130892469739,5188.527041485802,5117.130892469739,5182.77734375,0
2018-09-17,5163.428678638345,5184.027204848713,5115.081123317478,5153.52880859375,0
2018-09-18,5157.62855653343,5180.977425792214,5068.783133086103,5076.73291015625,0
2018-09-19,5106.581611986726,5119.931007779824,5013.436606871878,5042.884765625,0
2018-09-21,5081.982703946359,5096.281756549377,4624.656660178885,4892.392578125,0
2018-09-24,4912.841652343384,4920.241165427799,4756.299594437759,4780.1484375,0
2018-09-25,4770.398934896094,4831.945989916086,4702.552406599613,4807.697265625,0
2018-09-26,4845.794963162709,4862.144201008601,4790.797855473855,4837.29541015625,0
2018-09-27,4840.045441619649,4844.595495465509,4722.601906699426,4729.1513671875,0
2018-09-28,4752.950174774314,4764.499371936722,4571.409431435306,4622.60693359375,0
2018-10-01,4611.707877707927,4721.401820980007,4502.463617838929,4711.45263671875,0
2018-10-03,4696.353041114037,4732.900923162144,4637.805828082396,4650.20556640625,292900
2018-10-04,4583.959313807253,4624.457185693177,4504.063121630302,4553.060546875,0
2018-10-05,4529.911514607601,4553.510370368113,4382.219579901671,4407.26806640625,0
2018-10-08,4379.720027849198,4433.217216411,4288.574427199713,4366.87060546875,0
2018-10-09,4376.970248695691,4414.067909124041,4307.573503868077,4368.3203125,0
2018-10-10,4380.519490638194,4584.608848813019,4380.319305859711,4574.609375,0
2018-10-11,4399.219128647893,4539.161485280665,4381.769849849558,4434.31689453125,0
2018-10-12,4480.414400450791,4583.109197865456,4479.664439870612,4561.16015625,0
2018-10-15,4586.609172965075,4606.307845267539,4526.562034143067,4592.05859375,0
2018-10-16,4616.156996676554,4652.804970576241,4602.50781256318,4648.9052734375,0
2018-10-17,4699.552557373766,4703.802333789544,4531.111712153506,4538.4111328125,0
2018-10-19,4503.7136358981425,4552.010903751749,4428.067218632377,4490.01416015625,0
2018-10-22,4519.562078414189,4528.411710585058,4436.066470233447,4446.56591796875,0
2018-10-23,4407.618400603379,4463.765351447735,4366.7704502178,4412.1181640625,0
2018-10-24,4456.565283017507,4490.6635862894,4420.417282921073,4481.6142578125,0
2018-10-25,4432.267192809895,4495.013897005907,4410.018361441588,4462.11572265625,0
2018-10-26,4459.5651075482865,4510.562423671291,4384.669146814828,4444.166015625,0
2018-10-29,4457.565367212943,4620.506992909502,4439.466709703638,4614.20751953125,0
2018-10-30,4619.457337997484,4682.153748909535,4604.608021009824,4653.1552734375,0
2018-10-31,4678.6540989781515,4734.651157049758,4618.707541370924,4730.6513671875,0
2018-11-01,4742.600919864001,4785.498568351371,4730.501457917411,4758.25,0
2018-11-02,4810.097115551118,4874.843710270634,4765.649257927924,4781.24853515625,0
2018-11-05,4775.048840797539,4805.797224744111,4736.601154474608,4765.99951171875,0
2018-11-06,4777.398697591902,4795.897724877701,4733.55090553634,4745.20068359375,0
2018-11-07,4780.098734606793,4783.6986429606895,4763.599602219046,4772.7490234375,0
2018-11-09,4775.498976783645,4837.7955068656165,4760.549567284078,4830.34619140625,0
2018-11-12,4839.6454327033325,4863.794065306573,4770.099284767862,4782.49853515625,0
2018-11-13,4765.699482916947,4812.9967994023355,4713.852112830576,4807.84716796875,0
2018-11-14,4844.595385047751,4850.845056460948,4783.4486975921445,4801.3974609375,0
2018-11-15,4806.29732197547,4840.995694525329,4761.849949837862,4833.39599609375,0
2018-11-16,4839.195555556347,4850.394673287046,4777.248619908064,4806.697265625,0
2018-11-19,4818.5465610929705,4848.745169287033,4789.948454720414,4840.44580078125,0
2018-11-20,4823.196799841673,4857.394710223115,4776.499057880508,4786.44873046875,0
2018-11-21,4797.8476759504465,4840.995308234854,4776.348807037036,4835.345703125,0
2018-11-22,4846.195240015287,4854.7943969940225,4772.4491197524985,4779.8486328125,0
2018-11-26,4798.147617995393,4810.347171861081,4748.850405332184,4791.84814453125,0
2018-11-27,4788.498383891765,4818.096926265034,4779.04868512249,4813.4970703125,0
2018-11-28,4815.997018676714,4822.546479325127,4733.901233460921,4740.65087890625,0
2018-11-29,4762.149353566399,4767.99914345034,4731.701248487321,4760.99951171875,0
2018-11-30,4775.59885112935,4796.397561586801,4762.149363400797,4779.74853515625,0
2018-12-03,4801.047154992005,4841.045050147852,4779.098602978567,4815.646484375,0
2018-12-04,4818.346930863897,4826.6965898102735,4789.448546906281,4795.248046875,0
2018-12-05,4763.549234815833,4774.248867311532,4681.153666603197,4706.30224609375,0
2018-12-06,4678.553596457581,4678.553596457581,4613.65710928241,4620.70703125,0
2018-12-07,4638.356037545973,4655.005063854514,4579.058864664261,4630.6064453125,0
2018-12-10,4540.811156501053,4581.859292132097,4525.11227454479,4552.41064453125,0
2018-12-11,4486.313928083115,4646.0057272913855,4485.514165444677,4634.20654296875,0
2018-12-12,4653.005272430841,4759.399578903004,4651.655245780042,4753.25,0
2018-12-13,4780.99857118917,4817.196862863069,4742.5005957662615,4772.39892578125,0
2018-12-14,4770.899045472352,4804.2473896516985,4752.0001368451,4791.748046875,0
2018-12-17,4806.797311175672,4833.545906113998,4798.598034839528,4824.396484375,0
2018-12-18,4810.847100065044,4851.94503642232,4806.147151918071,4846.6953125,0
2018-12-19,4874.543394001449,4937.090396873338,4872.093815822887,4929.04052734375,0
2018-12-20,4899.292431814939,4960.189623348369,4886.743286367453,4944.84033203125,0
2018-12-21,4958.389024563421,4980.588051909279,4837.095601537144,4844.4453125,0
2018-12-24,4858.244340367089,4861.5439714152235,4802.7472608383505,4815.646484375,0
2018-12-26,4802.597406764663,4836.195736629193,4720.001654922231,4825.6962890625,0
2018-12-27,4863.394018287596,4868.793636534229,4819.7962144991325,4853.64453125,0
2018-12-28,4875.093718909914,4920.291049036123,4873.593797790017,4911.6416015625,0
2018-12-31,4935.840549522298,4954.139391976443,4923.691286040082,4930.69091796875,0
2019-01-02,4917.291412258891,4937.890427483956,4849.2451832452525,4859.79443359375,0
2019-01-03,4863.494525199823,4884.043250482081,4798.247952541014,4805.74755859375,0
2019-01-04,4816.896625807274,4853.144719851546,4785.048202768295,4847.4453125,0
2019-01-07,4879.543310843485,4885.093312075682,4837.795505322442,4848.89501953125,0
2019-01-08,4854.194759509324,4865.444167546761,4832.995679727667,4862.244140625,179900
2019-01-09,4880.143132784479,4886.742883193741,4827.096119174605,4862.84423828125,0
2019-01-10,4862.6947773026095,4890.943293520442,4854.245025821936,4880.3935546875,0
2019-01-11,4882.393189295651,4888.542768298549,4851.095030244932,4875.44384765625,0
2019-01-14,4864.344437508768,4865.544081489146,4825.096500301308,4858.8447265625,0
2019-01-15,4871.49390324249,4898.7922728416825,4869.743995235988,4894.8427734375,0
2019-01-16,4894.2424468750805,4923.691092491017,4882.792854082467,4889.892578125,0
2019-01-17,4902.342330403113,4909.291672035013,4848.894945376941,4875.34375,0
2019-01-18,4888.0928822849955,4888.692948365287,4844.394986390855,4853.04443359375,0
2019-01-21,4860.294202503756,4878.24345386767,4817.546450601975,4828.0458984375,0
2019-01-22,4818.296249925864,4820.196540551256,4764.999249903631,4815.69677734375,0
2019-01-23,4820.846818005967,4837.995819368369,4788.8484991469195,4795.59814453125,0
2019-01-24,4802.397341840628,4813.447053699447,4778.1989074172725,4790.84814453125,0
2019-01-25,4806.0473239345965,4815.697207612883,4691.1534574219495,4712.3525390625,0
2019-01-28,4715.501978004116,4716.751912261128,4605.157684143967,4613.857421875,0
2019-01-29,4594.40844451142,4664.104976942432,4586.1588780650445,4645.4560546875,0
2019-01-30,4655.205390987119,4672.254299119881,4621.7569546350105,4661.15478515625,0
2019-01-31,4681.353910021621,4703.1525683398795,4627.106762823847,4688.853515625,0
2019-02-01,4701.402811961325,4763.849725267941,4665.205007368503,4719.60205078125,317300
2019-02-04,4710.452524274447,4710.452524274447,4640.006032970327,4680.4541015625,0
2019-02-05,4681.153651467619,4707.652257515307,4610.907346756296,4631.75634765625,0
2019-02-06,4628.806301349066,4637.456236934893,4560.809878374096,4622.35693359375,0
2019-02-07,4622.056579199837,4683.303356223883,4615.657013619048,4658.0048828125,0
2019-02-08,4640.706164501102,4654.90512488223,4559.860318111101,4568.509765625,0
2019-02-11,4561.409915223051,4564.309665003753,4481.164137153021,4491.86376953125,0
2019-02-12,4497.163425094453,4524.212295734966,4483.414148081567,4503.61328125,0
2019-02-14,4468.215404472305,4514.612868773427,4450.416046804511,4506.76318359375,0
2019-02-15,4506.262890614016,4506.262890614016,4408.9682053533315,4445.01611328125,0
2019-02-18,4447.86640637308,4453.466209815177,4401.668638295285,4405.11865234375,0
2019-02-19,4405.968497220056,4472.86488166197,4405.968497220056,4429.01708984375,0
2019-02-20,4450.766032942662,4473.0148633702,4432.467190185392,4467.81494140625,0
2019-02-21,4489.214110617542,4520.012295649589,4470.465096615346,4512.41259765625,0
2019-02-22,4512.312528488628,4543.711268037041,4508.312738814239,4540.71142578125,0
2019-02-25,4555.560526057941,4573.25979172501,4539.461762262781,4564.46044921875,0
2019-02-26,4523.76193629867,4588.658423454319,4458.365475454216,4565.009765625,0
2019-02-27,4591.459018298323,4653.605656246045,4551.160842084569,4582.80908203125,0
2019-02-28,4602.458333593398,4616.407307598385,4568.460120218227,4608.65771484375,0
2019-03-01,4625.106809201505,4699.95296982289,4622.356953848556,4697.0029296875,0
2019-03-05,4703.102886556317,4814.796722579272,4695.153109111185,4811.89697265625,0
2019-03-06,4839.945683199684,4868.29380186796,4819.6464576806775,4846.9951171875,0
2019-03-07,4861.444608772188,4861.444608772188,4812.546788910739,4820.19677734375,0
2019-03-08,4815.796771886239,4827.796141412357,4773.199400672996,4795.248046875,0
2019-03-11,4812.0467518639725,4916.641349166727,4810.697213457632,4911.841796875,0
2019-03-12,4939.9905279874965,4957.289424053947,4903.892326382052,4917.69189453125,0
2019-03-13,4920.991236983141,4927.191106284719,4877.393431852734,4884.34326171875,0
2019-03-14,4898.29252495777,4915.241830018697,4859.844837367095,4889.84326171875,0
2019-03-15,4905.942316094832,4947.8898181696595,4904.492197007357,4932.54052734375,0
2019-03-18,4954.939713571073,4968.138726728707,4906.7420520150945,4922.7412109375,0
2019-03-19,4946.590201331496,4975.388492942342,4922.691554634604,4962.689453125,0
2019-03-20,4971.388659767728,4971.538554234641,4924.491221847569,4933.99072265625,0
2019-03-22,4944.789979466839,4965.6389816070805,4891.292790489954,4897.19287109375,0
2019-03-25,4860.694608142227,4893.892569543747,4839.2455406739755,4884.443359375,0
2019-03-26,4897.0924645262685,4964.238834339329,4892.742595714037,4956.189453125,0
2019-03-27,4977.7878781185245,5015.086208483817,4967.7884042815385,4973.83837890625,0
2019-03-28,4986.537644863825,5044.134714439536,4983.037828861463,5024.5859375,0
2019-04-01,5097.731875735202,5134.029771270399,5084.632467065624,5096.6318359375,0
2019-04-02,5109.031399460836,5122.630782667467,5071.183778427364,5102.58203125,0
2019-04-03,5118.780799880541,5137.180223569544,5024.985924349685,5035.88525390625,0
2019-04-04,5045.034656535757,5061.033815679793,5007.187036290117,5026.23583984375,0
2019-04-05,5044.034552682448,5085.332673895762,5042.984803198407,5078.98291015625,0
2019-04-08,5100.881917990474,5101.3320896523655,5018.686529247405,5037.38525390625,0
2019-04-09,5040.484761261963,5070.532984761689,4996.687261272162,5066.38330078125,0
2019-04-10,5053.334211198314,5078.38269793352,5031.285078367719,5039.0849609375,0
2019-04-11,5040.284638094747,5052.184402679701,5006.43680943533,5030.435546875,0
2019-04-12,5035.3353827075425,5067.73358183056,5031.2355005880945,5061.93408203125,0
2019-04-15,5074.683562542592,5094.482326968303,5066.483798060091,5083.3828125,0
2019-04-16,5092.28198466649,5104.281353579829,5083.68282754972,5087.6826171875,0
2019-04-18,5102.231750367036,5102.431935154828,5018.285968500705,5033.7353515625,0
2019-04-22,5016.086147827188,5016.186240216509,4917.891119603161,4927.29052734375,0
2019-04-23,4929.7904852742195,4962.038788932111,4902.442314481979,4928.99072265625,0
2019-04-24,4939.840445030537,4950.989761333242,4904.791994312029,4941.990234375,0
2019-04-25,4949.6900471776,4970.138679460028,4906.89200360853,4914.54150390625,0
2019-04-26,4933.340938012221,4937.19083342469,4878.243734737643,4916.99169921875,0
2019-04-30,4916.991257090318,4916.991257090318,4831.495756051888,4862.1943359375,0
2019-05-02,4843.445723970346,4880.643476656985,4812.247167808755,4823.396484375,0
2019-05-03,4830.296009129166,4855.695065225679,4819.196982924131,4841.69580078125,0
2019-05-06,4809.8470811821,4830.14581807789,4793.497843558693,4808.197265625,0
2019-05-07,4832.695895359907,4839.245355410084,4733.701104537385,4741.70068359375,0
2019-05-08,4726.451507135288,4745.900190849638,4683.953743208467,4695.703125,0
2019-05-09,4685.703630111986,4712.651919104282,4662.154576311914,4695.302734375,0
2019-05-10,4696.003080224702,4726.701661380092,4687.853606387112,4708.15234375,0
2019-05-13,4690.353543651774,4694.453425792851,4579.9594443049655,4588.708984375,0
2019-05-14,4578.609206311852,4642.305562128771,4533.061309724525,4621.806640625,0
2019-05-15,4630.6064746042375,4649.055211020192,4574.609420692023,4584.7587890625,0
2019-05-16,4595.258199239029,4613.6571334377695,4546.610856700177,4602.60791015625,0
2019-05-17,4605.108099545532,4676.354355559729,4593.90849277159,4673.75439453125,0
2019-05-20,4798.347659635386,4885.693162100262,4788.397987768799,4881.943359375,0
2019-05-21,4895.442978052235,4895.442978052235,4789.698534096148,4804.54736328125,0
2019-05-22,4803.897381548022,4813.597066988622,4740.201022767978,4793.09814453125,0
2019-05-23,4866.893813615898,4945.239788823233,4770.199194511967,4788.2978515625,0
2019-05-24,4815.596729190822,4918.991191524179,4796.197847502489,4909.341796875,0
2019-05-27,4919.641477447357,5006.536815247375,4911.09212185078,5000.9375,278200
2019-05-28,5015.2365612490485,5028.585957692449,4979.038267349018,4991.78759765625,0
2019-05-29,4984.088307105528,4986.238096531022,4927.741169097539,4936.24072265625,0
2019-05-30,4945.389755463859,4973.588467413612,4935.090492557945,4965.98876953125,0
2019-05-31,4978.9385914594295,5012.036461803057,4917.191835763191,4962.5390625,0
2019-06-03,4965.788661434688,5009.236571887835,4940.94035879403,5004.5869140625,0
2019-06-04,4996.587201812872,5052.3342686764,4991.137293247756,5011.33642578125,0
2019-06-06,5009.6870384137765,5011.086867225067,4906.192474942675,4917.24169921875,354600
2019-06-07,4916.791207606046,4946.239854076281,4863.294021273673,4920.44140625,0
2019-06-10,4945.889877860676,4965.089063798014,4899.992388524744,4922.39111328125,0
2019-06-11,4936.190651868953,4967.439008839592,4903.492175832645,4958.9892578125,0
2019-06-12,4952.739385096992,4966.588753994539,4913.291265558533,4918.041015625,0
2019-06-13,4905.4922396888605,4913.591911745825,4841.245615543723,4897.19287109375,0
2019-06-14,4894.242490230804,4901.74209564029,4844.8451869181,4853.5947265625,0
2019-06-17,4856.644534266385,4857.894468543372,4787.498267714594,4791.6982421875,0
2019-06-18,4794.847785150691,4831.795547931984,4775.998679364324,4797.29736328125,0
2019-06-19,4820.496487142169,4840.695620169912,4727.251390958793,4753.7001953125,0
2019-06-20,4758.399729380106,4845.295063199893,4731.201452298833,4838.69580078125,0
2019-06-21,4833.246006202767,4837.545584941427,4786.7982517843375,4812.9970703125,0
2019-06-24,4808.947425408405,4823.796254293056,4786.248423210343,4802.69775390625,0
2019-06-25,4795.247900147912,4842.44561414204,4787.998281281043,4838.8955078125,0
2019-06-26,4834.196079537751,4890.142845654817,4827.296051621651,4885.943359375,0
2019-06-27,4896.0424625961905,4919.491425401993,4876.94385706769,4904.9921875,0
2019-06-28,4909.891547372628,4917.741231984105,4861.793980575841,4871.74365234375,0
2019-07-01,4888.99281781574,4903.041883461575,4867.543750817006,4891.69287109375,0
2019-07-02,4904.791963862277,4916.941715784946,4870.5437642615825,4913.54150390625,0
2019-07-03,4920.541004152582,4944.739926699731,4908.591925594486,4938.89013671875,0
2019-07-04,4943.340049684351,4958.139075858396,4922.290864023208,4928.69091796875,247053000
2019-07-05,4940.890081249589,4943.539844253198,4825.846326240145,4837.69580078125,0
2019-07-08,4800.147316134924,4804.247198053288,4690.453381254676,4704.6025390625,0
2019-07-09,4686.40333060783,4740.950753603207,4665.454725772336,4733.0009765625,0
2019-07-10,4734.95143249688,4752.600407606465,4669.554477668604,4674.8544921875,0
2019-07-11,4695.703272940202,4711.852326090065,4675.30395500819,4707.80224609375,0
2019-07-12,4714.35233546941,4762.9996811581,4706.6525448184275,4738.35107421875,0
2019-07-15,4747.000580823981,4750.750383800038,4659.505178049301,4693.00341796875,0
2019-07-16,4690.403437799304,4741.650744929837,4683.303713209126,4739.10107421875,0
2019-07-17,4741.7509211933975,4759.649883324934,4702.502982843157,4731.4013671875,0
2019-07-18,4720.651934616248,4720.952211811953,4614.507607851435,4619.9072265625,0
2019-07-19,4638.856183225056,4650.3555785784865,4493.613820174116,4503.86328125,0
2019-07-22,4496.213598827989,4501.963296271589,4439.1663077603325,4491.11376953125,270900
2019-07-23,4500.01319391565,4508.712931418209,4436.016561637309,4453.8154296875,0
2019-07-24,4445.815829963288,4464.965212793152,4360.170434971717,4369.919921875,0
2019-07-25,4368.820195194729,4409.618343959363,4366.670405836184,4385.16943359375,0
2019-07-26,4378.719989302131,4436.966927038458,4369.220488727106,4420.86767578125,0
2019-07-29,4419.9676793671915,4423.717482105811,4361.620651103168,4371.77001953125,0
2019-07-30,4379.219998480258,4402.368683996793,4266.375832558322,4272.92529296875,0
2019-07-31,4249.526543401507,4360.220917974176,4226.727937553186,4355.02099609375,0
2019-08-01,4332.7224893331595,4362.470925905799,4252.376614249718,4301.673828125,0
2019-08-02,4275.125507174964,4340.071802301779,4223.028146414113,4294.07421875,324500
2019-08-05,4259.126232028184,4263.376008653985,4173.730818186749,4226.82763671875,0
2019-08-06,4204.92875475673,4328.97252395734,4204.92875475673,4317.1728515625,0
2019-08-07,4323.922776622633,4359.521004385832,4249.826571069686,4257.42626953125,0
2019-08-08,4270.325458541408,4307.123818268707,4225.077835673997,4293.92431640625,0
2019-08-09,4316.023006055345,4375.269890065488,4316.023006055345,4335.671875,0
2019-08-13,4340.771928613894,4341.37199474167,4203.029165848042,4209.82861328125,0
2019-08-14,4231.3273090459215,4278.975194204905,4210.12871669904,4271.525390625,0
2019-08-16,4252.826186572126,4315.32290042857,4224.228080915879,4308.8232421875,0
2019-08-19,4324.972781717376,4350.1213617108415,4313.02321473114,4318.07275390625,0
2019-08-20,4280.225378466227,4281.27512801612,4259.276283495192,4276.275390625,0
2019-08-21,4272.325382698183,4273.475712897216,4193.629809485289,4201.529296875,0
2019-08-22,4186.879788654595,4194.979460115056,4104.433931552262,4120.13330078125,0
2019-08-23,4109.234063421182,4221.478159759221,4077.1854561013897,4205.4287109375,0
2019-08-26,4281.2250161199245,4288.924318191702,4175.530380018334,4279.6748046875,0
2019-08-27,4296.874280932059,4331.272375528007,4288.924503409935,4301.77392578125,0
2019-08-28,4306.723876502087,4324.922627186998,4217.328183630517,4237.02734375,0
2019-08-29,4225.378165853631,4237.327245276976,4167.080934861598,4220.578125,0
2019-08-30,4233.927222250661,4269.675342106237,4195.829128333883,4261.32568359375,0
2019-09-03,4225.278072634749,4232.627784256729,4165.131329422308,4174.08056640625,0
2019-09-04,4169.8808195469655,4201.178978383807,4133.132751987513,4196.9794921875,0
2019-09-05,4203.7789715836825,4229.227828833298,4191.929496955101,4206.87890625,0
2019-09-06,4222.677956637036,4259.126236212828,4207.678745001827,4254.7763671875,0
2019-09-09,4254.876190966654,4320.622731150315,4237.127124985514,4314.623046875,0
2019-09-11,4320.622931882594,4369.520263347027,4320.473037419858,4364.87060546875,0
2019-09-12,4382.6694411888675,4399.218863911955,4340.621847559518,4345.67138671875,0
2019-09-13,4357.971162955442,4371.070083919108,4287.324485153344,4366.720703125,0
2019-09-16,4340.571835118538,4378.120156025804,4332.022479448587,4341.671875,0
2019-09-17,4345.321535931806,4356.871222171575,4240.627328704474,4247.77685546875,0
2019-09-18,4264.226105318739,4279.775092889032,4228.277799131139,4255.5263671875,0
2019-09-19,4259.476466549217,4262.626203453212,4169.330810819744,4183.2802734375,0
2019-09-20,4192.179698279354,4484.314255570769,4148.132207289557,4452.666015625,0
2019-09-23,4510.463197820484,4616.307245732548,4507.513157514715,4581.359375,0
2019-09-24,4601.208494995076,4623.257141472758,4525.812064925461,4554.7109375,0
2019-09-25,4539.061203594176,4541.611362510822,4443.516421330584,4458.66552734375,0
2019-09-26,4467.51509740529,4514.012652557066,4458.615662995097,4503.9130859375,0
2019-09-27,4504.613426783325,4517.412559008727,4454.015987499501,4460.91552734375,0
2019-09-30,4466.9151004139385,4467.314981738057,4351.671158174032,4393.76904296875,0
2019-10-01,4407.968209695412,4433.716854577819,4231.627392626345,4304.92333984375,369500
2019-10-03,4282.674918139324,4332.722581925604,4259.326047082636,4303.423828125,0
2019-10-04,4323.972970060335,4334.1721411240305,4228.177711142911,4237.02734375,0
2019-10-07,4236.7272406420625,4241.5765948233475,4188.929462996381,4221.77783203125,0
2019-10-09,4225.577487778583,4311.923042605622,4189.3796851932,4306.2734375,0
2019-10-10,4289.724733542719,4309.073325983495,4248.926584866057,4254.92626953125,0
2019-10-11,4267.075504345471,4293.824098296113,4223.527988748621,4254.37646484375,0
2019-10-14,4263.2756668649345,4306.023417482614,4258.275929950586,4268.525390625,0
2019-10-15,4274.825038943382,4300.724067825049,4243.977051522681,4290.42431640625,0
2019-10-16,4301.224217377797,4313.473573820491,4255.426330540734,4275.17529296875,0
2019-10-17,4275.4252647381945,4376.31986592002,4261.026118948338,4367.8203125,0
2019-10-18,4367.270265312237,4477.864545297302,4361.770554617511,4464.76513671875,0
2019-10-22,4461.215615232559,4502.513248403834,4450.315797742838,4457.3154296875,0
2019-10-23,4451.415989756416,4485.764282481821,4418.117934811965,4460.2158203125,0
2019-10-24,4474.214798703516,4487.214114785765,4421.467573831315,4445.51611328125,0
2019-10-25,4455.915550191952,4469.715117393297,4419.167482901077,4447.06591796875,0
2019-10-29,4473.064493830941,4557.860326014488,4459.015428211181,4538.81103515625,0
2019-10-30,4562.160044519199,4589.258717449295,4543.711307439441,4578.609375,0
2019-10-31,4596.258132565559,4659.054632732741,4591.058210886889,4639.4560546875,0
2019-11-01,4647.956052255221,4685.50388466878,4640.506248258366,4657.20556640625,0
2019-11-04,4670.554342845892,4708.402451387844,4644.706091930469,4654.70556640625,0
2019-11-05,4664.204957721372,4676.404023342244,4589.858769087212,4596.908203125,0
2019-11-06,4594.80833670747,4624.756958149507,4565.760058575275,4599.20849609375,0
2019-11-07,4627.306312843689,4635.0559050551465,4604.557509900377,4630.3564453125,362200
2019-11-08,4629.056335717946,4663.554521257919,4588.908544979788,4595.408203125,0
2019-11-11,4592.508560215498,4630.506562564458,4580.159111800969,4625.306640625,0
2019-11-13,4626.35670757342,4630.906272910789,4541.61116598977,4547.810546875,0
2019-11-14,4550.160816012833,4586.808792703701,4526.862235539673,4572.009765625,0
2019-11-15,4587.758758246458,4618.257154525123,4583.859060963579,4596.45849609375,0
2019-11-18,4610.807628186264,4648.005869710901,4603.40811449207,4638.90625,0
2019-11-19,4647.05572709712,4657.705558360386,4630.506791610365,4648.255859375,0
2019-11-20,4663.754652288502,4692.353245448931,4654.6550333389705,4668.654296875,0
2019-11-21,4674.654175286975,4691.903268574143,4611.507592295503,4616.607421875,0
2019-11-22,4618.657223945746,4621.25718499208,4588.959077346088,4618.607421875,0
2019-11-25,4625.306535168401,4682.353827716029,4620.556784983074,4679.00390625,0
2019-11-26,4694.2036119710565,4714.702535176482,4620.05711621134,4638.40625,0
2019-11-27,4655.705648365119,4692.703704994448,4650.05555451859,4685.15380859375,0
2019-11-28,4693.302869315768,4754.950016412359,4690.153132693558,4751.5498046875,335800
2019-11-29,4751.600525026468,4778.19922561501,4698.9533879161145,4722.5517578125,0
2019-12-02,4725.701694027656,4725.951680882084,4659.605072065926,4689.20361328125,0
2019-12-03,4692.403415805123,4696.453496027831,4604.807919439253,4619.857421875,0
2019-12-04,4605.257855369892,4655.905094679907,4587.308603829709,4652.50537109375,252800
2019-12-05,4660.40488113227,4672.354448195192,4634.806129332729,4643.65576171875,214300
2019-12-06,4654.505076298799,4654.855155533606,4539.911008672106,4556.1103515625,269600
2019-12-09,4558.910030994515,4614.857282589628,4526.811622226304,4565.8095703125,222700
2019-12-10,4565.309746710915,4577.909181850255,4494.813453622036,4503.6630859375,210300
2019-12-11,4512.512783777276,4546.711181329841,4502.713494224151,4542.06103515625,211400
2019-12-12,4558.710470587051,4609.057432412556,4553.810337640847,4596.25830078125,208400
2019-12-13,4609.5075398671315,4645.455844298535,4607.907526371604,4641.4560546875,292400
2019-12-16,4652.405352221029,4657.554983878336,4603.407927733106,4607.4580078125,211700
2019-12-17,4618.757063794868,4645.355762419557,4599.557878316226,4641.65576171875,263900
2019-12-18,4648.055193470394,4650.8050487549335,4597.958220527411,4620.556640625,236700
2019-12-19,4619.407109305353,4641.756032316719,4601.807936650191,4635.75634765625,220900
2019-12-20,4636.406006311884,4657.355099606847,4632.806098027174,4641.0556640625,259700
2019-12-23,4638.55612845734,4666.104974208745,4614.25760023898,4628.806640625,223800
2019-12-24,4636.00625235753,4643.706042837579,4618.357277945209,4624.90673828125,187500
2019-12-26,4628.506740864679,4635.106491659671,4613.407436778334,4617.4072265625,246200
2019-12-27,4630.506714037055,4677.95441645608,4630.506714037055,4674.654296875,209600
2019-12-30,4682.6040048149025,4705.352809258346,4677.553977248828,4701.203125,0
2019-12-31,4701.80268446234,4725.551436260897,4695.802999797441,4700.85302734375,167700
2020-01-02,4718.45233924234,4800.1980452137095,4714.652245889086,4796.4482421875,334200
2020-01-03,4792.848134238406,4793.79779134551,4737.451144153623,4755.5,264100
2020-01-06,4731.701674375798,4736.951398647004,4633.356742044072,4639.00634765625,250600
2020-01-07,4671.804335827526,4722.301682564409,4647.305623054187,4674.404296875,261800
2020-01-08,4627.306342531302,4693.552857022009,4617.107172121541,4686.603515625,278800
2020-01-09,4732.95143612628,4770.84934659382,4730.501369586823,4765.849609375,289200
2020-01-10,4780.7986891428645,4814.997088155174,4769.249491086881,4787.44873046875,262300
2020-01-13,4805.597306525905,4830.995872816741,4803.647213795064,4826.7958984375,201600
2020-01-14,4833.795604396288,4868.04380334741,4823.546143396316,4865.34423828125,255800
2020-01-15,4862.544221712461,4928.890832086479,4846.795049513731,4923.541015625,308500
2020-01-16,4941.890078205411,4975.588501794191,4937.890288497809,4968.638671875,297400
2020-01-17,4965.338992220432,5006.736717639071,4948.289595804785,4986.28759765625,229900
2020-01-20,5001.487245277575,5002.237205878157,4937.340712892296,4944.59033203125,249200
2020-01-21,4922.091291575144,4969.738688594354,4918.141303955016,4940.34033203125,246800
2020-01-22,4965.939063716748,4965.939063716748,4910.041612433223,4921.39111328125,208100
2020-01-23,4919.341331475691,5005.886583727638,4916.6412781908375,4994.037109375,270000
2020-01-24,4999.58745065404,5055.034244858098,4982.13817201732,5037.685546875,230800
2020-01-27,5018.836097036287,5073.683309621607,5003.886688092011,5012.58642578125,224800
2020-01-28,5017.78588130671,5037.284855707896,4976.938420409191,4994.4375,223500
2020-01-29,5027.285512511124,5054.334383478884,5005.937025459114,5015.486328125,262900
2020-01-30,5018.035900904508,5019.836099198937,4960.88900397614,4976.48828125,306500
2020-01-31,4988.137781477797,4997.487387823056,4908.391972027766,4915.44189453125,280600
2020-02-03,4754.999910158917,4858.5945592410735,4737.800619445357,4836.845703125,262600
2020-02-04,4856.445017755782,4919.84158898344,4853.5950698474935,4906.59228515625,255300
2020-02-05,4927.941028940117,4987.03753035871,4923.790856577695,4967.18896484375,294200
2020-02-06,4987.987838124564,5023.485972390774,4953.239664441443,4998.13720703125,272400
2020-02-07,5008.48668036717,5024.335944753264,4986.88771826965,5015.1865234375,221500
2020-02-10,5017.3361838166575,5017.3361838166575,4932.240562223284,4957.0390625,211100
2020-02-11,4976.338469003469,5001.5368512416335,4941.740190335436,4950.18994140625,223400
2020-02-12,4966.589197414624,4982.688449359954,4927.741140488347,4944.990234375,229500
2020-02-13,4948.839823718806,4950.439837225674,4913.3914927375445,4929.890625,201200
2020-02-14,4941.190526962459,4966.189213237037,4877.743665895348,4887.29296875,219700
2020-02-17,4896.692712395851,4899.792158792583,4837.445827776282,4847.2451171875,0
2020-02-18,4835.745912134583,4836.345978261153,4761.9499849563545,4822.99658203125,297400
2020-02-19,4855.794367184361,4905.291763389731,4840.345472837237,4900.9423828125,225500
2020-02-20,4907.0416033464535,4965.038551631992,4897.142221893654,4927.49072265625,303200
2020-02-24,4899.042382605393,4899.8924355952795,4805.447691199754,4813.546875,287600
2020-02-25,4827.8959073624055,4864.793868509176,4795.44790741625,4807.64697265625,264900
2020-02-26,4780.948798586469,4803.34752313764,4729.001334828492,4745.1005859375,257500
2020-02-27,4744.4006386642295,4744.4006386642295,4663.355091987954,4702.65283203125,268400
2020-02-28,4594.058508419753,4598.108588663906,4491.514089729289,4518.0625,371700
2020-03-02,4589.108923002172,4636.556136506792,4437.116910744801,4469.01513671875,333200
2020-03-03,4513.562602060519,4582.909055331537,4469.715297006265,4561.96044921875,281100
2020-03-04,4563.409746990133,4577.658997104873,4416.367680581992,4499.96337890625,322900
2020-03-05,4523.612416965441,4546.810905096358,4464.115543063963,4507.1630859375,280600
2020-03-06,4329.522185739049,4395.518713080992,4282.424566303005,4379.9697265625,307100
2020-03-09,4272.025179891396,4281.524679969568,4097.534362666035,4156.68115234375,361100
2020-03-11,4139.732541465482,4222.128111714667,4105.734328982348,4123.43310546875,362200
2020-03-12,3947.842449925563,3958.641930858586,3736.103584300019,3774.551513671875,586200
2020-03-13,3436.469266460407,3946.0425787104023,3381.9721310686514,3920.0439453125,540900
2020-03-16,3746.9031734916025,3794.450479258518,3630.559190469387,3646.558349609375,366000
2020-03-17,3666.107207012575,3741.253156585572,3545.763439588719,3559.912841796875,349100
2020-03-18,3600.560651262808,3622.709388833653,3324.375224318376,3370.4228515625,457200
2020-03-19,3180.032843158399,3356.423720452626,3096.437382512928,3233.580078125,480300
2020-03-20,3257.828733589231,3445.1189364360484,3213.331072863411,3413.37060546875,486100
2020-03-23,3124.285582361787,3184.832445816604,2896.847596712936,2904.9970703125,233400
2020-03-24,3013.391534823587,3068.9386616956967,2855.199905035917,2974.993408203125,297200
2020-03-25,2917.0965883653275,3125.1356963080007,2910.996811499532,3110.33642578125,262700
2020-03-26,3135.185350867695,3288.527146624185,3088.13777428165,3219.730712890625,340900
2020-03-27,3327.725067434083,3383.1223034103627,3160.4340520272403,3206.33154296875,356000
2020-03-30,3121.3859836976153,3160.6339207621277,3068.888743038077,3121.3359375,236100
2020-03-31,3182.0326307232635,3193.481979855356,3110.986317715083,3180.432861328125,278000
2020-04-01,3170.2831638630523,3182.8825986681577,3067.688707800066,3095.287109375,246600
2020-04-03,3110.036434771279,3113.5862969582827,3030.340673763814,3036.84033203125,287700
2020-04-07,3143.934802223671,3237.979662411102,3102.38693781496,3231.93017578125,386100
2020-04-08,3208.531258188142,3416.2202898209457,3178.73277605657,3287.627197265625,456200
2020-04-09,3354.873583323432,3427.569710697334,3349.273780215414,3420.77001953125,369000
2020-04-13,3435.269359180861,3437.369346440854,3318.5755425988746,3371.622802734375,320900
2020-04-15,3414.320577865512,3510.8155070686225,3381.8723318450507,3419.370361328125,418800
2020-04-16,3402.970888557017,3513.765109038792,3386.3719082332063,3499.31591796875,345400
2020-04-17,3600.910756867834,3652.908022780825,3533.4143059230873,3593.760986328125,438700
2020-04-20,3631.10923452716,3661.3075987790626,3577.9120788586465,3600.560791015625,465700
2020-04-21,3528.9145119069335,3528.9145119069335,3454.468231727159,3472.46728515625,314200
2020-04-22,3458.6683417020404,3532.914440006616,3415.6205550716063,3521.514892578125,339200
2020-04-23,3548.2133542266233,3631.208990712322,3543.4636039458155,3570.962158203125,345700
2020-04-24,3526.114735512176,3561.8628567863293,3461.0180589814113,3470.167724609375,402100
2020-04-27,3519.165176052667,3547.663678541606,3514.2652870428037,3531.064453125,312400
2020-04-28,3569.962147485803,3606.760260992407,3528.2643893222394,3597.61083984375,357900
2020-04-29,3623.1095136396416,3663.207258460694,3609.210098109644,3648.9580078125,381500
2020-04-30,3707.304982963806,3752.5025565873298,3694.9057328634017,3722.2041015625,573600
2020-05-04,3605.1605939542474,3608.360376930919,3530.7643580757235,3548.46337890625,469400
2020-05-05,3608.2101315689542,3626.109336659704,3511.015292277842,3518.614990234375,406200
2020-05-06,3531.2643536822197,3581.7616996241536,3470.4176981674764,3567.46240234375,404800
2020-05-07,3558.512820014587,3614.209842252731,3536.713917523164,3542.313720703125,340200
2020-05-08,3592.861092325723,3603.3104939404816,3525.4644903775406,3537.31396484375,0
2020-05-11,3568.062442175598,3606.010398585257,3558.7128359882677,3566.96240234375,341600
2020-05-12,3549.463265866877,3567.7623524996493,3487.316631292944,3547.3134765625,361200
2020-05-13,3688.1062600009022,3688.1062600009022,3581.111881941699,3647.408447265625,838700
2020-05-14,3620.909686746719,3665.4571488398137,3600.5606591742835,3625.909423828125,718000
2020-05-15,3642.808526752172,3657.857784561431,3601.210615564714,3618.309814453125,494500
2020-05-18,3630.809051904219,3631.159131149431,3424.0198783378764,3430.61962890625,527500
2020-05-19,3477.167358484301,3510.6655980166784,3436.9194736730124,3451.61865234375,496900
2020-05-20,3455.2682463669416,3520.1649800776913,3443.169029122006,3505.11572265625,467500
2020-05-21,3526.564579301102,3568.562371129457,3512.5653153583185,3528.96435546875,381000
2020-05-22,3512.5653262129463,3550.5132822638475,3468.067665685873,3496.666259765625,415700
2020-05-26,3526.91470539415,3573.41226125025,3512.2152827567616,3567.012451171875,470500
2020-05-27,3581.011675696347,3611.460026014007,3529.564429417847,3603.41064453125,510300
2020-05-28,3619.409763372663,3669.756969274452,3610.6602234856414,3663.00732421875,543200
2020-05-29,3638.5586215750345,3739.4034150656103,3623.5093642974807,3713.354736328125,976200
2020-06-01,3757.95224503752,3852.647459658459,3754.9524028204546,3838.697998046875,661500
2020-06-02,3861.696888954665,3897.445009639084,3843.148059398269,3882.39599609375,536000
2020-06-03,3926.443365469424,3959.041748401306,3864.0967914781218,3880.14599609375,623800
2020-06-04,3884.295711738233,3930.543279422077,3842.197828152203,3880.745849609375,556500
2020-06-05,3909.5944564898327,3953.142215288734,3891.6454491954937,3946.242431640625,585900
2020-06-08,4004.3895131467734,4019.838651872884,3939.492779478954,3955.39208984375,667100
2020-06-09,3983.9403362353273,4024.088370823775,3917.743867177952,3940.392822265625,726000
2020-06-10,3958.041845448948,4004.939281443145,3936.7429167375662,3992.39013671875,647400
2020-06-11,4001.589765105506,4051.587137741319,3933.8433251839792,3944.3427734375,687100
2020-06-12,3776.9512513669456,4031.487912689371,3776.651462447021,4019.838623046875,591300
2020-06-15,4016.7888672391055,4043.0875337416337,3944.292677825405,3952.692138671875,0
2020-06-16,4024.338485986568,4035.287861540608,3903.344846723425,3975.291015625,0
2020-06-17,3966.941344434425,4011.3892029459385,3955.1919621462566,3984.340576171875,0
2020-06-18,3980.640817751604,4041.987446003483,3972.691040394082,4035.387939453125,0
2020-06-19,4055.536858955793,4096.434611894896,4043.237456529751,4087.93505859375,0
2020-06-22,4121.133305379496,4191.829293447277,4116.433357307832,4167.630859375,833900
2020-06-23,4196.529478552279,4216.228638702906,4159.981594402301,4209.27880859375,649000
2020-06-24,4236.87729110873,4273.525266229139,4118.6335092469935,4131.8828125,871300
2020-06-25,4109.833663881585,4181.679983058559,4086.434992100478,4168.73095703125,711600
2020-06-26,4209.978936355338,4229.52771364053,4159.681286821545,4171.53076171875,493600
2020-06-29,4160.381366841439,4164.430958622853,4076.085749830343,4095.734619140625,1508500
2020-06-30,4143.382170117454,4154.631578437573,4082.185193553777,4094.03466796875,1457900
2020-07-01,4100.184403102101,4123.283286717368,4073.485855163902,4115.58349609375,961200
2020-07-02,4146.382134061982,4176.380557129633,4125.582934448393,4170.630859375,920500
2020-07-03,4199.529281589926,4218.678177508056,4169.380963778233,4208.52880859375,907500
2020-07-06,4240.176901182579,4293.5739952439735,4228.077439866272,4289.32421875,964700
2020-07-07,4297.4241278598365,4322.022933164574,4254.3262944416065,4312.42333984375,939900
2020-07-08,4327.172579997436,4353.471491387307,4273.425403534985,4284.82470703125,1368500
2020-07-09,4306.473706433207,4321.07254801639,4286.87463954389,4307.87353515625,850500
2020-07-10,4289.324448998294,4323.723032365169,4238.077141467107,4265.82568359375,1429700
2020-07-13,4300.774018567606,4318.072914295644,4239.827025676041,4256.076171875,847500
2020-07-14,4233.977627635362,4235.627443253186,4158.38150384368,4179.93017578125,821100
2020-07-15,4211.528527237886,4225.228002132485,4127.233155413351,4141.18212890625,941700
2020-07-16,4163.231414183764,4183.1800728971,4083.6354993562727,4171.9306640625,1476200
2020-07-17,4189.630015465757,4255.376561785151,4186.280093781634,4247.9267578125,1298500
2020-07-20,4277.475357814675,4301.073726785514,4265.625883003922,4282.4248046875,1534100
2020-07-21,4313.173212286,4328.822292151578,4276.375341606484,4282.875,1033100
2020-07-22,4290.974483117214,4329.372365670261,4251.976534472363,4288.57421875,1063800
2020-07-23,4300.273955781871,4328.872550150896,4290.074296615209,4319.4228515625,557700
2020-07-24,4296.274361430636,4324.372983358774,4251.076539889206,4285.97509765625,728500
2020-07-27,4295.024135333279,4297.0240301637705,4216.728448021786,4224.72802734375,546800
2020-07-28,4230.977697965411,4284.774673594189,4227.027710373637,4280.4248046875,629600
2020-07-29,4290.624324416774,4346.471483387871,4280.374863744797,4305.62353515625,888200
2020-07-30,4319.672962558092,4331.822226624036,4244.576810178458,4256.7265625,750900
2020-07-31,4269.6258607698055,4278.675190194714,4224.978303275372,4248.82666015625,755700
2020-08-03,4250.52632025657,4286.024452202487,4227.077358922467,4231.0771484375,822900
2020-08-04,4253.476447753652,4294.37419873438,4250.67630208224,4288.42431640625,0
2020-08-05,4321.37288650371,4353.871177793443,4295.424055540908,4318.32275390625,760400
2020-08-06,4339.021897616732,4365.470702515545,4320.973041757593,4356.1708984375,678400
2020-08-07,4363.970665143715,4446.8159171373,4352.02109833821,4437.5166015625,1241400
2020-08-10,4479.964754402311,4495.1138605970855,4453.116067756989,4478.2646484375,906600
2020-08-11,4501.963685402397,4510.013067216967,4473.564786708795,4479.91455078125,684600
2020-08-12,4471.9651370187485,4516.5624022437505,4450.016095405822,4505.4130859375,644900
2020-08-13,4532.261604738638,4612.45758177281,4528.811590895572,4604.35791015625,1006700
2020-08-14,4623.456905882425,4636.956195540672,4501.363232877843,4537.56103515625,958700
2020-08-17,4581.259066209446,4585.158763463542,4528.911721561483,4567.9599609375,504800
2020-08-18,4580.058957664956,4640.505974310082,4575.159312973968,4633.40625,0
2020-08-19,4657.15492192205,4683.253646706511,4650.0053956649845,4659.7548828125,0
2020-08-20,4625.207199049431,4714.352417937041,4608.057709413666,4702.7529296875,0
2020-08-21,4744.200881578372,4762.949896294025,4705.052548247617,4710.80224609375,0
2020-08-24,4739.35115300535,4766.949800983033,4733.95153428823,4740.85107421875,0
2020-08-25,4777.048706172722,4797.147747352536,4732.2512561970625,4756.14990234375,0
2020-08-26,4777.398965372517,4804.947811314545,4769.849557224144,4787.44873046875,0
2020-08-27,4817.046315053804,4827.8460397037,4781.298196243428,4787.84814453125,0
2020-08-28,4823.596491059695,4861.794189799333,4817.596806500587,4829.2958984375,0
2020-08-31,4868.5942599423015,4889.943235740194,4608.357934991589,4636.70654296875,0
2020-09-01,4658.405103874248,4727.401478125426,4580.559097013648,4683.0537109375,0
2020-09-02,4699.752834509742,4767.299086860946,4662.554595496074,4753.64990234375,0
2020-09-03,4775.148623351152,4823.896058152187,4770.449163615976,4815.79638671875,0
2020-09-04,4722.151734611278,4789.498292939778,4702.152785635069,4719.85205078125,0
2020-09-07,4746.600725190126,4764.699871970342,4638.40621409958,4665.60498046875,1707700
2020-09-08,4679.3540172711,4679.803700654159,4566.559655992871,4586.7587890625,0
2020-09-09,4538.9111590838,4581.408923733841,4493.713829397568,4567.259765625,0
2020-09-10,4604.707907824259,4626.95673715001,4544.110998616271,4602.8076171875,0
2020-09-11,4607.8578886690375,4650.605641661815,4601.958296433432,4644.60595703125,0
2020-09-14,4691.253529791996,4773.54901081969,4689.003647996828,4739.85107421875,0
2020-09-15,4763.149275666408,4784.498249985515,4743.500407203885,4769.798828125,0
2020-09-16,4781.498640289187,4806.897207449771,4764.6997187080915,4783.49853515625,0
2020-09-17,4759.449767996243,4797.047399101839,4746.500254046544,4788.4482421875,0
2020-09-18,4808.747344524245,4825.796253448278,4752.45049771862,4767.49951171875,0
2020-09-21,4772.249277030692,4782.098857212718,4544.561043932771,4572.60986328125,0
2020-09-22,4569.309639853495,4573.959786064857,4419.6676027580725,4496.3134765625,0
2020-09-23,4526.262054852665,4553.5604244675815,4432.867062274412,4486.21435546875,0
2020-09-24,4439.466753590254,4439.466753590254,4349.421195512275,4355.07080078125,0
2020-09-25,4408.868428985725,4545.41105889583,4367.770490864249,4534.7119140625,0
2020-09-28,4581.609222900753,4704.952835856722,4574.45969643813,4699.453125,0
2020-09-29,4728.701458475655,4738.050576072952,4644.705876770082,4678.4541015625,0
2020-09-30,4693.153374816557,4708.552468258461,4656.3052127642695,4666.3046875,0
2020-10-01,4701.203235759535,4737.001159941363,4699.353235285915,4721.90185546875,0
2020-10-05,4742.800395144847,4761.799396044795,4692.103354117807,4707.6025390625,0
2020-10-06,4742.250774233868,4755.35018345957,4712.602430038695,4738.40087890625,0
2020-10-07,4739.150688130556,4745.750438730601,4693.103304902751,4716.9521484375,0
2020-10-08,4745.550215891226,4772.949165488202,4704.552372143295,4734.80078125,0
2020-10-09,4745.600787649864,4772.999250616118,4720.702193353078,4730.8515625,0
2020-10-12,4738.600875533207,4760.099744821001,4664.104793582477,4688.4033203125,0
2020-10-13,4686.703786122149,4700.402772912394,4635.656177043953,4643.5556640625,0
2020-10-14,4637.505986694706,4659.705013953077,4598.858117899642,4649.20556640625,0
2020-10-15,4664.204924631352,4691.40320142101,4536.9616158152785,4549.86083984375,0
2020-10-16,4577.859286553114,4618.507050685025,4540.71133831888,4613.30712890625,0
2020-10-19,4642.956280814794,4661.355216583176,4605.708237614987,4656.55517578125,0
2020-10-20,4641.2061918550635,4695.302957185384,4625.606914304083,4690.25341796875,0
2020-10-21,4706.802424303901,4749.250388633931,4636.80610317444,4700.90283203125,0
2020-10-22,4689.003353119894,4733.251025642271,4680.204011287728,4724.9013671875,0
2020-10-23,4746.850638908031,4780.848852217786,4729.35155852801,4757.14990234375,0
2020-10-26,4765.249321782016,4765.249321782016,4634.8059885034045,4650.25537109375,0
2020-10-27,4657.105469951919,4724.751818978877,4601.608385094072,4712.90234375,0
2020-10-28,4713.202164376691,4732.351059015256,4638.055728311714,4648.55517578125,0
2020-10-29,4612.75747734737,4638.006149860489,4579.409133030411,4624.95703125,0
2020-10-30,4640.006238129273,4707.602784613438,4603.1580762844,4665.8046875,0
2020-11-02,4686.003564906605,4728.551132034203,4647.005615793485,4716.65185546875,0
2020-11-03,4741.951012005796,4767.549276225583,4736.35120861187,4748.20068359375,0
2020-11-04,4749.150174577848,4777.598873953207,4712.852278567089,4772.89892578125,0
2020-11-05,4814.696910138467,4890.942899090847,4794.847856674833,4882.193359375,0
2020-11-06,4890.792877823886,4950.440135013654,4881.543363726419,4926.2412109375,0
2020-11-09,4965.138916827527,4984.487997426677,4906.092215846488,4979.08837890625,0
2020-11-10,5003.536986323547,5029.385726235556,4955.589797791048,5019.7861328125,0
2020-11-11,5034.185312151025,5073.532851180996,4994.437403562253,5048.2841796875,0
2020-11-12,5047.984500259206,5080.28260622145,5033.585355241329,5068.93359375,0
2020-11-13,5061.883638357794,5110.93135133054,5048.03426920273,5105.431640625,0
2020-11-17,5144.52913090059,5192.776592413045,5134.579947334777,5187.77685546875,0
2020-11-18,5176.877752282609,5282.272114012237,5171.027962151632,5275.6728515625,0
2020-11-19,5250.323966300493,5377.167392854622,5222.9753069978415,5245.52392578125,0
2020-11-20,5277.272215509362,5324.570020571804,5230.474872403429,5291.171875,0
2020-11-23,5334.219406649373,5372.867276018036,5314.320551035452,5365.267578125,0
2020-11-24,5398.715939706914,5417.4151511366645,5381.266662510286,5410.26513671875,0
2020-11-25,5446.664011094964,5458.913367476694,5319.070617581912,5334.169921875,0
2020-11-26,5355.418467862518,5420.814929956246,5312.720518720771,5411.3154296875,777900
2020-11-27,5441.314215444635,5579.806939149869,5440.364070051999,5557.60791015625,0
2020-12-01,5604.055439915253,5604.055439915253,5542.858462301681,5590.505859375,0
2020-12-02,5611.3550829262185,5641.1035199495855,5554.8082491974865,5613.30517578125,0
2020-12-03,5656.102539707013,5678.451462396131,5639.65369745342,5665.40234375,0
2020-12-04,5697.800670892963,5737.148700759568,5628.354125085883,5695.70068359375,0
2020-12-07,5709.999455626705,5765.046853072566,5705.349797857469,5755.34716796875,0
2020-12-08,5789.395810106881,5804.694810429036,5682.401435478818,5757.9970703125,0
2020-12-09,5797.895238704537,5815.993896129744,5769.896711365835,5783.49560546875,0
2020-12-10,5775.99629909022,5775.99629909022,5671.851869121414,5724.1494140625,0
2020-12-11,5741.3482023368415,5786.595824636086,5698.900725862509,5742.4482421875,0
2020-12-14,5779.396531982618,5799.245098466417,5757.047608592308,5789.595703125,684500
2020-12-15,5791.995394998602,5845.442781278787,5726.449035228721,5834.443359375,701600
2020-12-16,5867.891630781664,5920.688659124387,5863.691656325858,5905.58935546875,0
2020-12-17,5911.239233270446,5954.236974206178,5866.491584273376,5882.89111328125,0
2020-12-18,5895.140305276516,5915.439042919601,5799.4451403749235,5861.19189453125,0
2020-12-21,5836.243025819554,5855.842093261726,5427.214721477329,5536.35888671875,0
2020-12-22,5535.458866523783,5620.704383097174,5358.568267613807,5598.20556640625,0
2020-12-23,5613.754610495421,5771.846395038639,5595.805847283597,5757.1474609375,0
2020-12-24,5785.845795214378,5820.9938501576835,5724.199133051948,5741.1484375,0
2020-12-28,5780.49586062823,5834.793298585213,5775.9462951612795,5822.49365234375,0
2020-12-29,5855.741937844786,5876.340952503582,5770.54670997025,5813.84423828125,0
2020-12-30,5840.942796629687,5843.892836785338,5774.996069773813,5830.2431640625,0
2020-12-31,5828.4935125579805,5882.090793633012,5810.044775023067,5872.29150390625,0
2021-01-04,6015.83376179047,6091.380084693346,5973.786166763423,6085.93017578125,0
2021-01-05,6050.731799022272,6151.026820829418,6019.883810911493,6141.0771484375,0
2021-01-06,6164.775813228339,6232.822038494316,6097.8291394978805,6191.37451171875,0
2021-01-07,6251.921081498092,6357.165544503837,6244.671462906246,6320.36767578125,0
2021-01-08,6383.814256649545,6409.662995240907,6350.916084013075,6389.3642578125,0
2021-01-11,6419.662358669268,6428.012017176284,6301.968353458104,6359.41552734375,0
2021-01-12,6346.7161536832145,6459.7605038368065,6322.317533990802,6427.3623046875,0
2021-01-13,6472.0100673019215,6504.40826748956,6274.970126535992,6384.814453125,0
2021-01-14,6398.463451929322,6424.212098381191,6345.416435803533,6390.56396484375,0
2021-01-15,6403.863687607002,6437.66171628901,6252.121661287205,6327.96728515625,0
2021-01-18,6329.816965915036,6331.267084954011,6106.228628583442,6164.07568359375,1068800
2021-01-19,6208.7235724439515,6361.5158370695635,6207.374033979333,6346.96630859375,761400
2021-01-20,6366.815203097566,6443.761353402055,6351.815991596152,6436.8115234375,0
2021-01-21,6486.058760978017,6512.2575783350185,6291.169109069003,6331.4169921875,0
2021-01-22,6346.216290649278,6399.563584733972,6208.873899057842,6243.671875,0
2021-01-25,6325.767408273742,6351.866133326771,6120.128321051152,6183.27490234375,0
2021-01-27,6179.875513540071,6180.8251706777,6054.781988117754,6068.8310546875,0
2021-01-28,5971.18606134369,6096.629661384358,5968.536298312807,6045.98193359375,0
2021-01-29,6119.578311355581,6160.426262404291,5977.185891899793,6002.33447265625,0
2021-02-01,6041.232231752036,6293.419170208442,5946.187423339741,6279.1201171875,0
2021-02-02,6349.116616556388,6488.808984234928,6345.266721171319,6468.3603515625,997100
2021-02-03,6518.007389404683,6642.550645771648,6456.760609679767,6584.25390625,1095600
2021-02-04,6596.353487030076,6713.0470605773435,6559.455035809729,6697.998046875,0
2021-02-05,6744.845387767646,6771.0437166554075,6550.455222891818,6581.0537109375,0
2021-02-08,6634.200979514477,6709.847392663781,6632.001388137372,6695.5478515625,0
2021-02-09,6721.096632999589,6748.245107201794,6641.700419000903,6673.798828125,0
2021-02-10,6693.248080644044,6768.793912160735,6649.700077988995,6749.59521484375,0
2021-02-11,6732.346080914466,6782.093464253871,6723.1463694972135,6758.0947265625,0
2021-02-12,6761.044237135159,6795.242633438612,6701.897446212514,6738.74560546875,0
2021-02-15,6781.493350334679,6876.538155094026,6765.193914814232,6859.2890625,0
2021-02-16,6883.088486618539,6921.886252469949,6821.24163903564,6885.13818359375,0
2021-02-17,6875.688182715644,6945.384712388309,6861.789011389009,6907.23681640625,0
2021-02-18,6939.085290700396,6972.283251955558,6894.737525153279,6926.78564453125,0
2021-02-19,6915.8364303848575,6945.184496085842,6688.398198058029,6767.39404296875,0
2021-02-22,6785.093319087678,6812.2915955684875,6627.101628992238,6665.49951171875,0
2021-02-23,6698.598090479037,6781.793424434188,6637.851283571687,6762.5947265625,0
2021-02-24,6799.892398243752,6827.841123751623,6746.2453171638235,6815.04150390625,649900
2021-02-25,6892.637777137456,6975.633415539082,6890.2878029773765,6959.234375,1133400
2021-02-26,6853.539461859065,6934.335505612453,6744.195114826951,6796.142578125,0
2021-03-01,6858.93939754154,6929.235996732693,6826.7911844452165,6913.63671875,0
2021-03-02,6964.383960657709,7046.079862135433,6950.884670163596,7032.68017578125,0
2021-03-03,7097.276733356678,7162.2235138207525,7081.077878047949,7150.673828125,0
2021-03-04,7075.328422476708,7208.521130902669,7046.629735135533,7164.62353515625,0
2021-03-05,7137.9244737863355,7149.474159442141,6912.786409795983,6964.48388671875,0
2021-03-08,7026.980783887243,7060.7290101973695,6964.834147755416,6977.2333984375,0
2021-03-09,7020.081271049599,7047.379641133898,6870.538836940333,6931.28564453125,0
2021-03-10,6992.382544930639,7019.430928204838,6945.284922290605,6996.58251953125,0
2021-03-12,7059.028714654827,7089.327414415107,6931.0857352996845,6964.3837890625,0
2021-03-15,7003.83187526262,7003.83187526262,6812.391747472966,6926.5859375,0
2021-03-16,6952.284336005827,6976.483258885959,6904.6369390665695,6936.68505859375,0
2021-03-17,6939.7849833845885,6953.484458329217,6722.346710043083,6741.49560546875,0
2021-03-18,6808.541966062373,6849.889889990061,6579.854281519904,6650.150390625,0
2021-03-19,6595.9032721405265,6771.9438228773815,6467.709815593128,6752.89501953125,0
2021-03-22,6751.944738611956,6815.241702968639,6713.597145830664,6796.74267578125,0
2021-03-23,6824.190970786105,6882.088317016434,6816.8915499213435,6862.33935546875,0
2021-03-24,6832.740766210569,6877.488412947487,6678.548679805931,6694.2978515625,0
2021-03-25,6715.597286637687,6719.7967729834045,6475.2095285338955,6550.60595703125,0
2021-03-26,6632.551366140196,6725.696373775176,6628.50177425608,6680.84912109375,0
2021-03-30,6754.944677643398,6779.143600748286,6705.9975439050095,6761.4443359375,600900
2021-03-31,6766.194139392312,6801.992550615987,6732.096322370577,6771.744140625,0
2021-04-01,6831.6905209271235,6929.885552088826,6789.042861455971,6916.986328125,0
2021-04-05,6905.5869668215,6905.6865709574,6653.9000100467165,6767.34423828125,0
2021-04-06,6806.892082653802,6855.089743655679,6732.545894239852,6816.04150390625,0
2021-04-07,6832.790588560513,6932.185264068108,6813.641693193627,6908.23681640625,0
2021-04-08,6943.934927235131,7006.9819073241215,6916.13658324521,6941.43505859375,0
2021-04-09,6946.384612195105,6986.932284028519,6880.537978147396,6906.3369140625,0
2021-04-12,6764.844520815361,6768.693927800507,6364.365576753395,6417.3125,0
2021-04-13,6454.260929508826,6611.4025741386295,6422.862677127358,6597.203125,0
2021-04-15,6566.404566857425,6619.95155464504,6452.210378859403,6562.2548828125,0
2021-04-16,6574.50447574415,6664.24975783178,6551.855764043904,6613.2021484375,0
2021-04-19,6413.312510748656,6455.310301328558,6324.7170739218445,6441.361328125,0
2021-04-20,6520.257064217102,6575.703854169646,6416.762509108741,6468.90966796875,0
2021-04-22,6413.162630605166,6513.707146070437,6398.163419650293,6506.60791015625,560900
2021-04-23,6502.9082219939255,6583.453793390127,6461.910376747049,6512.5576171875,0
2021-04-26,6549.005708361745,6581.503999390335,6536.006391950309,6564.70458984375,0
2021-04-27,6588.353840482857,6670.249437512071,6580.654049954269,6659.5498046875,0
2021-04-28,6702.1477767092965,6784.743533645187,6690.2484997176925,6773.19384765625,0
2021-04-29,6825.141378766813,6851.889973284726,6728.146475281298,6765.14453125,0
2021-04-30,6710.597428750355,6821.141422297344,6676.798912521531,6724.8466796875,0
2021-05-03,6656.900030351701,6698.497941103216,6603.952618615187,6687.1982421875,757700
2021-05-04,6742.295353135845,6823.041107053229,6668.149349821338,6685.49853515625,969100
2021-05-05,6747.645360669516,6760.344888526656,6681.248947954828,6744.845703125,0
2021-05-06,6780.643724542103,6838.740769604503,6734.996220655787,6830.34130859375,0
2021-05-07,6857.089757473568,6865.989192025139,6795.5929900055535,6818.29150390625,0
2021-05-10,6868.388825409795,6932.035380896053,6849.139837618837,6917.736328125,0
2021-05-11,6858.98939656018,7001.031731513737,6825.690854697876,6982.3330078125,0
2021-05-12,7008.181576485979,7028.030631220946,6865.189089685469,6904.7373046875,0
2021-05-14,6957.183799290418,6959.933654625289,6731.096083998771,6784.7431640625,0
2021-05-17,6833.290723442983,6924.53592731278,6766.094548450577,6911.3369140625,0
2021-05-18,6988.132627472573,7075.677829828668,6981.583167096199,7049.62939453125,0
2021-05-19,7042.129610169798,7094.526756618492,7026.630425369282,7046.2294921875,0
2021-05-20,7052.928765978006,7069.5782807095065,6973.633132855307,7026.13037109375,0
2021-05-21,7082.32769014199,7109.775953492509,7053.278925034654,7092.626953125,0
2021-05-24,7122.675331689429,7182.022309192148,7070.27818411352,7151.27392578125,0
2021-05-25,7192.621819137749,7207.871017350158,7111.175906169903,7132.125,0
2021-05-26,7158.72375920495,7179.672364955285,7119.1755453097985,7123.9755859375,0
2021-05-27,7138.225035969423,7191.972211947151,7099.776860828233,7174.22314453125,0
2021-05-28,7219.520438474913,7232.169675964448,7179.622633192274,7199.62158203125,0
2021-05-31,7214.970691866387,7233.069837762604,7171.323084771717,7205.47119140625,0
2021-06-01,7242.1692120883135,7249.719108292706,7115.67585960405,7163.62353515625,0
2021-06-02,7155.373741747208,7294.566617739963,7145.124280704983,7280.01708984375,0
2021-06-03,7321.615102117825,7355.26323557655,7310.165508711351,7346.9638671875,0
2021-06-04,7362.7131503977425,7420.610009973068,7337.764266273403,7414.1103515625,0
2021-06-07,7473.506967377885,7536.803932378803,7447.608426703059,7513.15478515625,0
2021-06-08,7546.953241114539,7557.752477924164,7441.158511361731,7521.3046875,0
2021-06-09,7557.652583253788,7626.299365883698,7412.91019074567,7469.3076171875,0
2021-06-10,7517.055046251408,7594.700866987005,7500.205834307745,7588.90087890625,0
2021-06-11,7626.748822081798,7652.997441702887,7564.352201090781,7604.35009765625,0
2021-06-14,7599.600579231049,7600.05075088337,7384.261799377641,7571.60205078125,0
2021-06-15,7603.250082970937,7655.747322386567,7592.60074062631,7623.39892578125,0
2021-06-16,7624.799164275035,7640.098164302147,7517.354620074925,7538.353515625,0
2021-06-17,7470.857333153544,7567.802433049955,7400.31123635553,7432.00927734375,0
2021-06-18,7466.607493212501,7470.257203697212,7143.774366341663,7347.2138671875,0
2021-06-21,7246.319141562529,7420.709873423853,7221.420060276534,7409.76025390625,0
2021-06-22,7466.807667649296,7479.656601559997,7375.41208166068,7393.46142578125,0
2021-06-23,7443.058907559273,7452.358223374062,7377.862139694699,7384.01171875,0
2021-06-24,7409.410072145069,7423.759415030585,7334.814386478697,7352.11328125,0
2021-06-25,7400.5611424495555,7485.1065025262,7398.461155191158,7476.90673828125,0
2021-06-28,7518.954637171752,7535.253584613802,7479.956688274399,7519.8544921875,0
2021-06-29,7530.253867260866,7558.302685071397,7454.657745395727,7473.80712890625,0
2021-06-30,7508.855122011525,7522.00433286052,7465.357409482644,7474.40673828125,0
2021-07-01,7495.655721078613,7495.655721078613,7429.909177698828,7439.15869140625,1025500
2021-07-02,7461.107693199889,7463.557759687315,7417.659782388774,7438.40869140625,682400
2021-07-05,7474.50711607537,7522.804870991158,7457.1081280505805,7517.0048828125,0
2021-07-06,7532.403665028598,7591.150575446296,7493.50580837761,7511.10498046875,0
2021-07-07,7516.904592587782,7592.000741955677,7493.356026000132,7578.25146484375,0
2021-07-08,7589.201120292567,7623.699306663539,7490.056430155802,7523.20458984375,0
2021-07-09,7521.50423264356,7590.800880253225,7489.155836678851,7583.40087890625,0
2021-07-12,7635.348450595777,7668.946781287525,7599.800515404121,7622.59912109375,0
2021-07-13,7662.596992786684,7663.396755411407,7612.849609204387,7640.6982421875,0
2021-07-14,7657.097498560896,7672.096710115373,7641.64811535755,7654.09765625,0
2021-07-15,7666.846939914589,7685.19607292355,7654.447689421985,7671.796875,0
2021-07-16,7700.695184387479,7717.794382944074,7667.596827088913,7707.544921875,0
2021-07-19,7663.996754639925,7692.7955327122545,7579.951370975101,7630.1484375,0
2021-07-20,7642.498036137585,7646.847905064261,7461.757540032401,7503.00537109375,0
2021-07-22,7564.552494437228,7600.550601862771,7559.902348290298,7587.85107421875,0
2021-07-23,7617.649068428954,7638.598161687371,7564.302265431361,7573.95166015625,0
2021-07-26,7592.200834873967,7614.099585594317,7537.153436767696,7548.65283203125,0
2021-07-27,7577.151472235563,7609.050185938452,7475.256926509585,7495.55615234375,0
2021-07-28,7511.405077369339,7515.105078245325,7376.862342955934,7470.50732421875,0
2021-07-29,7511.055450871218,7567.402098941212,7500.755699207181,7553.453125,0
2021-07-30,7577.751291464558,7704.594716802418,7564.052305038249,7657.9970703125,0
2021-08-02,7703.69484993572,7784.890285735318,7687.645401237495,7778.44091796875,0
2021-08-03,7789.640509061789,7803.3897866254765,7741.94330821239,7778.14111328125,0
2021-08-04,7806.989222285384,7821.588551956257,7673.246257720803,7685.6455078125,0
2021-08-05,7697.595498199367,7702.995116797961,7598.150528631617,7693.69580078125,0
2021-08-06,7711.894456133717,7752.842499156645,7674.596611875956,7682.59619140625,0
2021-08-09,7680.546172509866,7690.59544857133,7544.453233804201,7583.65087890625,0
2021-08-10,7612.050007008478,7619.199533480174,7400.360940825227,7458.0078125,0
2021-08-11,7469.807544143568,7493.155926208566,7310.765611229678,7477.70703125,0
2021-08-12,7491.256068714093,7572.851876679412,7483.356581665673,7560.25244140625,0
2021-08-13,7573.4016758475,7573.651662705852,7496.505815869498,7514.2548828125,0
2021-08-16,7515.654651738764,7534.703943146902,7473.957137050916,7485.25634765625,0
2021-08-17,7485.056904909816,7502.505695122154,7388.561975082333,7462.2080078125,0
2021-08-18,7488.905953937152,7510.455113609161,7448.708360946625,7464.70751953125,0
2021-08-20,7385.261793401261,7421.759875360657,7217.670502972205,7238.01953125,0
2021-08-23,7309.915380549386,7332.614382134781,7118.525543284286,7186.421875,0
2021-08-24,7211.22079416231,7324.1645604567,7198.571557156639,7315.0654296875,0
2021-08-25,7338.064414467391,7363.912664933645,7283.117107875564,7309.4658203125,0
2021-08-26,7319.9652829067645,7355.063535427863,7265.718134710282,7291.16650390625,0
2021-08-27,7305.515919250244,7379.262043101717,7285.867049665003,7357.5634765625,0
2021-08-30,7387.161245780016,7510.504855658795,7385.0114565135,7500.70556640625,0
2021-08-31,7519.454677750532,7542.053587014943,7435.709081617188,7502.5556640625,0
2021-09-01,7537.753448433453,7593.900397685445,7488.65593309859,7584.7509765625,0
2021-09-02,7602.650079163897,7697.445388067343,7586.451223821975,7689.595703125,0
2021-09-03,7729.643263627357,7770.741199735144,7679.246011930141,7733.39306640625,0
2021-09-06,7770.791773582825,7802.689999401333,7746.392665340146,7757.34228515625,545800
2021-09-07,7782.541070229836,7803.98964971781,7687.645668218303,7774.29150390625,0
2021-09-08,7804.289726945441,7840.137450901366,7746.592566228038,7807.63916015625,0
2021-09-09,7789.890218312963,7835.987892189341,7777.091086593863,7828.58837890625,0
2021-09-13,7833.188130046194,7871.635815014317,7789.440430850768,7863.736328125,0
2021-09-14,7913.184156193219,8029.178059194493,7906.984286765054,8016.77880859375,0
2021-09-15,8040.677219121576,8129.272657330858,8035.327402825019,8123.72265625,0
2021-09-16,8157.021190471768,8194.51921832592,8097.623923746333,8188.5693359375,0
2021-09-17,8236.017289050049,8244.566644361434,8013.628587747462,8091.1748046875,0
2021-09-20,8030.028099248967,8099.524446193946,7862.986586768155,7886.4853515625,0
2021-09-21,7904.634170435524,7963.881055169961,7797.040218467404,7949.0322265625,0
2021-09-22,8006.6793196725375,8198.069163834922,8001.629292099757,8166.9208984375,0
2021-09-23,8244.916420834963,8294.364018166913,8231.617314883508,8271.2158203125,0
2021-09-24,8315.412508525818,8331.911641246545,8145.921906104854,8183.669921875,0
2021-09-27,8216.667666493524,8229.767563781123,8120.52330665416,8210.91796875,0
2021-09-28,8246.216936564686,8262.665290723571,8091.924753808608,8165.27099609375,0
2021-09-29,8143.521624190411,8303.112834719392,8096.923978839942,8257.515625,0
2021-09-30,8274.114468258476,8318.312338132659,8260.065402752194,8278.1142578125,0
2021-10-01,8256.015903771178,8283.163889767064,8198.518928286925,8261.3154296875,0
2021-10-04,8304.662923682687,8421.507365566362,8297.613489676934,8413.0078125,0
2021-10-05,8418.657014769857,8480.153781696312,8384.30921116418,8470.3544921875,0
2021-10-06,8512.252610912976,8521.002150851726,8338.011772704162,8357.6103515625,0
2021-10-07,8434.457397993567,8575.149227359667,8430.357027414788,8553.0009765625,0
2021-10-08,8607.346832724132,8613.996873382755,8556.29971445253,8591.6982421875,0
2021-10-11,8622.49682855069,8699.742766996169,8574.19956331031,8655.044921875,0
2021-10-12,8684.142972719636,8737.190964557067,8618.596614643946,8728.791015625,0
2021-10-13,8782.939107557706,8890.233277117484,8770.289381300801,8850.7353515625,0
2021-10-14,8943.980032472793,9002.376376784357,8912.531490332129,8935.6806640625,0
2021-10-18,9036.175120944115,9134.21976884261,8986.677724325698,9079.322265625,0
2021-10-19,9167.117607363309,9196.266465357354,8819.236484699273,8877.93359375,0
2021-10-20,8855.43466533795,8867.483836335086,8624.046443889274,8708.6923828125,0
2021-10-21,8757.290058967676,8772.189667051378,8583.29919712983,8683.2939453125,0
2021-10-22,8704.891810873643,8781.238381672707,8556.099831297211,8634.595703125,0
2021-10-25,8681.494123932838,8685.643320022538,8341.811773405583,8458.10546875,0
2021-10-26,8475.754787829119,8656.14472226075,8473.40432541024,8641.1962890625,0
2021-10-27,8693.142778797392,8708.9427297492,8641.696263596827,8659.794921875,0
2021-10-28,8671.244669316258,8676.244406665344,8488.954440870819,8514.0029296875,0
2021-10-29,8468.505270158075,8624.747061400936,8323.262901018712,8513.052734375,0
2021-11-01,8578.749449715993,8691.642932116732,8530.901377817147,8679.7939453125,0
2021-11-02,8717.391078179666,8784.08776527378,8712.241934959986,8763.138671875,0
2021-11-03,8800.18748764507,8832.135025906935,8682.193694294489,8725.69140625,0
2021-11-04,8790.387611245933,8814.386349939508,8777.588479244929,8788.7880859375,87700
2021-11-08,8819.686392885673,8939.729882166346,8765.338666145339,8928.580078125,0
2021-11-09,8958.779442339894,9066.6741658214,8948.579782761975,9017.326171875,0
2021-11-10,9000.976793245009,9016.625384277351,8948.579158448538,8968.228515625,0
2021-11-11,8971.678932838635,8972.578299639805,8823.486524972062,8882.9833984375,0
2021-11-12,8964.478448071925,8972.478027101608,8853.63369523521,8926.080078125,0
2021-11-15,8955.02882014039,8975.92811112348,8910.981333065618,8964.5283203125,0
2021-11-16,8985.627500247712,9021.375622024452,8919.831152531504,8940.2802734375,0
2021-11-17,8925.531038515459,8943.480290745925,8869.083809029466,8884.3330078125,0
2021-11-18,8895.882146814583,8923.880675542401,8690.743512417292,8734.541015625,0
2021-11-22,8752.139789294219,8755.089829617446,8387.20974324567,8476.0048828125,0
2021-11-23,8425.307002627813,8650.394777028427,8390.509027596074,8636.49609375,0
2021-11-24,8677.142945673118,8707.841525370071,8559.34934026852,8591.34765625,0
2021-11-25,8604.297253297038,8643.745372901834,8535.001094881432,8630.0458984375,850100
2021-11-26,8550.300437772641,8553.300280045345,8279.215081667147,8302.3134765625,0
2021-11-29,8242.81679144053,8272.865016916843,8023.128142060171,8175.8203125,0
2021-11-30,8225.917329046344,8398.508845123995,8156.62116594275,8185.86962890625,0
2021-12-01,8238.416450746128,8317.21308903443,8178.569987972409,8302.4130859375,0
2021-12-02,8322.412358766513,8416.157433500952,8275.36502589536,8401.5087890625,0
2021-12-03,8421.407168228232,8481.354214062365,8380.059731151414,8401.708984375,0
2021-12-06,8413.457900803982,8433.756637917999,8284.564289093412,8300.013671875,0
2021-12-07,8361.060134367277,8429.956900413683,8318.362185344131,8408.9072265625,0
2021-12-08,8473.853840485168,8561.299433688055,8468.65391883551,8554.25,0
2021-12-09,8588.647650400564,8606.79708595084,8526.351123932798,8592.248046875,0
2021-12-10,8583.74860503107,8658.994646343259,8571.39866882266,8650.044921875,0
2021-12-13,8703.44236867813,8735.440684754643,8621.446683732067,8628.9462890625,605200
2021-12-14,8606.497320766432,8613.447150378366,8518.801740002085,8592.6982421875,0
2021-12-15,8601.24768138588,8619.196932383515,8506.652072148523,8520.0517578125,0
2021-12-16,8578.94919751848,8591.847933197125,8441.905623808043,8485.7041015625,0
2021-12-17,8492.353394475005,8500.75334354713,8250.665903740268,8267.115234375,0
2021-12-20,8163.570785671491,8179.569944487113,7814.939213255928,7949.68212890625,0
2021-12-21,8013.628633189688,8129.022959046369,7994.079855925367,8064.17626953125,0
2021-12-22,8100.473587416665,8208.968365791818,8090.624008127968,8201.66796875,0
2021-12-23,8261.315457704914,8290.964288811798,8242.36625911361,8280.4140625,0
2021-12-24,8317.862370045497,8318.712911253213,8160.521035218381,8189.119140625,453000
2021-12-27,8151.171234900487,8215.417366396665,8078.874745712898,8203.96875,0
2021-12-28,8247.316268954255,8316.062653542853,8240.066650215822,8300.4130859375,0
2021-12-29,8298.113738421647,8345.811427218365,8286.564540645031,8306.8134765625,0
2021-12-30,8299.613168176864,8310.312800589616,8267.614851584634,8297.4638671875,0
2021-12-31,8313.963075542628,8422.056999169125,8312.412375859549,8410.3076171875,0
2022-01-03,8428.957138632815,8535.150772998031,8424.00720362162,8523.8515625,0
2022-01-04,8557.750049978498,8582.898141228825,8496.55307368188,8558.7001953125,0
2022-01-05,8565.149687211286,8587.598703290467,8517.852367023579,8570.349609375,0
2022-01-06,8503.852490085543,8605.896927092126,8469.554489521113,8595.748046875,0
2022-01-07,8623.297124639877,8673.94485536473,8581.349132337647,8646.6455078125,0
2022-01-10,8684.04320898954,8732.390275251302,8680.793379934417,8725.7412109375,0
2022-01-11,8718.041914069741,8772.588852610766,8710.141938545708,8735.140625,0
2022-01-12,8780.938633487842,8846.935162974061,8754.13926151785,8839.634765625,0
2022-01-13,8858.284240222274,8904.83159749601,8796.437882667262,8896.58203125,0
2022-01-14,8867.73354530424,8921.480716947031,8827.485663283358,8889.08203125,0
2022-01-17,8906.682288728147,8927.431198243095,8886.983128729793,8900.4326171875,0
2022-01-18,8937.280365850234,8946.180288804135,8671.094158029262,8697.443359375,0
2022-01-19,8681.494011882209,8690.392958334882,8570.299659460465,8679.0439453125,0
2022-01-20,8676.493970978157,8712.391497489627,8610.797230108428,8654.6953125,0
2022-01-21,8610.197895287441,8625.44709388992,8377.659334733846,8436.3564453125,0
2022-01-24,8431.356325761084,8439.506287708155,8030.727495998833,8104.173828125,0
2022-01-25,8019.178644416005,8223.067831228622,7917.184004811784,8213.0185546875,0
2022-01-27,8146.471564033839,8163.120590978221,8000.029556866433,8144.27197265625,0
2022-01-28,8229.86666323663,8423.356479783688,8225.01730908524,8257.015625,0
2022-01-31,8365.909730532368,8414.857352182964,8338.061585410538,8394.958984375,0
2022-02-01,8481.30419078834,8485.103795754329,8326.661928741609,8471.8544921875,0
2022-02-02,8517.552505018197,8594.798446672652,8514.852451561044,8568.9501953125,0
2022-02-03,8556.59991023002,8561.000069500593,8447.905429926373,8469.455078125,0
2022-02-04,8452.00608769344,8492.103590159599,8365.110262978287,8382.009765625,0
2022-02-07,8396.858540563911,8436.207058693637,8238.267265334322,8288.064453125,0
2022-02-08,8323.91241510627,8352.261512072946,8136.12247365159,8236.767578125,0
2022-02-09,8278.715426767623,8373.760237799042,8275.115029995035,8364.16015625,0
2022-02-10,8395.608230129204,8422.356823262915,8322.911858347696,8392.408203125,0
2022-02-11,8329.311641693306,8343.511089711641,8183.019536124586,8201.66796875,0
2022-02-14,8019.528792358565,8054.126583720081,7857.986987942612,7879.8359375,0
2022-02-15,7927.683159194529,8134.172299367927,7819.588746518019,8123.6728515625,0
2022-02-16,8179.219812135916,8197.568944934574,8070.825609514903,8097.2744140625,0
2022-02-17,8136.722026079555,8164.820646146606,8051.9266804255085,8069.02587890625,0
2022-02-18,8023.728062263242,8091.874381877276,7985.930244761032,7996.52978515625,0
2022-02-21,7956.231645932598,8014.8784652328595,7869.536496436084,7932.18310546875,672200
2022-02-22,7719.944294844825,7881.435805961132,7718.944347407572,7867.78662109375,0
2022-02-23,7932.832910518088,7976.680702761738,7883.035724048184,7893.8349609375,0
2022-02-24,7649.897392666872,7715.044356328092,7394.461122498935,7407.26025390625,0
2022-02-25,7584.151026686902,7751.142246215046,7579.901250142024,7735.54345703125,0
2022-02-28,7656.747317773881,7821.688840616301,7581.101392821692,7810.03955078125,0
2022-03-02,7744.293079462554,7826.6886502885645,7721.993958753865,7792.84033203125,0
2022-03-03,7883.585712796978,7894.935214030066,7710.094829847933,7730.6435546875,0
2022-03-04,7671.946812119099,7675.896311539943,7538.953803063954,7551.85302734375,0
2022-03-07,7409.960652762111,7415.91004711137,7276.317774279769,7385.9619140625,0
2022-03-08,7379.01190140689,7516.954843445989,7326.214872876523,7503.20556640625,0
2022-03-09,7569.552224249938,7698.945323719785,7533.953998179145,7671.296875,0
2022-03-10,7832.73793552833,7838.687817903756,7682.145758343846,7724.0439453125,0
2022-03-11,7701.94539424702,7787.740690768437,7667.447206975271,7777.84130859375,0
2022-03-14,7785.291110935438,7823.789088028298,7719.244288450045,7805.68994140625,352200
2022-03-15,7827.988523953155,7872.836264759829,7701.04548806375,7739.693359375,474300
2022-03-16,7840.438014862124,7903.484505911515,7818.689157952562,7896.68505859375,306200
2022-03-17,7996.279940655487,8034.677824949617,7989.930176719153,8008.529296875,356400
2022-03-21,8052.027039877318,8053.3267762602145,7941.7828335035565,7953.33203125,324400
2022-03-22,7954.43180847041,7995.17966571673,7860.686738118448,7985.47998046875,0
2022-03-23,8035.827667775195,8070.675933940478,8004.129138415597,8027.1279296875,0
2022-03-24,8018.478237661107,8094.374148895275,8005.179132328629,8087.474609375,0
2022-03-25,8125.023221776327,8130.372550041779,8018.928699433788,8055.87646484375,0
2022-03-28,8067.276043190663,8083.824977786983,7944.732193193953,8014.6787109375,0
2022-03-29,8060.876093771281,8100.024426608048,8021.028578936232,8044.52734375,0
2022-03-30,8107.023757479654,8140.521995437698,8085.824677260694,8131.67236328125,0
2022-03-31,8166.47061228163,8194.91882386459,8136.97216293818,8183.31982421875,0
2022-04-01,8186.71976492939,8319.412500168313,8171.320671667464,8308.263671875,0
2022-04-04,8339.110916018833,8435.706418120448,8336.861034430442,8424.056640625,0
2022-04-05,8475.25506978975,8542.101168367219,8439.70713210144,8516.0029296875,0
2022-04-06,8501.753246114225,8581.699238552777,8470.554690953915,8563.5,0
2022-04-07,8562.500215478769,8611.297455754764,8476.704919538952,8510.8525390625,0
2022-04-08,8561.750352643941,8606.847592566211,8524.702494486846,8587.048828125,0
2022-04-11,8613.697470650735,8657.044800763932,8602.198075304645,8617.5966796875,0
2022-04-12,8603.747696303004,8605.997577974427,8385.00920047028,8467.1044921875,0
2022-04-13,8512.30265030901,8530.651295401953,8442.405932987953,8454.9560546875,0
2022-04-18,8372.609257182043,8383.25908743739,8276.714888861374,8351.810546875,0
2022-04-19,8414.008135396985,8447.106005857358,8172.970506199447,8252.8662109375,344600
2022-04-20,8283.414598144624,8365.510872719824,8241.567186425415,8293.6142578125,0
2022-04-21,8347.26181371989,8395.908672946074,8342.262076296158,8386.259765625,0
2022-04-22,8338.71179493304,8387.759019857373,8287.314107699733,8299.3134765625,0
2022-04-25,8222.567900724634,8226.167320948643,8086.425152737463,8120.92333984375,0
2022-04-26,8198.619053802158,8278.8648377333,8193.519712343723,8271.3154296875,0
2022-04-27,8206.768884862173,8249.966809888187,8135.172549983683,8194.4697265625,0
2022-04-28,8257.61552204204,8259.915205785093,8156.8708203845745,8244.5166015625,0
2022-04-29,8302.563256116851,8333.061651794507,8148.321369779863,8168.42041015625,0
2022-05-02,8096.374274048971,8132.772751636494,8054.626468237364,8119.72314453125,0
2022-05-04,8166.620547735555,8180.270220901349,7903.334581983082,7933.283203125,0
2022-05-05,8024.978156049945,8084.8251084975855,7946.232294475574,7971.68115234375,0
2022-05-06,7831.738238662531,7860.43692547121,7749.742548644117,7821.638671875,0
2022-05-09,7748.492377369595,7762.891522403287,7616.499319425534,7668.546875,0
2022-05-10,7649.198006797677,7743.043171350777,7510.705286862413,7533.25390625,0
2022-05-11,7569.902041715386,7605.500268851179,7362.763023558915,7499.10595703125,0
2022-05-12,7442.508518916115,7449.858230068925,7257.368352643568,7316.6650390625,0
2022-05-13,7413.81020216026,7524.004112594441,7330.464488789094,7351.5634765625,0
2022-05-16,7391.861453341013,7484.406393485593,7315.165289494525,7468.5576171875,0
2022-05-17,7505.405192650407,7673.496452564685,7481.65644128961,7661.7470703125,0
2022-05-18,7700.995222513043,7740.243160071986,7617.999583853367,7647.248046875,0
2022-05-19,7483.456749541237,7515.604962099204,7384.361860545782,7422.35986328125,0
2022-05-20,7539.7038781131405,7599.600632818049,7534.90383739169,7591.201171875,0
2022-05-23,7628.948986068158,7681.746014816261,7552.902691428675,7568.80224609375,0
2022-05-24,7575.701867592848,7590.400801948818,7501.255585679804,7533.2041015625,0
2022-05-25,7558.202864778395,7574.951984502866,7374.562613928081,7395.3115234375,0
2022-05-26,7426.409495221383,7511.00514678782,7281.417115579286,7488.15625,0
2022-05-27,7554.602645025317,7603.000001777807,7522.354341212998,7593.75048828125,0
2022-05-30,7668.197052581918,7764.542086284933,7662.097275533639,7757.04248046875,0
2022-05-31,7753.292576962846,7831.338278508391,7740.843036167279,7782.99072265625,0
2022-06-01,7802.289778685655,7850.037267068722,7751.992131477481,7797.33984375,0
2022-06-02,7803.889446277432,7846.487303975098,7765.791840220541,7837.18798828125,0
2022-06-03,7894.435209875271,7909.384131274026,7702.045418473154,7711.49462890625,0
2022-06-06,7702.045485226545,7708.344958903207,7596.950909848074,7675.5966796875,0
2022-06-07,7644.098353660658,7652.497814668804,7577.20196627549,7620.19970703125,0
2022-06-08,7631.648466759953,7676.096324620559,7560.252319041706,7604.35009765625,0
2022-06-09,7573.401415641737,7647.747602412404,7543.95325769298,7639.29833984375,0
2022-06-10,7575.151410065663,7598.700464535518,7540.053646562707,7585.2509765625,0
2022-06-13,7460.857710718794,7466.757302864058,7326.164597522937,7354.9130859375,0
2022-06-14,7309.815799999903,7437.658686605451,7308.965747044694,7344.7138671875,0
2022-06-15,7386.211879390359,7405.260682875405,7343.714113067028,7376.26220703125,0
2022-06-16,7453.458128220982,7467.6570885440115,7180.922167628523,7195.771484375,0
2022-06-17,7149.923750083343,7231.419463766535,7087.877208771559,7157.7236328125,0
2022-06-20,7163.273369466639,7178.122686578045,6962.783908066779,7031.93017578125,0
2022-06-21,7080.577745582729,7241.969158479675,7071.328232121951,7231.16943359375,0
2022-06-22,7209.42055353329,7209.42055353329,7103.326525228557,7119.32568359375,0
2022-06-23,7134.424520794756,7238.769129732062,7113.175638525167,7212.57080078125,0
2022-06-24,7257.518108836504,7323.064953607209,7253.418226861193,7314.01513671875,0
2022-06-27,7401.6605517343905,7435.008895602928,7382.461854361662,7390.611328125,0
2022-06-28,7358.512874853837,7408.31054866991,7332.014268571461,7399.06103515625,0
2022-06-29,7322.365235884563,7375.062662135709,7292.366812194482,7359.5634765625,0
2022-06-30,7356.713182061917,7387.2613801115185,7280.067310795919,7297.26611328125,0
2022-07-01,7268.068055832978,7372.312574879037,7218.820645156542,7355.1630859375,0
2022-07-04,7352.313701331343,7428.959574580321,7320.515079941944,7421.60986328125,0
2022-07-05,7450.008107569667,7493.755806884927,7387.86147350779,7399.91064453125,0
2022-07-06,7415.409991980847,7571.501884210416,7392.911174696957,7560.90234375,0
2022-07-07,7610.349772879975,7656.947419973156,7583.601179584368,7650.59765625,0
2022-07-08,7700.094935926122,7702.494712029469,7622.34902575558,7666.94677734375,0
2022-07-11,7638.548655445706,7699.645053132139,7623.999127310153,7690.99560546875,0
2022-07-12,7663.996991646453,7700.095191552624,7610.499804093948,7625.34912109375,0
2022-07-13,7656.49727802642,7694.645174326133,7636.2986331604525,7660.447265625,0
2022-07-14,7671.496404164347,7692.745286535543,7595.050717951668,7649.5478515625,0
2022-07-15,7663.496919585892,7726.04392353862,7650.947774791523,7716.34423828125,0
2022-07-18,7777.791516888185,7850.137324905079,7767.69194990637,7843.087890625,0
2022-07-19,7814.03922677624,7900.934558980725,7803.23950180402,7891.43505859375,0
2022-07-20,7968.38101110784,7973.5311310583875,7891.235163312399,7906.234375,0
2022-07-21,7911.534265932635,8037.527642141968,7901.384408911307,8024.6279296875,0
2022-07-22,8052.176980360839,8076.9256798923025,8009.27933215742,8037.82763671875,0
2022-07-25,8035.627129331439,8059.776249708593,7999.27943185152,8038.97705078125,0
2022-07-26,8046.926975437422,8049.176857134505,7930.683087754811,7939.63232421875,0
2022-07-27,7924.58326366224,8011.928768011259,7899.884367210174,8003.72900390625,0
2022-07-28,8053.326459285266,8085.924842526658,8012.078628592046,8068.07568359375,0
2022-07-29,8136.522287901888,8185.869302070692,8120.372746596556,8170.3701171875,0
2022-08-01,8203.31856464666,8309.013201184074,8178.469773857473,8300.0634765625,0
2022-08-02,8287.863937542254,8335.311637532232,8239.467068720023,8318.912109375,0
2022-08-03,8313.16300326886,8319.263268821305,8159.421566027929,8218.6181640625,0
2022-08-04,8254.46684348397,8292.814438738542,8093.275114401285,8218.16796875,0
2022-08-05,8244.31639147239,8253.016129223548,8199.618547036009,8225.4677734375,0
2022-08-08,8223.567237230312,8271.965080933243,8195.268921733214,8257.9150390625,0
2022-08-10,8276.414491079895,8287.064321808313,8206.26876480863,8247.416015625,0
2022-08-11,8313.562965189723,8353.560862544497,8297.413423528267,8322.412109375,0
2022-08-12,8348.061070015572,8385.509296349976,8326.712583115714,8358.0107421875,0
2022-08-16,8403.458800210186,8461.005580892053,8392.259193421904,8455.7060546875,0
2022-08-17,8488.553670242889,8519.202449349288,8477.903839587998,8506.3525390625,0
2022-08-18,8505.253350528674,8553.000841994639,8480.004677030965,8531.8515625,0
2022-08-19,8556.09977898565,8572.749293895098,8402.758234925193,8429.3564453125,0
2022-08-22,8400.60778145745,8400.60778145745,8248.06600321414,8258.9658203125,0
2022-08-23,8196.269254044362,8376.90917046931,8183.369541657014,8358.16015625,0
2022-08-24,8360.961084009707,8426.85703572772,8330.61209268705,8419.5078125,0
2022-08-25,8463.904533214123,8507.852417518086,8417.7077437318,8431.2568359375,0
2022-08-26,8488.454521341973,8534.702092116351,8459.1054770087,8477.8544921875,0
2022-08-29,8261.765750910781,8401.907795613195,8260.76580349295,8394.158203125,0
2022-08-30,8449.95575169973,8562.899027344443,8445.155223054828,8555.5498046875,0
2022-09-01,8500.852798652215,8617.046884053312,8489.903179110892,8598.6474609375,0
2022-09-02,8641.395592653054,8670.794438670178,8574.649099496792,8587.2490234375,0
2022-09-05,8614.346534436418,8650.2450361517,8612.6464285802,8630.1455078125,366700
2022-09-06,8667.093906049111,8685.493328844306,8625.446682676204,8651.4951171875,0
2022-09-07,8625.247069798177,8705.042682440195,8614.39705386395,8699.5927734375,0
2022-09-08,8762.589224082298,8777.939003202273,8696.243102002694,8713.6416015625,0
2022-09-09,8765.739603126767,8784.188829032273,8693.693584067736,8735.140625,0
2022-09-12,8769.138447767666,8827.33558254185,8760.089118976748,8820.5859375,0
2022-09-13,8861.984570683839,8881.33316344893,8821.286513720543,8828.5361328125,0
2022-09-14,8713.342191697264,8816.937336957335,8702.243165228178,8795.23828125,0
2022-09-15,8843.184999561545,8869.382839595546,8769.288497894144,8832.78515625,0
2022-09-16,8824.685973201653,8843.134221074302,8498.902336991981,8572.9990234375,0
2022-09-19,8596.797546661503,8627.246139450808,8506.352111533111,8572.44921875,0
2022-09-20,8635.846077389178,8745.590311427815,8634.49653891892,8680.1435546875,0
2022-09-21,8680.544088916144,8734.241463987399,8601.098066190289,8627.4970703125,0
2022-09-22,8595.698727759727,8692.093076760126,8560.700566745734,8660.6953125,0
2022-09-23,8666.544108473601,8684.592963726118,8412.007693321006,8428.306640625,0
2022-09-26,8357.410281540318,8362.610203506125,8094.424594311287,8174.0205078125,0
2022-09-27,8224.167201804294,8254.365809344292,8100.02431488586,8181.7197265625,0
2022-09-28,8127.273143992611,8224.817823149906,8106.223957063106,8140.2724609375,0
2022-09-29,8215.167540332724,8248.365989603879,8112.223247560132,8179.169921875,0
2022-09-30,8179.619360769519,8349.410230390002,8101.323676310563,8332.26171875,0
2022-10-03,8341.261487972744,8365.710397398687,8192.3191262604,8225.4677734375,0
2022-10-04,8362.960297719233,8493.852823685887,8353.510599688188,8480.7041015625,0
2022-10-06,8554.750301296168,8621.046619462637,8550.750511644965,8579.048828125,0
2022-10-07,8579.898280536623,8586.498519281418,8486.853370295406,8558.349609375,0
2022-10-10,8452.00552135297,8510.602047868002,8418.656689952528,8482.7041015625,0
2022-10-11,8510.452974531696,8512.002697746317,8315.662433914358,8340.4111328125,0
2022-10-12,8366.309688016026,8420.75701781043,8288.663383852023,8405.6572265625,0
2022-10-13,8411.208504146816,8424.707794955732,8285.564714272681,8327.712890625,0
2022-10-14,8454.905331194566,8464.70559747198,8315.31305694624,8325.912109375,0
2022-10-17,8313.113130579679,8395.858784087113,8247.816755802942,8384.609375,0
2022-10-18,8454.354930051844,8526.95169589189,8429.906021259663,8518.3515625,0
2022-10-19,8540.00087985478,8559.499853954363,8498.00308948645,8519.6015625,0
2022-10-20,8479.853728650585,8493.603005380695,8428.056648707743,8483.9033203125,0
2022-10-21,8503.753427013991,8542.001417549605,8416.008036961699,8457.4560546875,0
2022-10-24,8559.89997712789,8560.050359853625,8486.004444631111,8496.25390625,93200
2022-10-25,8511.651703501908,8561.799455218115,8433.556203720937,8536.6005859375,426100
2022-10-27,8571.59930647604,8617.947456490216,8552.500700867942,8602.998046875,348100
2022-10-28,8623.246791555872,8634.696384857467,8552.149943836543,8580.798828125,350400
2022-10-31,8619.596470550856,8694.492922114634,8617.896364652755,8689.892578125,276600
2022-11-01,8722.241348810476,8770.888203732691,8709.192230591283,8761.9892578125,343400
2022-11-02,8758.13882513198,8772.638062296386,8722.89067961161,8742.490234375,258800
2022-11-03,8704.89233569559,8782.939017102444,8696.693547633282,8774.638671875,353100
2022-11-04,8783.337908632513,8801.187555897068,8723.890839508142,8746.5400390625,327200
2022-11-07,8791.337672113536,8829.736044258616,8758.689974236355,8824.3359375,369900
2022-11-09,8842.634315227873,8846.484698560496,8744.139497966451,8759.8388671875,609800
2022-11-10,8746.1397932539,8768.338821483401,8644.095353410734,8674.59375,402900
2022-11-11,8775.588735310814,8808.087027850728,8648.845394405143,8680.1435546875,420500
2022-11-14,8679.69425182728,8697.592725281977,8616.247390799846,8678.09375,307200
2022-11-15,8678.993930351331,8692.142653169944,8635.946388723934,8674.994140625,202100
2022-11-16,8675.993889543242,8685.043218289777,8556.250187351061,8596.9482421875,281700
2022-11-17,8583.598596007703,8604.247901173543,8555.20067472104,8582.8984375,265400
2022-11-18,8604.447750031293,8613.39649802864,8498.152560484457,8539.400390625,358000
2022-11-21,8532.150593256698,8546.350041303784,8494.802949352643,8536.0009765625,365200
2022-11-22,8550.100377853347,8591.59819656512,8535.30135106078,8583.298828125,309300
2022-11-23,8613.14726164584,8641.946530407613,8601.848050373545,8627.947265625,443400
2022-11-24,8657.195166699748,8679.993772561225,8641.345414194604,8672.994140625,343200
2022-11-25,8693.393043614104,8769.139065530982,8682.893595031566,8758.0400390625,634500
2022-11-28,8759.889222941541,8816.786623255757,8752.690382535191,8807.537109375,343000
2022-11-29,8812.136134295446,8832.58525408468,8750.139395019432,8763.888671875,292000
2022-11-30,8778.238420046147,8874.082987560974,8775.338181986861,8855.1337890625,466300
2022-12-01,8896.182530946984,8944.079426060951,8864.533804762072,8931.6806640625,328700
2022-12-02,8935.730584433191,8999.376653622407,8924.080806053897,8993.677734375,289200
2022-12-05,9021.476181584629,9023.77586544027,8952.829397854686,9014.2265625,338800
2022-12-06,8994.727106129109,9008.72636981992,8946.779432685857,8967.9287109375,488500
2022-12-07,8978.678532245449,9003.576637832573,8909.631379644967,8919.53125,338900
2022-12-08,8944.230163006005,8981.67839035968,8921.9315301441,8975.578125,311900
2022-12-09,9024.275601734253,9042.374259678652,8840.285273944663,8916.8310546875,463300
2022-12-12,8920.281390187554,8964.529065721092,8852.634553258922,8960.12890625,285300
2022-12-13,8982.428438366302,9000.77708367188,8960.37881564145,8995.8271484375,343800
2022-12-14,9034.725466502618,9085.122232471733,9026.275715181517,9069.623046875,866200
2022-12-15,9067.022849808702,9086.271836834763,8956.328479764397,8981.626953125,590000
2022-12-16,8936.530586218343,8970.929169971076,8824.136099396905,8830.9365234375,428800
2022-12-19,8838.235157792105,8898.281803031763,8781.938315250734,8890.232421875,264500
2022-12-20,8871.433939397535,8889.28261030706,8776.188947285074,8859.4345703125,339400
2022-12-21,8886.98339274051,8930.580712098763,8707.542622832472,8738.140625,396500
2022-12-22,8781.788218051872,8806.237127741802,8624.846275381571,8691.443359375,464500
2022-12-23,8615.547262146594,8637.645710271629,8381.709940674353,8399.908203125,455900
2022-12-27,8643.946117390899,8689.39294773191,8592.598229986055,8677.84375,345700
2022-12-28,8668.894104510804,8713.54214911551,8624.197234346624,8697.943359375,349000
2022-12-29,8661.945203769175,8722.591430860992,8589.348432805697,8697.04296875,393200
2022-12-30,8749.940500618182,8796.987832534833,8734.691302104091,8751.2900390625,454700
2023-01-02,8787.400390625,8830.599609375,8746.2001953125,8821.7998046875,0
2023-01-03,8834.25,8868.099609375,8809.400390625,8843.349609375,410200
2023-01-04,8849.5498046875,8863.9501953125,8713.5,8745.7001953125,379400
2023-01-05,8778.349609375,8818.0,8722.9501953125,8808.599609375,330400
2023-01-06,8817.7001953125,8827.0498046875,8717.099609375,8752.2998046875,335700
2023-01-09,8816.0,8841.75,8779.599609375,8826.9501953125,409200
2023-01-10,8836.5498046875,8836.7998046875,8734.2001953125,8786.2998046875,321800
2023-01-11,8802.650390625,8829.0498046875,8748.7001953125,8785.400390625,326500
2023-01-12,8816.400390625,8816.5,8709.349609375,8748.900390625,254500
2023-01-13,8768.0,8769.4501953125,8687.099609375,8747.400390625,324100
2023-01-16,8766.4501953125,8797.5498046875,8694.599609375,8707.349609375,405300
2023-01-17,8723.7001953125,8728.400390625,8634.75,8695.650390625,336500
2023-01-18,8715.5,8773.0498046875,8700.5,8754.099609375,248900
2023-01-19,8734.5498046875,8762.75,8706.900390625,8755.349609375,364500
2023-01-20,8763.75,8770.4501953125,8677.5,8687.150390625,238300
2023-01-23,8717.5498046875,8797.2001953125,8690.7998046875,8788.5,332600
2023-01-24,8801.9501953125,8804.25,8720.900390625,8733.4501953125,259100
2023-01-25,8724.349609375,8724.349609375,8576.849609375,8604.099609375,346000
2023-01-27,8629.25,8636.7998046875,8374.5498046875,8463.0,449200
2023-01-30,8466.400390625,8563.849609375,8410.9501953125,8476.9501953125,458900
2023-01-31,8511.5498046875,8654.9501953125,8473.0498046875,8638.0,398500
2023-02-01,8714.2998046875,8801.599609375,8402.5498046875,8554.7001953125,511500
2023-02-02,8528.5498046875,8630.2001953125,8489.25,8580.650390625,441000
2023-02-03,8618.9501953125,8632.7998046875,8469.400390625,8604.0498046875,411600
2023-02-06,8611.599609375,8684.0498046875,8601.849609375,8667.2998046875,881100
2023-02-07,8680.2001953125,8692.849609375,8610.599609375,8659.5,413800
2023-02-08,8672.25,8747.650390625,8639.7998046875,8740.4501953125,290900
2023-02-09,8760.2998046875,8778.75,8719.2998046875,8758.5498046875,253200
2023-02-10,8733.099609375,8789.599609375,8708.2998046875,8771.75,240400
2023-02-13,8742.7998046875,8756.2998046875,8617.349609375,8629.5,221300
2023-02-14,8637.7001953125,8654.2998046875,8564.099609375,8627.349609375,225900
2023-02-15,8614.2998046875,8698.2001953125,8602.849609375,8688.849609375,169800
2023-02-16,8723.150390625,8774.5498046875,8707.400390625,8749.7001953125,213600
2023-02-17,8722.7001953125,8732.400390625,8644.7001953125,8658.849609375,255800
2023-02-20,8680.849609375,8702.400390625,8614.0,8647.2998046875,303700
2023-02-21,8672.349609375,8675.5,8599.849609375,8609.9501953125,219700
2023-02-22,8580.0498046875,8598.849609375,8491.099609375,8519.75,276400
2023-02-23,8523.25,8531.2998046875,8422.25,8507.4501953125,479700
2023-02-24,8531.849609375,8564.7998046875,8463.9501953125,8476.9501953125,329300
2023-02-27,8467.2998046875,8468.7001953125,8338.2001953125,8418.0,274800
2023-02-28,8444.400390625,8483.400390625,8426.4501953125,8456.7001953125,267000
2023-03-01,8474.099609375,8575.5,8470.900390625,8567.7001953125,268600
2023-03-02,8567.099609375,8581.5,8533.849609375,8549.0,185000
2023-03-03,8595.900390625,8640.0,8584.400390625,8623.75,251200
2023-03-06,8660.25,8724.849609375,8658.5,8680.650390625,225800
2023-03-08,8649.5498046875,8753.25,8627.4501953125,8745.099609375,217000
2023-03-09,8768.2998046875,8785.650390625,8679.349609375,8690.9501953125,179400
2023-03-10,8636.400390625,8636.400390625,8544.7998046875,8627.9501953125,186000
2023-03-13,8625.849609375,8649.349609375,8433.0498046875,8455.5498046875,214800
2023-03-14,8457.599609375,8472.0,8372.75,8423.5,238700
2023-03-15,8493.9501953125,8512.75,8397.2001953125,8411.400390625,211500
2023-03-16,8402.349609375,8483.7998046875,8323.7001953125,8455.0498046875,294700
2023-03-17,8519.599609375,8535.7998046875,8445.599609375,8487.7001953125,298200
2023-03-20,8471.25,8487.849609375,8316.5,8392.2001953125,236900
2023-03-21,8422.599609375,8447.5498046875,8382.650390625,8433.599609375,205200
2023-03-22,8467.5,8490.7998046875,8445.150390625,8451.7001953125,0
2023-03-23,8435.5,8452.4501953125,8390.2001953125,8399.900390625,179800
2023-03-24,8399.849609375,8402.9501953125,8266.2998046875,8283.75,275900
2023-03-27,8278.849609375,8325.0498046875,8243.75,8255.849609375,225700
2023-03-28,8272.900390625,8283.9501953125,8194.599609375,8231.099609375,239900
2023-03-29,8225.2001953125,8390.4501953125,8225.0498046875,8373.5,278300
2023-03-31,8413.2998046875,8490.900390625,8410.75,8466.7998046875,267400
2023-04-03,8513.2998046875,8515.099609375,8465.400390625,8497.75,264600
2023-04-05,8500.7001953125,8501.4501953125,8451.7998046875,8495.5498046875,270300
2023-04-06,8490.349609375,8559.150390625,8466.7001953125,8550.650390625,243400
2023-04-10,8573.849609375,8591.5,8537.4501953125,8581.9501953125,182900
2023-04-11,8606.0498046875,8634.7998046875,8570.099609375,8607.849609375,197200
2023-04-12,8621.0498046875,8661.25,8615.849609375,8646.400390625,185400
2023-04-13,8671.75,8699.0498046875,8626.4501953125,8677.349609375,226200
2023-04-17,8647.9501953125,8707.849609375,8610.400390625,8699.2001953125,208600
2023-04-18,8723.150390625,8781.75,8705.7998046875,8771.7001953125,233200
2023-04-19,8789.5498046875,8805.25,8741.5,8753.4501953125,187900
2023-04-20,8773.650390625,8792.400390625,8752.4501953125,8767.099609375,181400
2023-04-21,8780.7001953125,8782.150390625,8700.150390625,8731.2998046875,470900
2023-04-24,8743.099609375,8794.599609375,8721.9501953125,8790.2998046875,239700
2023-04-25,8806.2998046875,8846.400390625,8791.2998046875,8815.099609375,220400
2023-04-26,8800.5,8839.4501953125,8770.849609375,8834.2001953125,323300
2023-04-27,8835.900390625,8874.900390625,8834.650390625,8865.150390625,479900
2023-04-28,8878.849609375,8970.150390625,8861.400390625,8962.849609375,393800
2023-05-02,9010.75,9080.7001953125,8996.9501953125,9062.2001953125,395400
2023-05-03,9046.650390625,9099.849609375,9032.150390625,9065.849609375,276300
2023-05-04,9080.650390625,9132.150390625,9071.400390625,9122.900390625,293300
2023-05-05,9130.4501953125,9155.2998046875,9027.25,9036.7998046875,305300
2023-05-08,9069.400390625,9156.25,9062.2001953125,9149.150390625,256200
2023-05-09,9174.25,9222.150390625,9132.599609375,9152.7998046875,251800
2023-05-10,9184.75,9184.75,9101.25,9158.0,320700
2023-05-11,9191.849609375,9221.7998046875,9169.099609375,9194.650390625,383000
2023-05-12,9186.400390625,9194.599609375,9125.25,9149.599609375,270400
2023-05-15,9162.0,9255.5498046875,9133.9501953125,9239.25,259600
2023-05-16,9279.25,9331.599609375,9261.2001953125,9269.7001953125,404500
2023-05-17,9271.150390625,9274.2001953125,9171.7001953125,9244.650390625,323000
2023-05-18,9280.2998046875,9287.2001953125,9166.0,9176.5498046875,221700
2023-05-19,9199.150390625,9200.2998046875,9095.0498046875,9176.099609375,229900
2023-05-22,9162.650390625,9241.25,9140.900390625,9235.900390625,205500
2023-05-23,9255.75,9304.5,9247.900390625,9286.150390625,184300
2023-05-24,9290.0498046875,9319.0498046875,9248.0498046875,9267.599609375,250600
2023-05-25,9264.7998046875,9342.0,9254.9501953125,9332.0,349300
2023-05-26,9342.150390625,9435.2998046875,9340.4501953125,9428.599609375,297300
2023-05-29,9468.599609375,9478.7001953125,9419.900390625,9470.349609375,275000
2023-05-30,9480.7998046875,9514.9501953125,9459.599609375,9506.400390625,225300
2023-05-31,9496.849609375,9547.400390625,9485.650390625,9539.900390625,321400
2023-06-01,9547.2998046875,9603.400390625,9541.099609375,9559.5,219300
2023-06-02,9590.25,9637.7998046875,9587.0,9629.650390625,204700
2023-06-05,9669.2001953125,9684.900390625,9629.5,9638.150390625,209600
2023-06-06,9643.2998046875,9644.599609375,9571.650390625,9628.150390625,172000
2023-06-07,9658.5498046875,9710.25,9644.150390625,9704.75,356600
2023-06-08,9723.9501953125,9725.150390625,9599.400390625,9609.599609375,313200
2023-06-09,9637.599609375,9650.0498046875,9590.25,9598.849609375,229500
2023-06-12,9628.4501953125,9685.7998046875,9592.5498046875,9675.650390625,221400
2023-06-13,9696.150390625,9801.2998046875,9694.349609375,9795.5,398100
2023-06-14,9825.7998046875,9833.0,9793.400390625,9819.650390625,543800
2023-06-15,9835.25,9864.2998046875,9796.0498046875,9803.349609375,347400
2023-06-16,9831.75,9906.349609375,9817.349609375,9884.2001953125,386500
2023-06-19,9926.7998046875,9950.25,9880.0,9891.5498046875,315400
2023-06-20,9900.0,9968.2001953125,9871.5498046875,9957.5498046875,306200
2023-06-21,10033.7998046875,10081.2998046875,10003.900390625,10032.400390625,506600
2023-06-22,10047.5,10047.7001953125,9872.75,9911.4501953125,460100
2023-06-23,9901.0,9905.400390625,9780.2998046875,9807.25,329800
2023-06-26,9809.400390625,9894.0,9762.650390625,9883.7998046875,275500
2023-06-27,9910.7998046875,9957.5498046875,9900.7998046875,9945.099609375,318700
2023-06-28,9994.0,10062.25,9966.0,10040.0498046875,434300
2023-06-30,10072.849609375,10133.25,10060.400390625,10126.849609375,316900
2023-07-03,10189.75,10199.2001953125,10126.0,10142.9501953125,389700
2023-07-04,10182.7998046875,10184.5,10095.7998046875,10119.599609375,585800
2023-07-05,10137.0498046875,10205.0498046875,10113.4501953125,10194.150390625,434800
2023-07-06,10200.7998046875,10271.900390625,10182.400390625,10267.400390625,321700
2023-07-07,10255.75,10266.5,10117.900390625,10169.9501953125,340800
2023-07-10,10203.599609375,10203.9501953125,10099.099609375,10141.849609375,356200
2023-07-11,10173.2001953125,10275.150390625,10169.099609375,10249.25,291100
2023-07-12,10282.25,10306.0498046875,10244.900390625,10286.0,301100
2023-07-13,10321.599609375,10327.7001953125,10161.4501953125,10193.9501953125,393700
2023-07-14,10241.849609375,10356.849609375,10218.75,10350.9501953125,275300
2023-07-17,10382.75,10423.0498046875,10361.5498046875,10373.75,471100
2023-07-18,10411.849609375,10416.349609375,10314.2998046875,10368.599609375,503100
2023-07-19,10396.5,10460.0,10384.5498046875,10454.900390625,480500
2023-07-20,10481.2998046875,10483.2998046875,10447.4501953125,10476.25,340700
2023-07-21,10428.7998046875,10479.2998046875,10411.9501953125,10446.5498046875,460000
2023-07-24,10461.0498046875,10522.2998046875,10437.7001953125,10461.2001953125,498300
2023-07-25,10515.099609375,10515.7998046875,10428.4501953125,10503.4501953125,335500
2023-07-26,10530.849609375,10585.7998046875,10519.4501953125,10562.150390625,780200
2023-07-27,10615.349609375,10656.4501953125,10583.099609375,10624.5,719700
2023-07-28,10644.7998046875,10694.75,10623.75,10686.2998046875,397700
2023-07-31,10704.2001953125,10831.5,10689.4501953125,10822.5,506500
2023-08-01,10854.5,10864.150390625,10772.400390625,10793.9501953125,277000
2023-08-02,10781.650390625,10784.900390625,10548.849609375,10643.2001953125,434500
2023-08-03,10628.2001953125,10696.5498046875,10581.900390625,10657.5498046875,322300
2023-08-04,10705.7998046875,10780.349609375,10666.0,10741.900390625,388700
2023-08-07,10761.900390625,10795.349609375,10739.5498046875,10787.7998046875,366500
2023-08-08,10818.849609375,10840.650390625,10708.7998046875,10803.400390625,505500
2023-08-09,10834.5498046875,10865.9501953125,10744.5,10855.900390625,303700
2023-08-10,10875.0,10900.75,10803.150390625,10868.150390625,469400
2023-08-11,10909.5498046875,10913.400390625,10807.2001953125,10821.849609375,411100
2023-08-14,10805.900390625,10849.0,10674.150390625,10827.4501953125,329500
2023-08-16,10804.9501953125,10851.849609375,10743.2001953125,10837.5498046875,0
2023-08-17,10858.25,10903.5498046875,10839.2998046875,10872.75,422200
2023-08-18,10878.900390625,10896.099609375,10794.150390625,10824.2998046875,274800
2023-08-21,10847.2998046875,10922.7001953125,10818.2998046875,10904.0,230700
2023-08-22,10934.099609375,11015.0,10918.900390625,11009.2001953125,412700
2023-08-23,11038.400390625,11106.4501953125,11026.900390625,11081.7001953125,306300
2023-08-24,11142.2998046875,11185.650390625,11118.650390625,11131.0498046875,327300
2023-08-25,11098.900390625,11132.349609375,11003.25,11021.599609375,656600
2023-08-28,11052.0498046875,11093.0,11031.650390625,11073.0498046875,711300
2023-08-29,11105.849609375,11129.099609375,11085.9501953125,11109.349609375,552900
2023-08-30,11159.900390625,11235.0498046875,11150.2001953125,11205.349609375,439100
2023-08-31,11249.5,11261.400390625,11140.2001953125,11182.650390625,1366100
2023-09-01,11187.349609375,11274.75,11154.25,11260.599609375,1159000
2023-09-04,11310.349609375,11349.650390625,11260.599609375,11327.0498046875,0
2023-09-05,11361.599609375,11448.7001953125,11327.0498046875,11437.650390625,467000
2023-09-06,11467.150390625,11489.099609375,11418.849609375,11469.650390625,663700
2023-09-07,11487.599609375,11530.7001953125,11458.150390625,11520.7998046875,513500
2023-09-08,11559.25,11656.849609375,11520.7998046875,11647.150390625,678100
2023-09-11,11714.4501953125,11736.150390625,11685.650390625,11725.650390625,939100
2023-09-12,11789.9501953125,11789.9501953125,11371.5,11386.5,862100
2023-09-13,11381.150390625,11463.099609375,11271.349609375,11454.9501953125,727400
2023-09-14,11508.0498046875,11589.2001953125,11497.0498046875,11582.7998046875,435700
2023-09-15,11638.349609375,11654.099609375,11585.9501953125,11635.900390625,834700
2023-09-18,11652.5,11654.75,11579.5,11595.5,817700
2023-09-20,11568.5498046875,11648.5498046875,11509.150390625,11594.7001953125,468300
2023-09-21,11577.2998046875,11634.099609375,11473.150390625,11502.5,452000
2023-09-22,11513.900390625,11570.25,11427.849609375,11494.900390625,558200
2023-09-25,11513.2998046875,11618.5,11414.099609375,11600.650390625,471100
2023-09-26,11602.150390625,11639.4501953125,11543.849609375,11554.7001953125,742600
2023-09-27,11574.9501953125,11672.400390625,11544.400390625,11655.0,674500
2023-09-28,11674.7998046875,11680.650390625,11432.5,11453.650390625,679400
2023-09-29,11529.25,11648.5,11497.75,11611.650390625,419200
2023-10-03,11621.5,11635.0,11549.25,11607.599609375,454400
2023-10-04,11578.150390625,11580.7998046875,11350.849609375,11448.900390625,411200
2023-10-05,11506.2998046875,11551.9501953125,11437.0498046875,11453.900390625,292700
2023-10-06,11505.400390625,11548.5,11474.599609375,11543.7001953125,256700
2023-10-09,11444.4501953125,11459.75,11373.5,11415.650390625,535600
2023-10-10,11464.0,11578.150390625,11459.349609375,11568.4501953125,289300
2023-10-11,11638.150390625,11685.650390625,11592.150390625,11607.5498046875,566900
2023-10-12,11653.7998046875,11687.599609375,11623.849609375,11646.2998046875,420700
2023-10-13,11613.150390625,11684.5,11583.2001953125,11626.7001953125,525100
2023-10-16,11646.7998046875,11678.599609375,11598.2998046875,11648.900390625,372100
2023-10-17,11705.25,11714.0498046875,11653.75,11672.650390625,378200
2023-10-18,11688.099609375,11695.7001953125,11529.900390625,11542.75,342000
2023-10-19,11502.400390625,11553.0498046875,11425.0498046875,11537.849609375,390400
2023-10-20,11503.650390625,11517.4501953125,11321.5,11346.4501953125,321400
2023-10-23,11336.5,11373.75,11103.2998046875,11140.349609375,437900
2023-10-25,11172.900390625,11232.75,10982.349609375,11066.5498046875,448200
2023-10-26,10995.400390625,11006.2998046875,10810.75,10893.0,383200
2023-10-27,10962.2998046875,11078.7001953125,10962.2001953125,11033.099609375,347600
2023-10-30,11061.400390625,11066.7998046875,10901.5498046875,11022.099609375,602900
2023-10-31,11075.5498046875,11107.5,11015.0,11068.849609375,487400
2023-11-01,11097.5,11104.2998046875,11040.9501953125,11049.0498046875,1147200
2023-11-02,11131.650390625,11232.75,11129.150390625,11225.599609375,860900
2023-11-03,11306.099609375,11329.75,11279.0498046875,11311.349609375,783800
2023-11-06,11381.349609375,11389.5,11352.0498046875,11380.849609375,321500
2023-11-07,11402.75,11411.0498046875,11333.349609375,11403.099609375,425700
2023-11-08,11463.5,11513.7998046875,11455.650390625,11501.0498046875,318800
2023-11-09,11532.25,11593.5498046875,11514.25,11554.5498046875,392900
2023-11-10,11550.75,11625.5498046875,11481.5498046875,11613.75,440200
2023-11-13,11682.2998046875,11695.349609375,11620.599609375,11673.400390625,339300
2023-11-15,11775.5498046875,11789.4501953125,11719.349609375,11774.9501953125,385100
2023-11-16,11789.900390625,11909.849609375,11772.4501953125,11875.349609375,471000
2023-11-17,11862.25,11938.5498046875,11847.900390625,11905.4501953125,469500
2023-11-20,11931.900390625,11961.650390625,11901.5,11919.7998046875,535100
2023-11-21,11969.7998046875,11990.75,11922.0,11954.5498046875,390400
2023-11-22,11976.25,12001.400390625,11881.0,11941.900390625,367900
2023-11-23,11979.7998046875,11993.650390625,11948.2001953125,11960.349609375,285500
2023-11-24,11987.2998046875,11993.650390625,11937.7998046875,11955.25,277600
2023-11-28,11992.2001953125,12041.0,11957.7001953125,12031.599609375,332200
2023-11-29,12081.150390625,12123.0,12069.599609375,12113.7998046875,362800
2023-11-30,12135.150390625,12239.650390625,12082.2998046875,12200.599609375,1021400
2023-12-01,12281.4501953125,12359.2001953125,12265.4501953125,12334.5,464400
2023-12-04,12515.349609375,12519.599609375,12412.900390625,12464.4501953125,545600
2023-12-05,12515.9501953125,12551.4501953125,12366.099609375,12508.0498046875,541500
2023-12-06,12566.7998046875,12600.7998046875,12486.75,12549.400390625,420000
2023-12-07,12570.7001953125,12647.25,12494.5,12631.2001953125,526000
2023-12-08,12683.5,12711.849609375,12512.349609375,12624.2001953125,492400
2023-12-11,12650.5498046875,12696.5,12622.599609375,12684.7001953125,505500
2023-12-12,12724.349609375,12748.5,12581.400390625,12650.349609375,453600
2023-12-13,12694.900390625,12827.2001953125,12657.7001953125,12815.5498046875,673500
2023-12-14,12904.2001953125,13023.349609375,12890.400390625,13000.7001953125,859400
2023-12-15,13066.5,13072.5,12996.900390625,13029.349609375,701900
2023-12-18,13049.650390625,13081.7998046875,12963.75,13039.099609375,648100
2023-12-19,13063.650390625,13071.25,12905.400390625,12977.650390625,512600
2023-12-20,13044.150390625,13117.0,12504.099609375,12560.0,810200
2023-12-21,12459.400390625,12785.75,12385.900390625,12764.849609375,581700
2023-12-22,12836.7998046875,12881.099609375,12744.9501953125,12838.2001953125,456800
2023-12-26,12877.2001953125,12950.349609375,12827.5498046875,12905.599609375,530300
2023-12-27,12961.900390625,13016.900390625,12874.25,12946.5,384700
2023-12-28,12995.150390625,13078.0498046875,12947.9501953125,13066.25,564900
2023-12-29,13102.75,13162.2001953125,13037.5498046875,13144.9501953125,2013400
2024-01-02,13261.4501953125,13271.400390625,13046.349609375,13198.349609375,1420700
2024-01-03,13207.9501953125,13274.400390625,13108.5498046875,13226.099609375,871900
2024-01-04,13272.599609375,13474.0,13258.7001953125,13455.2001953125,778400
2024-01-05,13518.2998046875,13533.150390625,13364.099609375,13461.5498046875,947800
2024-01-08,13492.2001953125,13498.349609375,13277.099609375,13291.0498046875,545700
2024-01-09,13391.25,13436.849609375,13231.25,13253.0498046875,732000
2024-01-10,13270.7001953125,13275.650390625,13105.849609375,13235.849609375,461900
2024-01-11,13271.5498046875,13327.400390625,13223.650390625,13271.650390625,336500
2024-01-12,13345.599609375,13375.849609375,13281.9501953125,13353.7998046875,305500
2024-01-15,13447.7998046875,13494.900390625,13356.75,13477.5498046875,407500
2024-01-16,13502.9501953125,13512.900390625,13289.400390625,13410.849609375,719900
2024-01-17,13300.150390625,13411.150390625,13222.150390625,13236.9501953125,754700
2024-01-18,13228.2998046875,13326.099609375,12932.349609375,13292.5,591900
2024-01-19,13412.0,13487.400390625,13352.599609375,13477.2001953125,514600
2024-01-23,13577.5,13577.5,12956.0498046875,13049.0498046875,892800
2024-01-24,13102.5,13368.650390625,12984.2998046875,13356.2001953125,932300
2024-01-25,13405.099609375,13411.9501953125,13160.2998046875,13240.0,744100
2024-01-29,13293.599609375,13556.7998046875,13268.5498046875,13543.7998046875,646200
2024-01-30,13623.25,13649.349609375,13464.9501953125,13476.349609375,584100
2024-01-31,13479.25,13633.650390625,13450.2998046875,13620.599609375,456400
2024-02-01,13672.349609375,13672.349609375,13427.400390625,13529.349609375,619800
2024-02-02,13625.2001953125,13747.349609375,13614.2001953125,13657.7001953125,670300
2024-02-05,13728.2998046875,13799.4501953125,13625.0,13700.0498046875,642500
2024-02-06,13775.599609375,13872.25,13678.150390625,13862.900390625,746600
2024-02-07,13950.7001953125,13970.849609375,13830.0498046875,13930.7998046875,922600
2024-02-08,14061.2998046875,14065.5,13917.650390625,13948.599609375,598400
2024-02-09,13976.2998046875,13979.0,13584.349609375,13840.900390625,942800
2024-02-12,13896.2001953125,13899.2001953125,13541.5,13579.2998046875,779400
2024-02-13,13607.7998046875,13658.75,13404.400390625,13638.4501953125,606500
2024-02-14,13510.75,13826.7001953125,13450.400390625,13776.349609375,779600
2024-02-15,13871.849609375,13941.0,13830.5,13914.400390625,6800
2024-02-16,13979.5498046875,14067.599609375,13931.5498046875,14035.4501953125,6600
2024-02-20,14001.2001953125,14027.650390625,13922.400390625,13984.0,5700
2024-02-21,14008.400390625,14033.5498046875,13777.400390625,13813.5498046875,7100
2024-02-22,13867.849609375,13984.150390625,13702.5498046875,13961.9501953125,6800
2024-02-23,14031.599609375,14141.0,14015.25,14062.2001953125,20900
2024-02-26,14069.349609375,14083.7998046875,13856.5498046875,13977.900390625,10000
2024-02-27,13984.400390625,14063.75,13866.2001953125,13931.9501953125,9600
2024-02-28,13956.849609375,13959.9501953125,13581.4501953125,13618.25,18600
2024-02-29,13621.2998046875,13782.4501953125,13505.2998046875,13745.849609375,13300
2024-03-01,13799.849609375,13914.2001953125,13795.7998046875,13898.099609375,10500
2024-03-04,14008.0,14075.650390625,13936.7001953125,14056.75,6100
2024-03-05,14068.900390625,14096.2001953125,13967.5,13989.0498046875,5500
2024-03-06,14009.900390625,14014.5,13706.2001953125,13915.7998046875,7100
2024-03-07,13937.2998046875,14008.900390625,13921.0498046875,13948.400390625,4000
2024-03-11,13983.2001953125,13990.7001953125,13853.0498046875,13876.400390625,4400
2024-03-12,13897.9501953125,13931.7998046875,13666.349609375,13719.2998046875,5500
2024-03-13,13752.099609375,13797.75,13091.9501953125,13189.0498046875,9600
2024-03-14,13123.400390625,13435.099609375,13034.2001953125,13407.2001953125,7000
2024-03-15,13392.5498046875,13436.5498046875,13131.75,13345.5498046875,6400
2024-03-18,13332.0498046875,13364.349609375,13120.4501953125,13201.150390625,4000
2024-03-19,13202.2998046875,13209.349609375,12962.7001953125,12981.900390625,4700
2024-03-20,13029.25,13086.0,12837.0,12975.150390625,5000
2024-03-21,13099.349609375,13319.7998046875,13097.9501953125,13305.400390625,4100
2024-03-22,13262.7998046875,13357.75,13210.900390625,13329.9501953125,7000
2024-03-26,13296.5498046875,13504.2998046875,13293.900390625,13474.099609375,5400
2024-03-27,13516.400390625,13553.5,13440.650390625,13460.0498046875,6000
2024-03-28,13541.5,13579.25,13450.0498046875,13526.5,6600
2024-04-01,13640.4501953125,13786.650390625,13602.2998046875,13772.599609375,10155500
2024-04-02,13824.150390625,13934.599609375,13744.7001953125,13922.599609375,9900
2024-04-03,13889.5,13988.25,13839.7001953125,13955.849609375,11800
2024-04-04,14061.150390625,14079.0,13925.099609375,13941.150390625,15000
2024-04-05,13948.5498046875,13988.2998046875,13891.0,13978.349609375,11700
2024-04-08,14056.5,14058.7001953125,13822.2998046875,13957.099609375,12400
2024-04-09,14026.4501953125,14054.650390625,13900.5,13941.599609375,7800
2024-04-10,13984.75,14112.849609375,13969.0,14097.9501953125,10500
2024-04-12,14095.7001953125,14171.7001953125,14037.650390625,14049.099609375,16700
2024-04-15,13854.900390625,13935.4501953125,13752.650390625,13841.2998046875,14000
2024-04-16,13758.5498046875,13889.2001953125,13707.349609375,13765.5,16000
2024-04-18,13847.2998046875,13921.2001953125,13648.599609375,13687.0498046875,12800
2024-04-19,13578.4501953125,13668.2001953125,13385.0498046875,13595.4501953125,12500
2024-04-22,13686.0,13703.75,13612.2998046875,13681.25,22800
2024-04-23,13756.5498046875,13817.2001953125,13727.0,13780.650390625,33800
2024-04-24,13843.7998046875,13915.599609375,13825.849609375,13901.7998046875,22300
2024-04-25,13886.849609375,13974.349609375,13838.5498046875,13964.349609375,90300
2024-04-26,14003.0,14107.75,13985.650390625,14083.25,46200
2024-04-29,14152.599609375,14164.4501953125,14077.650390625,14153.0498046875,23000
2024-04-30,14209.900390625,14277.5498046875,14144.0498046875,14161.900390625,16700
2024-05-02,14217.75,14260.4501953125,14164.5498046875,14243.599609375,15000
2024-05-03,14268.9501953125,14298.75,14113.900390625,14189.2998046875,22900
2024-05-06,14292.2998046875,14294.5498046875,14083.0498046875,14157.9501953125,12400
2024-05-07,14186.9501953125,14190.2001953125,13775.099609375,13874.7001953125,20800
2024-05-08,13876.9501953125,14059.0,13796.400390625,14010.400390625,12000
2024-05-09,14034.75,14039.7001953125,13730.900390625,13755.650390625,11300
2024-05-10,13794.150390625,13927.7001953125,13654.0498046875,13909.900390625,8600
2024-05-13,13933.099609375,14086.0,13683.349609375,14064.7998046875,9400
2024-05-14,14091.099609375,14189.099609375,14004.0,14163.150390625,11700
2024-05-15,14213.099609375,14281.25,14156.0,14262.5498046875,7900
2024-05-16,14314.5498046875,14411.5,14263.25,14396.900390625,8800
2024-05-17,14440.2998046875,14525.150390625,14404.25,14515.2001953125,10400
2024-05-21,14577.7001953125,14627.650390625,14518.349609375,14614.5,11300
2024-05-22,14654.150390625,14658.5498046875,14474.0498046875,14618.599609375,9500
2024-05-23,14675.9501953125,14686.400390625,14533.25,14677.4501953125,14300
2024-05-24,14687.849609375,14762.2998046875,14623.7998046875,14662.650390625,35100
2024-05-27,14717.5498046875,14883.849609375,14669.7001953125,14783.75,15700
2024-05-28,14819.9501953125,14856.9501953125,14595.099609375,14664.7001953125,11000
2024-05-29,14616.25,14700.900390625,14556.2998046875,14637.7998046875,9100
2024-05-30,14624.349609375,14634.25,14358.599609375,14390.849609375,14900
2024-05-31,14437.900390625,14492.2998046875,14325.650390625,14443.4501953125,28700
2024-06-03,14951.849609375,14958.0,14747.75,14919.5,20600
2024-06-04,14937.75,14937.75,13284.2001953125,13762.25,42200
2024-06-05,13908.900390625,14514.9501953125,13580.2001953125,14456.349609375,23800
2024-06-06,14607.9501953125,14824.650390625,14563.7001953125,14724.25,14700
2024-06-07,14753.75,14963.2998046875,14716.9501953125,14952.400390625,16900
2024-06-10,14992.400390625,15045.2001953125,14817.7001953125,14908.0,17500
2024-06-11,14955.5,15093.4501953125,14906.650390625,15031.900390625,17000
2024-06-12,15103.0498046875,15273.599609375,15089.25,15243.400390625,15900
2024-06-13,15372.2998046875,15387.150390625,15283.349609375,15378.349609375,11700
2024-06-14,15429.099609375,15539.0498046875,15383.4501953125,15523.599609375,16100
2024-06-18,15566.099609375,15599.7001953125,15475.400390625,15591.5498046875,13100
2024-06-19,15629.7001953125,15629.900390625,15352.0498046875,15442.9501953125,30100
2024-06-20,15500.25,15633.9501953125,15417.2998046875,15616.599609375,13700
2024-06-21,15704.650390625,15748.650390625,15597.650390625,15623.7998046875,23900
2024-06-24,15590.150390625,15734.2001953125,15458.4501953125,15707.650390625,15100
2024-06-25,15757.5,15816.4501953125,15629.9501953125,15659.849609375,10900
2024-06-26,15656.4501953125,15691.650390625,15580.150390625,15595.4501953125,20000
2024-06-27,15623.5,15724.7998046875,15493.4501953125,15641.7998046875,20700
2024-06-28,15683.099609375,15763.400390625,15651.849609375,15711.150390625,25300
2024-07-01,15745.400390625,15849.650390625,15689.7001953125,15840.400390625,0
2024-07-02,15874.2001953125,15886.7998046875,15621.400390625,15711.4501953125,0
2024-07-03,15795.5,15879.650390625,15749.400390625,15862.2998046875,0
2024-07-04,15921.400390625,16001.0498046875,15881.0,15976.0498046875,11100
2024-07-05,15987.849609375,16118.650390625,15959.7001953125,16097.349609375,18400
2024-07-08,16145.900390625,16146.5,15924.349609375,15988.9501953125,15000
2024-07-09,16039.400390625,16080.2998046875,15948.650390625,16027.4501953125,10400
2024-07-10,16078.849609375,16079.349609375,15624.400390625,15947.75,10000
2024-07-11,16026.5,16033.900390625,15917.0,15966.150390625,13000
2024-07-12,16037.650390625,16038.7998046875,15934.75,15954.900390625,11000
2024-07-15,16025.150390625,16101.650390625,15904.099609375,16088.4501953125,11700
2024-07-16,16164.75,16177.4501953125,16068.25,16104.599609375,14200
2024-07-18,16091.599609375,16092.900390625,15875.5498046875,16002.75,11800
2024-07-19,16001.0,16001.0,15570.5,15596.400390625,8200
2024-07-22,15571.900390625,15923.5498046875,15477.7998046875,15867.099609375,11800
2024-07-23,15959.7001953125,15977.0498046875,15274.0,15843.5498046875,19600
2024-07-24,15849.9501953125,16012.5498046875,15822.349609375,15981.150390625,10300
2024-07-25,15832.2998046875,15973.25,15799.7001953125,15938.849609375,12300
2024-07-26,15994.75,16305.650390625,15983.349609375,16296.2998046875,12300
2024-07-29,16419.849609375,16500.099609375,16371.7001953125,16455.900390625,11900
2024-07-30,16465.5,16585.400390625,16430.75,16546.55078125,8900
2024-07-31,16643.44921875,16693.849609375,16579.44921875,16661.650390625,14200
2024-08-01,16735.650390625,16743.599609375,16402.150390625,16505.94921875,9700
2024-08-02,16336.900390625,16419.150390625,16227.400390625,16269.150390625,10200
2024-08-05,15844.2001953125,15968.7998046875,15615.2998046875,15735.9501953125,15300
2024-08-06,15852.5498046875,16066.400390625,15612.849609375,15654.650390625,8000
2024-08-07,15940.099609375,16096.2001953125,15839.9501953125,16077.7001953125,7000
2024-08-08,16098.75,16179.400390625,16008.0498046875,16052.599609375,8700
2024-08-09,16220.0498046875,16294.7998046875,16148.0,16176.5498046875,7300
2024-08-12,16134.7001953125,16230.7001953125,16013.900390625,16196.75,8600
2024-08-13,16265.400390625,16295.2998046875,16031.900390625,16055.349609375,10800
2024-08-14,16105.0498046875,16115.150390625,15880.400390625,15922.9501953125,8100
2024-08-16,16059.9501953125,16258.099609375,16002.0,16246.25,7100
2024-08-19,16341.4501953125,16369.099609375,16201.7001953125,16260.0498046875,6800
2024-08-20,16349.7001953125,16408.30078125,16293.4501953125,16394.94921875,6200
2024-08-21,16408.80078125,16456.099609375,16358.2001953125,16444.349609375,5400
2024-08-22,16518.599609375,16605.19921875,16492.849609375,16575.349609375,6100
2024-08-23,16598.349609375,16612.05078125,16451.150390625,16463.099609375,7600
2024-08-26,16549.650390625,16599.30078125,16508.19921875,16558.0,5600
2024-08-27,16603.599609375,16629.55078125,16546.099609375,16581.0,6600
2024-08-28,16622.150390625,16655.55078125,16516.5,16586.19921875,7300
2024-08-29,16591.900390625,16598.0,16402.349609375,16514.69921875,11300
2024-08-30,16592.75,16678.0,16560.650390625,16618.80078125,47200
2024-09-02,16690.599609375,16690.599609375,16548.25,16588.75,11400
2024-09-03,16619.099609375,16708.150390625,16607.650390625,16651.599609375,5400
2024-09-04,16524.400390625,16646.0,16497.25,16627.94921875,5800
2024-09-05,16721.400390625,16747.900390625,16658.900390625,16705.150390625,7100
2024-09-06,16703.19921875,16711.25,16384.19921875,16413.94921875,22500
2024-09-09,16392.599609375,16396.69921875,16240.2001953125,16328.900390625,10300
2024-09-10,16458.80078125,16617.25,16444.599609375,16562.849609375,8200
2024-09-11,16634.80078125,16713.099609375,16506.099609375,16545.849609375,8900
2024-09-12,16713.0,16779.69921875,16625.69921875,16760.150390625,8500
2024-09-13,16818.900390625,16926.099609375,16789.19921875,16878.0,5800
2024-09-16,16952.5,16979.650390625,16861.69921875,16889.94921875,6000
2024-09-17,16913.0,16925.94921875,16804.400390625,16881.0,4600
2024-09-18,16884.19921875,16887.150390625,16582.0,16687.75,6000
2024-09-19,16780.099609375,16851.099609375,16294.2998046875,16584.55078125,29700
2024-09-20,16669.650390625,16813.0,16564.94921875,16767.44921875,20400
2024-09-23,16850.75,16932.69921875,16801.69921875,16921.30078125,20400
2024-09-24,16974.599609375,17018.849609375,16946.599609375,16990.349609375,8900
2024-09-25,17000.80078125,17005.55078125,16849.80078125,16913.0,6600
2024-09-26,16954.19921875,16965.349609375,16815.19921875,16947.30078125,12800
2024-09-27,16975.44921875,17066.75,16956.44921875,16987.900390625,15100
2024-09-30,16928.30078125,16992.349609375,16844.900390625,16883.349609375,8700
2024-10-01,16920.400390625,16972.849609375,16827.400390625,16952.05078125,6200
2024-10-03,16715.25,16862.55078125,16522.5,16563.69921875,8400
2024-10-04,16539.0,16623.44921875,16267.5,16387.599609375,8700
2024-10-07,16455.94921875,16509.05078125,15983.75,16133.150390625,11800
2024-10-08,16065.0498046875,16440.69921875,16020.0498046875,16408.349609375,8900
2024-10-09,16503.19921875,16663.55078125,16494.0,16549.19921875,8100
2024-10-10,16635.400390625,16654.05078125,16438.0,16482.349609375,5300
2024-10-11,16500.19921875,16530.44921875,16414.94921875,16520.900390625,4800
2024-10-14,16553.900390625,16639.19921875,16482.94921875,16617.44921875,5200
2024-10-15,16668.650390625,16679.05078125,16556.650390625,16658.94921875,5200
2024-10-16,16661.94921875,16737.599609375,16595.69921875,16659.05078125,5500
2024-10-17,16682.80078125,16685.849609375,16382.9501953125,16399.19921875,5500
2024-10-18,16342.650390625,16490.349609375,16181.25,16460.599609375,5000
2024-10-21,16495.75,16549.349609375,16113.099609375,16135.2001953125,7400
2024-10-22,16153.5,16191.25,15709.349609375,15739.5,7900
2024-10-23,15709.900390625,15934.0,15582.650390625,15763.0,8500
2024-10-24,15759.650390625,15803.650390625,15623.5498046875,15656.5,6300
2024-10-25,15704.400390625,15709.7998046875,15245.4501953125,15419.599609375,10000
2024-10-28,15437.25,15611.2998046875,15374.099609375,15544.650390625,13500
2024-10-29,15626.0498046875,15694.4501953125,15394.7001953125,15677.4501953125,8800
2024-10-30,15651.5,15778.349609375,15578.25,15647.5,13000
2024-10-31,15658.650390625,15675.900390625,15462.2998046875,15539.599609375,10300
2024-11-01,15643.2001953125,15685.0,15632.2001953125,15649.2998046875,3200
2024-11-04,15677.75,15678.7998046875,15425.2001953125,15507.2001953125,9500
2024-11-05,15481.4501953125,15610.099609375,15326.7001953125,15591.75,8200
2024-11-06,15680.400390625,15985.5498046875,15656.900390625,15958.400390625,6600
2024-11-07,16041.849609375,16053.900390625,15834.7001953125,15856.599609375,6500
2024-11-08,15903.349609375,15907.9501953125,15609.9501953125,15656.900390625,6600
2024-11-11,15626.7001953125,15645.099609375,15483.4501953125,15529.2001953125,7000
2024-11-12,15582.099609375,15658.599609375,15303.7001953125,15341.400390625,5400
2024-11-13,15276.75,15314.650390625,14913.75,14966.5,8800
2024-11-14,14991.349609375,15150.7998046875,14986.5498046875,15048.099609375,6800
2024-11-18,15137.650390625,15164.400390625,15000.5498046875,15079.150390625,7700
2024-11-19,15139.7998046875,15345.2001953125,15124.599609375,15185.0,6500
2024-11-21,15193.650390625,15240.7998046875,15028.650390625,15167.5498046875,10700
2024-11-22,15180.2001953125,15380.0498046875,15157.599609375,15353.7001953125,9200
2024-11-25,15610.099609375,15666.7998046875,15579.4501953125,15604.0498046875,14000
2024-11-26,15673.9501953125,15750.9501953125,15622.099609375,15635.349609375,21000
2024-11-27,15684.9501953125,15744.099609375,15571.4501953125,15730.400390625,14100
2024-11-28,15761.400390625,15815.599609375,15628.849609375,15661.849609375,13400
2024-11-29,15670.400390625,15746.2998046875,15632.650390625,15697.75,8200
2024-12-02,15707.349609375,15945.2998046875,15652.0,15923.5498046875,5800
2024-12-03,16029.2001953125,16064.900390625,15970.5498046875,16055.7001953125,6600
2024-12-04,16109.5,16232.349609375,16086.0498046875,16217.0498046875,7800
2024-12-05,16325.2001953125,16325.2001953125,16148.150390625,16270.9501953125,12100
2024-12-06,16302.25,16344.5,16232.9501953125,16322.25,7200
2024-12-09,16296.2001953125,16425.599609375,16292.5498046875,16409.5,6000
2024-12-10,16421.19921875,16493.94921875,16371.5,16483.650390625,6300
2024-12-11,16480.150390625,16555.69921875,16460.099609375,16536.94921875,4500
2024-12-12,16540.05078125,16570.400390625,16433.05078125,16463.849609375,6400
2024-12-13,16425.05078125,16464.599609375,16193.900390625,16456.25,7900
2024-12-16,16505.44921875,16585.099609375,16489.75,16572.900390625,4000
2024-12-17,16574.099609375,16623.599609375,16461.44921875,16490.05078125,7200
2024-12-18,16481.94921875,16499.099609375,16317.7001953125,16381.349609375,6800
2024-12-19,16120.2001953125,16336.75,16085.25,16322.75,5300
2024-12-20,16372.349609375,16393.150390625,15854.349609375,15881.099609375,7000
2024-12-23,15962.2001953125,16069.25,15848.25,15955.25,5100
2024-12-24,15976.2998046875,16014.7998046875,15862.75,15926.7998046875,4700
2024-12-26,15957.5,15995.0498046875,15815.7001953125,15962.9501953125,500
2024-12-27,16002.0,16025.0498046875,15911.400390625,15919.400390625,3500
2024-12-30,15915.2001953125,16065.5,15817.849609375,16030.349609375,11000
2024-12-31,15933.099609375,16042.0,15788.4501953125,15974.099609375,6700
2025-01-02,16090.25,16264.599609375,16033.2998046875,16241.9501953125,6900
2025-01-03,16265.25,16299.2998046875,16155.4501953125,16181.599609375,7300
2025-01-06,16227.900390625,16230.7998046875,15698.5498046875,15748.2998046875,7800
2025-01-07,15780.9501953125,15959.650390625,15778.7001953125,15868.0498046875,6300
2025-01-08,15905.75,15909.5,15506.599609375,15692.2001953125,5800
2025-01-09,15720.349609375,15776.900390625,15552.150390625,15574.75,5700
2025-01-10,15549.900390625,15577.9501953125,15247.650390625,15266.4501953125,6300
2025-01-13,15076.9501953125,15111.2998046875,14618.2998046875,14650.099609375,10200
2025-01-14,14705.150390625,15019.7001953125,14703.5,14970.099609375,8800
2025-01-15,15037.400390625,15169.150390625,14914.7001953125,15038.400390625,16900
2025-01-16,15189.849609375,15243.599609375,15111.7001953125,15131.5,7900
2025-01-17,15147.7998046875,15192.900390625,15034.2998046875,15139.650390625,7200
2025-01-20,15242.2001953125,15344.25,15059.900390625,15298.4501953125,20500
2025-01-21,15324.2998046875,15328.4501953125,14944.400390625,14963.0,8500
2025-01-22,14992.5,15019.0,14570.599609375,14774.75,6700
2025-01-23,14795.5498046875,15059.25,14759.5,15008.2001953125,6100
2025-01-24,15030.5498046875,15065.7001953125,14771.5498046875,14827.0,5700
2025-01-27,14682.0498046875,14686.7998046875,14392.150390625,14427.0498046875,8500
2025-01-28,14445.0498046875,14501.75,14183.400390625,14341.400390625,7800
2025-01-29,14368.75,14684.9501953125,14366.75,14671.25,5000
2025-01-30,14738.25,14796.2998046875,14635.4501953125,14674.0498046875,5700
2025-01-31,14713.75,14982.0,14657.0,14948.099609375,7000
2025-02-03,14835.650390625,14864.25,14653.099609375,14828.5,7300
2025-02-04,14929.25,15102.599609375,14922.7998046875,15070.0,6600
2025-02-05,15126.900390625,15258.650390625,15111.25,15155.9501953125,6000
2025-02-06,15223.650390625,15238.150390625,14927.400390625,14961.900390625,4400
2025-02-07,14984.650390625,15098.599609375,14840.4501953125,15010.099609375,8700
2025-02-10,15012.7998046875,15027.0498046875,14630.599609375,14671.2001953125,4700
2025-02-11,14681.599609375,14689.900390625,14139.7001953125,14253.599609375,5000
2025-02-12,14228.2001953125,14297.0498046875,13833.4501953125,14218.5,9400
2025-02-13,14246.2998046875,14438.9501953125,14212.900390625,14257.0498046875,9800
2025-02-14,14303.650390625,14328.7998046875,13770.650390625,13927.349609375,7700
2025-02-17,13832.0498046875,14022.5498046875,13613.900390625,13996.849609375,7200
2025-02-18,14013.75,14037.849609375,13828.2001953125,13996.75,5800
2025-02-19,13911.400390625,14208.099609375,13834.0,14162.75,5700
2025-02-20,14132.5,14337.75,14074.849609375,14323.0498046875,4000
2025-02-21,14315.349609375,14410.650390625,14088.650390625,14142.5,5500
2025-02-24,14017.0,14053.400390625,13895.9501953125,14022.0498046875,4900
2025-02-25,13997.849609375,14099.599609375,13910.5498046875,13942.2001953125,3900
2025-02-27,13954.349609375,13978.7001953125,13763.650390625,13824.4501953125,6400
2025-02-28,13726.0498046875,13732.5498046875,13428.75,13540.150390625,9600
2025-03-03,13553.0498046875,13635.599609375,13274.400390625,13602.849609375,8300
2025-03-04,13445.400390625,13669.599609375,13337.75,13594.5498046875,7200
2025-03-05,13546.599609375,13948.5,13546.599609375,13936.7001953125,7400
2025-03-06,14067.9501953125,14106.25,13960.400390625,13983.2001953125,5800
2025-03-07,13975.4501953125,14066.849609375,13891.0,13922.099609375,6200
2025-03-10,13939.0498046875,14027.7998046875,13661.0,13708.400390625,7400
2025-03-11,13590.400390625,13867.650390625,13544.2001953125,13835.75,6400
2025-03-12,13873.2001953125,13910.7001953125,13567.349609375,13743.650390625,8500
2025-03-13,13798.25,13809.2001953125,13604.7998046875,13632.849609375,6500
2025-03-17,13646.0498046875,13797.650390625,13640.75,13752.349609375,5800
2025-03-18,13827.4501953125,14059.900390625,13794.150390625,14041.2998046875,5700
2025-03-19,14109.900390625,14412.25,14087.7001953125,14389.75,10700
2025-03-20,14483.400390625,14501.2998046875,14333.150390625,14479.75,7700
2025-03-21,14474.2998046875,14652.2998046875,14428.75,14630.150390625,11500
2025-03-24,14745.25,14897.7001953125,14691.7001953125,14829.7998046875,8300
2025-03-25,14921.849609375,14929.4501953125,14594.2001953125,14659.2001953125,8000
2025-03-26,14670.0498046875,14774.2998046875,14546.0498046875,14567.0498046875,9000
2025-03-27,14493.5,14628.349609375,14462.7001953125,14591.7001953125,15600
2025-03-28,14669.7998046875,14770.75,14490.4501953125,14561.599609375,11600
2025-04-01,14556.75,14683.4501953125,14393.5,14421.7001953125,26400
2025-04-02,14466.650390625,14672.5,14353.849609375,14665.9501953125,12000
2025-04-03,14535.599609375,14702.25,14503.650390625,14659.900390625,9200
2025-04-04,14634.099609375,14637.849609375,14169.7001953125,14238.75,8900
2025-04-07,13269.650390625,13821.2001953125,13269.650390625,13756.599609375,11600
2025-04-08,14058.0498046875,14162.349609375,13879.0,14064.25,9200
2025-04-09,14028.7998046875,14080.9501953125,13825.349609375,14031.599609375,8000
2025-04-11,14262.849609375,14312.2998046875,14140.2998046875,14267.900390625,8700
2025-04-15,14520.0,14688.099609375,14420.150390625,14660.900390625,7800
2025-04-16,14694.25,14745.150390625,14622.2001953125,14736.900390625,6800
2025-04-17,14710.900390625,14840.75,14644.25,14829.25,8400
2025-04-21,14910.75,15206.4501953125,14865.9501953125,15191.900390625,1500
2025-04-22,15242.4501953125,15423.2001953125,15171.75,15352.2001953125,8400
2025-04-23,15466.0498046875,15551.75,15272.9501953125,15540.150390625,8600
2025-04-24,15552.599609375,15585.75,15488.75,15513.7998046875,7500
2025-04-25,15553.650390625,15592.7998046875,15015.5,15137.5,22500
2025-04-28,15127.75,15414.349609375,15123.9501953125,15404.9501953125,6300
2025-04-29,15444.900390625,15559.2998046875,15409.7001953125,15442.2998046875,7100
2025-04-30,15458.2001953125,15521.400390625,15247.7998046875,15314.099609375,6400
2025-05-02,15269.849609375,15441.0,15133.7001953125,15176.349609375,6100
2025-05-05,15251.25,15463.75,15246.25,15448.900390625,5300
2025-05-06,15487.900390625,15506.5498046875,15096.7998046875,15120.7001953125,10300
2025-05-07,14945.5,15418.75,14942.0,15407.400390625,7700
2025-05-08,15458.099609375,15494.900390625,15016.349609375,15098.849609375,7900
2025-05-09,14785.0498046875,15128.2998046875,14783.900390625,15097.5498046875,13500
2025-05-12,15516.5498046875,15732.75,15476.5,15723.150390625,11500
2025-05-13,15746.0,15822.2001953125,15677.400390625,15729.2001953125,8400
2025-05-14,15756.2998046875,15871.099609375,15698.099609375,15848.599609375,7900
2025-05-15,15902.75,15953.9501953125,15816.0,15931.849609375,11700
2025-05-16,15995.25,16084.7001953125,15933.75,16043.650390625,10900
2025-05-19,16081.2998046875,16146.0498046875,15974.099609375,16044.099609375,20300
2025-05-20,16123.4501953125,16131.25,15771.599609375,15797.599609375,11700
2025-05-21,15823.75,15939.5,15739.150390625,15888.0,8200
2025-05-22,15851.25,15851.4501953125,15671.150390625,15759.25,6700
2025-05-23,15791.5498046875,15902.9501953125,15737.4501953125,15882.0,5100
2025-05-26,15940.849609375,16006.900390625,15929.5498046875,15970.4501953125,8300
2025-05-27,15980.900390625,16009.7001953125,15875.7001953125,15973.5498046875,6600
2025-05-28,16011.75,16051.400390625,15910.2998046875,15929.7998046875,8900
2025-05-29,16009.400390625,16071.0498046875,15923.099609375,16041.4501953125,6300
2025-05-30,16058.7998046875,16096.75,15949.900390625,15998.900390625,11600
2025-06-02,15980.2001953125,16128.9501953125,15922.650390625,16114.349609375,12100
2025-06-03,16187.25,16187.349609375,16034.2001953125,16052.5498046875,23000
2025-06-04,16090.900390625,16209.4501953125,15995.849609375,16195.400390625,9200
2025-06-05,16259.0,16341.75,16217.0,16296.650390625,6100
2025-06-06,16348.2001953125,16582.5,16307.900390625,16569.599609375,8000
2025-06-09,16675.69921875,16767.55078125,16647.5,16755.25,9300
2025-06-10,16820.849609375,16836.900390625,16726.900390625,16749.150390625,5500
2025-06-11,16789.650390625,16810.19921875,16618.25,16683.30078125,8200
2025-06-12,16685.900390625,16689.19921875,16404.150390625,16438.05078125,6700
2025-06-13,16119.5498046875,16417.900390625,16119.5498046875,16391.900390625,7600
2025-06-16,16385.25,16558.650390625,16238.099609375,16545.69921875,7800
2025-06-17,16577.94921875,16619.400390625,16421.5,16447.400390625,5100
2025-06-18,16395.80078125,16506.25,16328.2998046875,16367.849609375,5100
2025-06-19,16391.55078125,16397.75,16071.5498046875,16102.0,9000
2025-06-20,16100.599609375,16391.25,16096.9501953125,16357.25,9000
2025-06-23,16245.0,16465.150390625,16215.349609375,16420.80078125,5400
2025-06-24,16609.849609375,16649.25,16523.05078125,16557.5,13400
2025-06-25,16623.75,16650.349609375,16577.650390625,16634.25,13000
2025-06-26,16679.900390625,16753.44921875,16590.75,16745.05078125,12100
2025-06-27,16798.400390625,16877.55078125,16746.75,16760.94921875,11800
2025-06-30,16844.80078125,16863.400390625,16768.599609375,16846.19921875,8000
2025-07-01,16881.0,16894.900390625,16754.44921875,16851.55078125,10400
2025-07-02,16841.25,16883.849609375,16739.69921875,16840.19921875,9700
2025-07-03,16884.75,16941.099609375,16838.650390625,16860.80078125,9600
2025-07-04,16896.94921875,16910.650390625,16741.25,16841.150390625,6100
2025-07-07,16851.05078125,16878.69921875,16778.099609375,16811.150390625,5000
2025-07-08,16820.150390625,16847.80078125,16644.0,16776.099609375,6600
2025-07-09,16801.25,16824.80078125,16721.75,16753.150390625,5400
2025-07-10,16776.05078125,16791.05078125,16622.900390625,16675.650390625,4700
2025-07-11,16661.44921875,16675.30078125,16445.150390625,16482.900390625,5300
2025-07-14,16528.349609375,16639.80078125,16452.0,16620.30078125,11800
2025-07-15,16652.900390625,16800.0,16616.94921875,16783.80078125,6500
2025-07-16,16808.5,16828.05078125,16745.75,16776.25,8600
2025-07-17,16825.94921875,16830.19921875,16730.69921875,16747.44921875,5200
2025-07-18,16764.599609375,16776.25,16592.19921875,16645.400390625,5200
2025-07-21,16641.650390625,16774.94921875,16574.75,16752.599609375,4900
2025-07-22,16808.80078125,16814.150390625,16604.650390625,16621.150390625,5100
2025-07-23,16648.849609375,16702.5,16544.75,16694.150390625,4800
2025-07-24,16685.05078125,16686.900390625,16529.849609375,16566.849609375,4700
2025-07-25,16519.0,16567.94921875,16299.7001953125,16334.5498046875,5200
2025-07-28,16300.5,16492.650390625,16203.2001953125,16254.4501953125,6200
2025-07-29,16227.5498046875,16406.5,16216.599609375,16386.150390625,4800
2025-07-30,16405.25,16409.150390625,16295.25,16367.75,4700
2025-07-31,16170.2998046875,16315.25,16101.9501953125,16212.4501953125,6100
2025-08-01,16210.849609375,16222.2001953125,15937.7998046875,15963.150390625,6900
2025-08-04,15958.599609375,16187.650390625,15918.25,16177.75,6600
2025-08-05,16180.349609375,16186.75,16020.7998046875,16084.5,6800
2025-08-06,16126.9501953125,16126.9501953125,15868.5498046875,15955.650390625,4300
2025-08-07,15866.2998046875,16063.2001953125,15768.7998046875,16034.0498046875,5100
2025-08-08,16085.900390625,16086.349609375,15763.5498046875,15785.599609375,5600
2025-08-11,15775.099609375,15945.25,15717.0498046875,15922.25,4500
2025-08-12,15933.849609375,15962.650390625,15844.150390625,15856.0498046875,4500
2025-08-13,15929.650390625,16033.0498046875,15926.599609375,15996.599609375,6700
2025-08-14,16038.7001953125,16061.7001953125,15885.400390625,15926.150390625,7700
2025-08-18,16092.75,16215.650390625,16076.75,16136.9501953125,9400
2025-08-19,16177.4501953125,16314.150390625,16091.900390625,16299.349609375,5500
2025-08-20,16299.400390625,16419.849609375,16253.900390625,16392.349609375,7400
2025-08-21,16441.099609375,16456.44921875,16308.650390625,16316.599609375,5200
2025-08-22,16341.5,16372.150390625,16285.75,16306.849609375,18100
2025-08-25,16364.349609375,16406.44921875,16322.9501953125,16332.7001953125,15200
2025-08-26,16269.349609375,16289.650390625,15994.849609375,16020.400390625,17000
2025-08-28,16034.0498046875,16034.150390625,15805.4501953125,15817.349609375,8500
2025-08-29,15800.7001953125,15908.25,15696.5,15714.75,10600
2025-09-01,15762.349609375,16042.2998046875,15757.650390625,16033.5498046875,6400
2025-09-02,16080.5,16144.5498046875,15972.5498046875,16068.900390625,5500
2025-09-03,16087.349609375,16172.2001953125,16039.599609375,16156.2001953125,8700
2025-09-04,16334.400390625,16334.400390625,16047.5498046875,16069.099609375,10700
2025-09-05,16125.7998046875,16198.599609375,15987.650390625,16091.900390625,19500
2025-09-08,16149.599609375,16244.0,16101.5498046875,16163.349609375,10000
2025-09-09,16198.25,16227.650390625,16132.0,16208.0498046875,10300
2025-09-10,16305.0498046875,16395.44921875,16293.349609375,16361.7001953125,11100
2025-09-11,16390.099609375,16425.349609375,16337.099609375,16377.0,9000
2025-09-12,16443.650390625,16470.349609375,16408.19921875,16430.05078125,14200
2025-09-15,16464.099609375,16526.150390625,16434.19921875,16507.05078125,21500
2025-09-16,16533.349609375,16614.5,16489.599609375,16600.44921875,10500
2025-09-17,16645.349609375,16673.150390625,16559.349609375,16597.900390625,8000
2025-09-18,16654.849609375,16672.69921875,16556.55078125,16658.900390625,8000
2025-09-19,16667.94921875,16697.849609375,16622.099609375,16633.900390625,30300
2025-09-22,16590.150390625,16645.75,16470.900390625,16511.44921875,11300
2025-09-23,16534.94921875,16552.75,16427.650390625,16489.849609375,15500
2025-09-24,16476.099609375,16499.349609375,16299.75,16313.75,9200
2025-09-25,16323.75,16370.650390625,16179.0498046875,16205.349609375,10000
2025-09-26,16175.5,16198.349609375,15889.400390625,15902.2998046875,18300
2025-09-29,15958.2001953125,16051.150390625,15899.0498046875,15948.599609375,10300
2025-09-30,15995.900390625,16021.150390625,15850.9501953125,15945.400390625,8300
2025-10-01,15961.599609375,16098.2001953125,15914.5,16084.0498046875,10000
2025-10-03,16105.849609375,16215.9501953125,16062.25,16199.849609375,9800
2025-10-06,16210.2998046875,16407.099609375,16209.900390625,16402.69921875,15400
2025-10-07,16429.25,16494.5,16391.400390625,16474.0,17300
2025-10-08,16468.0,16518.150390625,16332.650390625,16352.900390625,13000
2025-10-09,16390.400390625,16536.099609375,16365.2001953125,16522.400390625,3400
2025-10-10,16542.55078125,16655.25,16510.0,16615.150390625,7500
2025-10-13,16570.349609375,16669.25,16524.650390625,16653.900390625,4300
2025-10-14,16707.30078125,16721.900390625,16477.400390625,16500.25,3400
2025-10-15,16555.150390625,16706.5,16545.05078125,16678.150390625,2800
2025-10-16,16727.650390625,16795.599609375,16674.55078125,16766.599609375,2600
2025-10-17,16770.599609375,16790.30078125,16623.150390625,16668.75,5300
2025-10-20,16747.19921875,16858.69921875,16743.25,16812.599609375,4700
2025-10-21,16879.599609375,16892.0,16786.0,16814.25,800
2025-10-23,16893.94921875,16946.44921875,16770.19921875,16799.0,4600
2025-10-24,16824.94921875,16878.30078125,16687.349609375,16736.80078125,3000
2025-10-27,16807.30078125,16921.30078125,16781.05078125,16913.25,2800
2025-10-28,16923.19921875,16946.44921875,16858.69921875,16931.25,4200
2025-10-29,16944.599609375,17057.80078125,16897.25,17034.44921875,4000
2025-10-30,17092.30078125,17093.5,16962.55078125,17052.25,4100
2025-10-31,17073.5,17119.25,16992.099609375,17006.30078125,5600
2025-11-03,17012.30078125,17173.69921875,16989.30078125,17135.650390625,400
2025-11-04,17137.349609375,17145.69921875,17030.0,17048.80078125,6300
2025-11-06,17069.150390625,17082.849609375,16908.5,16931.349609375,4000
2025-11-07,16887.69921875,17053.94921875,16741.05078125,17030.900390625,3900
2025-11-10,17051.80078125,17152.150390625,17019.349609375,17097.44921875,2700
2025-11-11,17137.150390625,17208.349609375,17011.19921875,17196.599609375,2800
2025-11-12,17289.599609375,17385.900390625,17276.69921875,17339.650390625,3400
2025-11-13,17362.44921875,17415.94921875,17256.400390625,17281.30078125,3100
2025-11-14,17293.69921875,17366.80078125,17220.349609375,17299.69921875,2700
2025-11-17,17374.25,17454.69921875,17347.0,17444.5,3400
2025-11-18,17445.19921875,17446.900390625,17327.150390625,17337.650390625,3700
2025-11-19,17349.650390625,17408.599609375,17283.19921875,17376.80078125,2600
2025-11-20,17448.599609375,17454.599609375,17354.400390625,17376.349609375,2500
2025-11-21,17364.55078125,17367.69921875,17183.0,17204.349609375,2700
2025-11-24,17226.55078125,17253.099609375,17065.349609375,17092.55078125,5900
2025-11-25,17112.05078125,17205.94921875,17081.099609375,17188.94921875,3100
2025-11-26,17237.44921875,17434.55078125,17196.150390625,17424.099609375,2700
2025-11-27,17469.25,17483.75,17374.849609375,17451.69921875,3000
2025-11-28,17476.900390625,17482.25,17402.75,17423.05078125,2700
2025-12-01,17485.599609375,17498.55078125,17369.44921875,17422.69921875,2900
2025-12-02,17430.5,17488.900390625,17339.0,17382.099609375,4200
2025-12-03,17396.05078125,17403.599609375,17176.650390625,17215.349609375,3100
2025-12-04,17240.80078125,17330.19921875,17224.650390625,17252.349609375,3300
2025-12-05,17253.80078125,17400.55078125,17210.25,17383.0,2800
2025-12-08,17385.75,17416.80078125,17010.650390625,17085.650390625,3200
2025-12-09,17040.75,17147.5,16813.80078125,17110.25,3000
2025-12-10,17147.400390625,17201.19921875,16891.80078125,16918.75,2300
2025-12-11,16916.19921875,17110.5,16883.19921875,17089.75,2000
2025-12-12,17140.69921875,17291.400390625,17125.05078125,17276.19921875,3300
2025-12-15,17249.5,17274.400390625,17136.30078125,17262.69921875,2600
2025-12-16,17251.80078125,17253.099609375,17071.75,17114.5,2300
2025-12-17,17109.5,17160.80078125,16964.69921875,17006.849609375,1900
2025-12-18,17021.55078125,17113.94921875,16895.94921875,17091.849609375,1900
2025-12-19,17116.19921875,17278.400390625,17087.19921875,17265.849609375,3400
2025-12-22,17313.80078125,17422.25,17275.94921875,17397.900390625,2200
2025-12-23,17413.099609375,17421.69921875,17321.30078125,17389.30078125,2400
2025-12-24,17402.599609375,17436.05078125,17235.599609375,17248.19921875,2100
2025-12-26,17245.19921875,17327.5,17164.650390625,17183.30078125,2000
2025-12-29,17198.05078125,17230.05078125,17074.75,17096.900390625,2400
2025-12-30,17092.05078125,17112.30078125,17018.69921875,17059.0,7300
2025-12-31,17104.0,17303.19921875,17102.75,17254.05078125,2700
2026-01-02,17390.150390625,17514.0,17350.80078125,17505.69921875,3700
2026-01-05,17554.69921875,17555.94921875,17395.05078125,17482.30078125,3600
2026-01-06,17499.5,17519.349609375,17392.94921875,17471.349609375,2900
2026-01-07,17480.25,17572.44921875,17443.55078125,17534.349609375,4300
2026-01-08,17530.650390625,17536.150390625,17199.30078125,17215.44921875,4600
2026-01-09,17209.599609375,17311.0,17031.80078125,17096.5,4900
2026-01-12,17100.55078125,17134.94921875,16842.0,17085.400390625,3700
2026-01-13,17147.849609375,17193.099609375,16886.849609375,17034.0,2900
2026-01-14,17001.849609375,17108.80078125,16959.5,17054.25,3000
2026-01-16,17078.650390625,17259.150390625,17078.650390625,17146.19921875,5700
2026-01-19,17118.349609375,17163.0,17032.44921875,17103.0,4100
2026-01-20,17097.25,17097.30078125,16582.599609375,16635.80078125,4000
2026-01-21,16579.900390625,16679.75,16228.75,16453.55078125,4200
2026-01-22,16596.400390625,16788.44921875,16540.900390625,16672.0,3300
2026-01-23,16740.900390625,16742.400390625,16320.5,16348.150390625,3700
2026-01-27,16401.349609375,16480.650390625,16208.7001953125,16431.349609375,4400
2026-01-28,16495.849609375,16722.849609375,16481.55078125,16703.05078125,3500
2026-01-29,16731.099609375,16749.75,16578.19921875,16736.25,5600
2026-01-30,16642.94921875,16751.5,16542.80078125,16693.25,3900
2026-02-02,16357.349609375,16585.849609375,16185.0498046875,16549.30078125,3200
2026-02-03,17221.150390625,17368.849609375,16944.19921875,17013.19921875,4200
2026-02-04,16988.099609375,17149.150390625,16848.0,17123.400390625,4100
2026-02-05,17120.05078125,17120.5,16946.05078125,17084.94921875,400
2026-02-06,17029.099609375,17043.5,16838.05078125,17023.30078125,2600
2026-02-09,17128.650390625,17266.19921875,17084.05078125,17249.150390625,2800
2026-02-10,17344.099609375,17346.44921875,17249.900390625,17303.94921875,3000
2026-02-11,17325.19921875,17349.55078125,17250.349609375,17330.05078125,4200
2026-02-12,17323.30078125,17325.44921875,17184.69921875,17251.5,3600
2026-02-13,17095.900390625,17104.349609375,16880.44921875,16960.44921875,3200
2026-02-16,16867.900390625,17040.849609375,16793.25,17025.69921875,2800
2026-02-17,17021.94921875,17078.19921875,16969.599609375,17048.94921875,241500
2026-02-18,17081.099609375,17133.400390625,17026.0,17123.44921875,207500
2026-02-19,17146.94921875,17159.44921875,16796.099609375,16844.25,246200
2026-02-20,16811.349609375,16964.5,16783.849609375,16912.349609375,268500
2026-02-23,16912.650390625,16925.0,16710.05078125,16772.400390625,870700
2026-02-24,16720.80078125,16758.0,16548.94921875,16718.75,621700
2026-02-25,16787.94921875,16871.349609375,16717.44921875,16828.69921875,371800
2026-02-26,16865.44921875,16965.400390625,16839.099609375,16945.05078125,560000
2026-02-27,16944.0,16963.19921875,16737.19921875,16765.599609375,486300
2026-03-02,16201.900390625,16705.650390625,16197.7998046875,16520.349609375,496200
2026-03-04,16290.900390625,16310.150390625,16084.5,16198.9501953125,423000
2026-03-05,16332.349609375,16490.25,16234.849609375,16441.55078125,355500
2026-03-06,16413.30078125,16529.05078125,16283.5498046875,16300.849609375,307800
2026-03-09,15991.25,16038.2001953125,15732.650390625,16005.4501953125,427600
2026-03-10,16217.599609375,16308.599609375,16096.849609375,16262.25,360400
2026-03-11,16297.0498046875,16359.0498046875,15961.150390625,15991.650390625,298500
2026-03-12,15896.400390625,16047.2998046875,15684.400390625,15922.2001953125,429200
2026-03-13,15837.2998046875,15870.4501953125,15472.4501953125,15523.7001953125,384800
2026-03-16,15487.2001953125,15610.900390625,15259.7998046875,15497.0,423600
2026-03-17,15570.75,15692.2998046875,15444.75,15656.75,340000
2026-03-18,15686.9501953125,16042.2998046875,15685.5498046875,15983.4501953125,294300
2026-03-19,15709.349609375,15730.75,15385.7001953125,15458.0,328900
2026-03-20,15572.400390625,15759.0498046875,15549.150390625,15572.599609375,458000
2026-03-23,15405.4501953125,15405.4501953125,14956.150390625,15000.5,430600
2026-03-24,15322.849609375,15477.349609375,15079.5498046875,15411.75,336500
2026-03-25,15556.5498046875,15827.599609375,15543.4501953125,15731.4501953125,353300
2026-03-27,15628.900390625,15638.900390625,15367.4501953125,15396.099609375,566300
2026-03-30,15194.099609375,15228.900390625,14954.900390625,14983.349609375,637500
2026-04-01,15374.0498046875,15500.0,15235.349609375,15295.4501953125,460700
2026-04-02,15113.25,15305.2001953125,14804.5498046875,15270.5,366400
2026-04-06,15294.7998046875,15525.099609375,15096.650390625,15507.2001953125,432500
2026-04-07,15424.849609375,15595.349609375,15252.4501953125,15573.7998046875,273800
2026-04-08,16099.150390625,16237.2998046875,16023.2998046875,16210.349609375,574800
2026-04-09,16216.349609375,16336.599609375,16056.599609375,16246.349609375,420000
2026-04-10,16333.5,16465.5,16263.7998046875,16452.400390625,372900
2026-04-13,16128.650390625,16393.150390625,16020.900390625,16326.2998046875,428300
2026-04-15,16598.400390625,16724.349609375,16563.5,16699.400390625,507800
2026-04-16,16832.80078125,16887.349609375,16659.55078125,16804.80078125,568500
2026-04-17,16840.150390625,17035.30078125,16769.349609375,17014.599609375,727200
2026-04-20,17055.150390625,17117.0,16893.150390625,16981.80078125,750800
2026-04-21,17009.849609375,17128.650390625,17002.099609375,17061.25,386500
2026-04-22,17020.25,17113.44921875,16989.849609375,17057.19921875,439500
2026-04-23,16995.69921875,17034.75,16907.44921875,16936.05078125,405200
2026-04-24,16961.94921875,16995.30078125,16670.05078125,16741.75,364700
2026-04-27,16812.80078125,17032.25,16796.55078125,16996.19921875,515200
2026-04-28,17017.25,17093.55078125,16981.599609375,17039.849609375,435600
2026-04-29,17139.650390625,17209.94921875,17001.650390625,17029.30078125,490300
2026-04-30,16959.55078125,16962.349609375,16741.900390625,16882.5,370700
2026-05-04,17002.5,17098.650390625,16876.44921875,16984.900390625,446000
2026-05-05,16984.400390625,17029.30078125,16887.150390625,16997.599609375,410100
2026-05-06,17201.849609375,17395.150390625,17168.0,17372.94921875,726500
2026-05-07,17470.75,17644.099609375,17420.55078125,17617.55078125,601100
2026-05-08,17636.55078125,17686.30078125,17555.44921875,17628.19921875,473500
2026-05-11,17543.69921875,17609.30078125,17391.55078125,17481.05078125,473000
2026-05-12,17468.25,17494.900390625,17036.30078125,17055.5,469700
2026-05-13,17082.25,17293.849609375,17002.80078125,17156.900390625,439300
2026-05-14,17257.30078125,17389.099609375,17093.150390625,17357.5,433800
2026-05-15,17404.900390625,17432.69921875,17248.900390625,17273.150390625,380100
2026-05-18,17163.900390625,17284.400390625,16981.55078125,17261.349609375,365900
2026-05-19,17318.69921875,17549.30078125,17318.55078125,17413.75,287900
2026-05-20,17296.19921875,17521.19921875,17248.900390625,17499.80078125,326100
2026-05-21,17620.44921875,17660.0,17413.55078125,17454.099609375,346300
2026-05-22,17513.19921875,17516.099609375,17393.0,17478.25,326200
2026-05-25,17637.849609375,17672.30078125,17588.400390625,17650.599609375,391300
2026-05-26,17673.900390625,17764.75,17633.75,17741.150390625,474100
2026-05-27,17762.599609375,17843.0,17709.30078125,17754.94921875,499900
2026-05-29,17850.0,17859.099609375,17448.69921875,17490.55078125,1446500
2026-06-01,17556.55078125,17583.80078125,17253.05078125,17279.19921875,539300
2026-06-02,17162.94921875,17318.69921875,17088.19921875,17287.30078125,782200
2026-06-03,17274.099609375,17280.150390625,16975.099609375,17190.5,610000
2026-06-04,17140.0,17362.55078125,17080.650390625,17264.650390625,515300
2026-06-05,17323.5,17382.05078125,17129.0,17198.900390625,485800
2026-06-08,16973.05078125,17208.400390625,16936.55078125,17039.150390625,432200
2026-06-09,17139.5,17274.80078125,17123.25,17248.099609375,401500
2026-06-10,17264.69921875,17287.099609375,16966.55078125,17005.19921875,372900
2026-06-11,16927.650390625,16983.55078125,16832.900390625,16865.5,317400
2026-06-12,17083.849609375,17281.75,16985.30078125,17265.900390625,423400
2026-06-15,17541.150390625,17591.69921875,17471.30078125,17501.900390625,527500
2026-06-16,17570.75,17615.94921875,17483.69921875,17607.150390625,734500
2026-06-17,17656.25,17695.599609375,17565.849609375,17659.650390625,749400
2026-06-18,17693.25,17730.44921875,17650.5,17716.849609375,556500
2026-06-19,17618.150390625,17755.69921875,17579.55078125,17735.30078125,487100
2026-06-22,17814.099609375,17843.849609375,17759.94921875,17800.44921875,429400
2026-06-23,17818.05078125,17853.80078125,17611.900390625,17639.80078125,380000
2026-06-24,17637.25,17749.900390625,17552.150390625,17690.30078125,464600
2026-06-25,17767.349609375,17800.75,17568.099609375,17587.849609375,406800
2026-06-29,17573.80078125,17635.75,17437.150390625,17521.0,821300
2026-06-30,17568.19921875,17669.0,17475.55078125,17594.900390625,565400
2026-07-01,17643.55078125,17730.80078125,17636.19921875,17716.099609375,362400
2026-07-02,17786.25,17847.849609375,17761.5,17806.0,307000
2026-07-03,17905.0,17905.0,17767.55078125,17783.25,406500
2026-07-06,17819.94921875,17871.25,17765.150390625,17863.55078125,320900
2026-07-07,17904.69921875,17909.44921875,17763.0,17864.05078125,361000
2026-07-08,17775.75,17861.5,17506.150390625,17604.44921875,426500
2026-07-09,17651.94921875,17892.400390625,17648.150390625,17844.5,298900
2026-07-10,17977.80078125,18069.19921875,17954.25,18059.5,257400
2026-07-13,17953.849609375,18106.849609375,17910.599609375,18089.55078125,279100
2026-07-14,18019.599609375,18066.900390625,17944.94921875,17988.150390625,280800
2026-07-15,18034.94921875,18114.44921875,17992.69921875,18036.75,250900
2026-07-16,18078.80078125,18096.650390625,17939.80078125,17985.099609375,338300
2026-07-17,18014.650390625,18018.150390625,17842.099609375,17930.849609375,433600
2026-07-20,17902.0,18068.349609375,17867.5,18040.150390625,374600
2026-07-21,18052.599609375,18108.44921875,18024.650390625,18091.19921875,305100
2026-07-22,18073.69921875,18073.80078125,17855.650390625,17884.150390625,366700
2026-07-23,17823.599609375,17862.94921875,17647.69921875,17690.5,285800
2026-07-24,17581.30078125,17732.349609375,17478.30078125,17709.44921875,261700
2026-07-27,17857.5,17947.30078125,17856.94921875,17935.25,413700
2026-07-28,17954.30078125,18047.400390625,17936.5,17973.900390625,526700
2026-07-29,18065.75,18120.19921875,18036.25,18087.69921875,497200
2026-07-30,18062.05078125,18091.150390625,17959.19921875,18028.650390625,358600
2026-07-31,18061.099609375,18143.099609375,17976.099609375,18105.849609375,313200
2026-08-03,18188.75,18301.849609375,18140.599609375,18301.849609375,294100
2026-08-04,18306.55078125,18306.55078125,18127.900390625,18215.849609375,260000
2026-08-05,18323.80078125,18324.44921875,18179.349609375,18218.44921875,330300
2026-08-06,18256.900390625,18258.650390625,18115.900390625,18125.25,260400
2026-08-07,18100.849609375,18225.599609375,18083.44921875,18172.599609375,220100
2026-08-10,18208.94921875,18336.75,18155.75,18298.900390625,274700
2026-08-11,18319.94921875,18327.05078125,18219.150390625,18312.349609375,241300
2026-08-12,18333.25,18355.94921875,18197.0,18355.94921875,275900
2026-08-13,18347.900390625,18396.349609375,18288.69921875,18396.349609375,225700
2026-08-14,18399.55078125,18403.5,18260.650390625,18260.650390625,217600
2026-08-17,18231.55078125,18323.94921875,18185.400390625,18279.0,307900
2026-08-18,18257.5,18273.05078125,18188.05078125,18216.80078125,243300
2026-08-19,18236.80078125,18242.650390625,18148.849609375,18220.69921875,236600
2026-08-20,18319.44921875,18385.849609375,18283.69921875,18300.650390625,201600
2026-08-21,18307.25,18320.25,18226.0,18320.25,193700
2026-08-24,18334.650390625,18358.80078125,18283.69921875,18331.75,200000
2026-08-25,18330.55078125,18412.25,18265.150390625,18412.25,273500
2026-08-26,18446.099609375,18500.94921875,18380.599609375,18380.599609375,234100
2026-08-27,18414.900390625,18452.0,18348.44921875,18361.75,205600
2026-08-28,18377.650390625,18449.25,18360.349609375,18405.80078125,221600
2026-08-31,18380.900390625,18491.44921875,18207.75,18491.44921875,453600
2026-09-01,18416.900390625,18418.05078125,18174.25,18248.80078125,254100
2026-09-02,18136.69921875,18138.30078125,17966.55078125,18120.19921875,256400
2026-09-03,18165.19921875,18181.30078125,18066.349609375,18170.25,305500
2026-09-04,18185.69921875,18226.19921875,18114.650390625,18127.75,386900
2026-09-07,18126.44921875,18159.69921875,18004.650390625,18051.599609375,195300
2026-09-08,18037.94921875,18109.55078125,17984.900390625,18093.0,198400
2026-09-09,17980.5,18046.80078125,17949.900390625,17994.099609375,263300
2026-09-10,17976.30078125,17987.349609375,17878.25,17928.69921875,215600
2026-09-11,17827.69921875,17955.5,17655.150390625,17929.75,451000
